Unnamed: 0,Employed total ;  Persons ;,Employed total ;  Persons ;.1,Employed total ;  Persons ;.2,Employed total ;  > Males ;,Employed total ;  > Males ;.1,Employed total ;  > Males ;.2,Employed total ;  > Females ;,Employed total ;  > Females ;.1,Employed total ;  > Females ;.2,> Employed full-time ;  Persons ;,> Employed full-time ;  Persons ;.1,> Employed full-time ;  Persons ;.2,> Employed full-time ;  > Males ;,> Employed full-time ;  > Males ;.1,> Employed full-time ;  > Males ;.2,> Employed full-time ;  > Females ;,> Employed full-time ;  > Females ;.1,> Employed full-time ;  > Females ;.2,> Employed part-time ;  Persons ;,> Employed part-time ;  Persons ;.1,> Employed part-time ;  Persons ;.2,> Employed part-time ;  > Males ;,> Employed part-time ;  > Males ;.1,> Employed part-time ;  > Males ;.2,> Employed part-time ;  > Females ;,> Employed part-time ;  > Females ;.1,> Employed part-time ;  > Females ;.2,Employment to population ratio ;  Persons ;,Employment to population ratio ;  Persons ;.1,Employment to population ratio ;  Persons ;.2,Employment to population ratio ;  > Males ;,Employment to population ratio ;  > Males ;.1,Employment to population ratio ;  > Males ;.2,Employment to population ratio ;  > Females ;,Employment to population ratio ;  > Females ;.1,Employment to population ratio ;  > Females ;.2,Unemployed total ;  Persons ;,Unemployed total ;  Persons ;.1,Unemployed total ;  Persons ;.2,Unemployed total ;  > Males ;,Unemployed total ;  > Males ;.1,Unemployed total ;  > Males ;.2,Unemployed total ;  > Females ;,Unemployed total ;  > Females ;.1,Unemployed total ;  > Females ;.2,> Unemployed looked for full-time work ;  Persons ;,> Unemployed looked for full-time work ;  Persons ;.1,> Unemployed looked for full-time work ;  Persons ;.2,> Unemployed looked for full-time work ;  > Males ;,> Unemployed looked for full-time work ;  > Males ;.1,> Unemployed looked for full-time work ;  > Males ;.2,> Unemployed looked for full-time work ;  > Females ;,> Unemployed looked for full-time work ;  > Females ;.1,> Unemployed looked for full-time work ;  > Females ;.2,> Unemployed looked for only part-time work ;  Persons ;,> Unemployed looked for only part-time work ;  Persons ;.1,> Unemployed looked for only part-time work ;  Persons ;.2,> Unemployed looked for only part-time work ;  > Males ;,> Unemployed looked for only part-time work ;  > Males ;.1,> Unemployed looked for only part-time work ;  > Males ;.2,> Unemployed looked for only part-time work ;  > Females ;,> Unemployed looked for only part-time work ;  > Females ;.1,> Unemployed looked for only part-time work ;  > Females ;.2,Unemployment rate ;  Persons ;,Unemployment rate ;  Persons ;.1,Unemployment rate ;  Persons ;.2,Unemployment rate ;  > Males ;,Unemployment rate ;  > Males ;.1,Unemployment rate ;  > Males ;.2,Unemployment rate ;  > Females ;,Unemployment rate ;  > Females ;.1,Unemployment rate ;  > Females ;.2,> Unemployment rate looked for full-time work ;  Persons ;,> Unemployment rate looked for full-time work ;  Persons ;.1,> Unemployment rate looked for full-time work ;  Persons ;.2,> Unemployment rate looked for full-time work ;  > Males ;,> Unemployment rate looked for full-time work ;  > Males ;.1,> Unemployment rate looked for full-time work ;  > Males ;.2,> Unemployment rate looked for full-time work ;  > Females ;,> Unemployment rate looked for full-time work ;  > Females ;.1,> Unemployment rate looked for full-time work ;  > Females ;.2,> Unemployment rate looked for only part-time work ;  Persons ;,> Unemployment rate looked for only part-time work ;  Persons ;.1,> Unemployment rate looked for only part-time work ;  Persons ;.2,> Unemployment rate looked for only part-time work ;  > Males ;,> Unemployment rate looked for only part-time work ;  > Males ;.1,> Unemployment rate looked for only part-time work ;  > Males ;.2,> Unemployment rate looked for only part-time work ;  > Females ;,> Unemployment rate looked for only part-time work ;  > Females ;.1,> Unemployment rate looked for only part-time work ;  > Females ;.2,Labour force total ;  Persons ;,Labour force total ;  Persons ;.1,Labour force total ;  Persons ;.2,Labour force total ;  > Males ;,Labour force total ;  > Males ;.1,Labour force total ;  > Males ;.2,Labour force total ;  > Females ;,Labour force total ;  > Females ;.1,Labour force total ;  > Females ;.2,Participation rate ;  Persons ;,Participation rate ;  Persons ;.1,Participation rate ;  Persons ;.2,Participation rate ;  > Males ;,Participation rate ;  > Males ;.1,Participation rate ;  > Males ;.2,Participation rate ;  > Females ;,Participation rate ;  > Females ;.1,Participation rate ;  > Females ;.2,Not in the labour force (NILF) ;  Persons ;,Not in the labour force (NILF) ;  > Males ;,Not in the labour force (NILF) ;  > Females ;,Civilian population aged 15 years and over ;  Persons ;,Civilian population aged 15 years and over ;  > Males ;,Civilian population aged 15 years and over ;  > Females ;
1978-02-01,6008.247494,5997.70862,5985.6597158,3889.4957247,3881.2087533,3887.3879822,2118.7517693,2116.4998667,2098.2717336,5103.4330668,5079.6011104,5099.920902,3698.8536563,3680.0082284,3698.6077314,1404.5794105,1399.592882,1401.3131706,904.8144272,918.1075095,885.7388138,190.6420684,201.2005249,188.7802508,714.1723588,716.9069847,696.958563,57.2684022,57.1791396,57.0642714,75.1546796,75.0194696,75.1389073,39.8521708,39.8158045,39.472895,404.2236633,426.884426,482.8168132,220.1539354,231.3629077,256.4224198,184.0697278,195.5215184,226.3943934,336.2851031,354.7658873,401.0256138,203.0714781,211.9921912,237.0554411,133.213625,142.7736961,163.9701727,67.9385602,72.1185388,81.7911994,17.0824573,19.3707165,19.3669787,50.8561029,52.7478223,62.4242207,6.3037112,6.6445364,7.4641503,5.3570001,5.6257477,6.1880828,7.9932261,8.4567349,9.7387918,6.1820317,6.5281916,7.2901202,5.204392,5.4468697,6.0232655,8.6626498,9.2567939,10.4754308,6.9841533,7.2830379,8.4536085,8.2236112,8.782068,9.3044614,6.6476093,6.8534389,8.2203892,6412.4711572,6424.593046,6468.476529,4109.6496601,4112.5716609,4143.810402,2302.8214971,2312.0213851,2324.666127,61.1213133,61.2488411,61.6672042,79.4085983,79.4914586,80.0952688,43.3143877,43.4939746,43.7318487,4020.8534365,1029.7915622,2991.0618743,10489.3299655,5173.6019642,5315.7280013
1978-03-01,6015.1598377,6003.2299517,6040.560795,3887.5663612,3884.7941063,3900.648274,2127.5934765,2118.4358454,2139.912522,5105.2088216,5095.412502,5118.051614,3694.7685354,3691.4487078,3705.315922,1410.4402863,1403.9637942,1412.735692,909.9510161,907.8174497,922.5091813,192.7978258,193.3453985,195.3323517,717.1531902,714.4720511,727.1768296,57.2615495,57.1266066,57.4818461,75.0300688,74.9548304,75.2607273,39.9649281,39.7769016,40.1801594,403.9219947,403.8183752,424.8499786,220.2655136,217.610037,219.8097414,183.6564811,186.2083382,205.0402372,337.5682324,338.6872621,349.8380238,204.1265311,201.5182405,202.295506,133.4417013,137.1690215,147.5425178,66.3537623,65.1311131,75.0119548,16.1389825,16.0917965,17.5142354,50.2147798,49.0393166,57.4977194,6.2925198,6.3027209,6.5711212,5.3620869,5.3044515,5.3345949,7.9461973,8.0797001,8.7438963,6.2021323,6.2326287,6.3980447,5.2354969,5.1764693,5.1769607,8.6432579,8.9005321,9.4561673,6.7964189,6.694199,7.5198361,7.7243367,7.6833518,8.2285723,6.543768,6.4228666,7.3275882,6419.0818324,6407.0483269,6465.410774,4107.8318748,4102.4041433,4120.458015,2311.2499576,2304.6441836,2344.952759,61.1067008,60.9693335,61.5247093,79.2811954,79.1534889,79.5018278,43.4147498,43.2732505,44.0301062,4043.230138,1062.388885,2980.841254,10508.64091,5182.8469,5325.794013
1978-04-01,6021.5845953,6030.863781,6054.2138586,3885.4943516,3888.6234558,3899.119729,2136.0902437,2142.2403252,2155.0941296,5106.8818461,5119.6462566,5128.3115214,3690.7036973,3696.8558462,3703.6984542,1416.1781487,1422.7904105,1424.6130672,914.7027492,911.2175244,925.9023372,194.7906542,191.7676096,195.4212748,719.912095,719.4499147,730.4810624,57.2500168,57.3348718,57.5568588,74.9032241,74.9615027,75.1638407,40.070554,40.1832888,40.4243953,403.3128754,403.2518304,403.3767611,220.3301132,220.3663509,211.9126452,182.9827622,182.8854795,191.4641159,338.5796001,338.6422791,334.8404497,205.1705221,205.3360763,197.2298473,133.409078,133.3062028,137.6106024,64.7332754,64.6095514,68.5363114,15.1595911,15.0302747,14.6827979,49.5736842,49.5792767,53.8535135,6.2773434,6.2674011,6.2465521,5.3662819,5.3630299,5.1547306,7.8903407,7.8656165,8.1593592,6.2176475,6.2041843,6.1290708,5.2663539,5.2620701,5.0559721,8.60933,8.5667048,8.8086364,6.6092398,6.6210042,6.8919598,7.2205637,7.2680989,6.9883452,6.4424432,6.4469954,6.8661404,6424.8974707,6434.1156114,6457.5906197,4105.8244648,4108.9898067,4111.0323742,2319.0730059,2325.1258047,2346.5582455,61.0845007,61.1685501,61.3917249,79.1506723,79.2095337,79.2489085,43.5030966,43.6137816,44.0158028,4061.0755873,1076.4616259,2984.6139614,10518.666207,5187.4940001,5331.1722069
1978-05-01,6027.2710414,6033.2229361,6038.2647505,3883.0586297,3885.8538432,3888.6004915,2144.2124117,2147.3690928,2149.664259,5107.304996,5118.8898295,5117.4811954,3685.9745076,3692.3068581,3692.2404844,1421.3304884,1426.5829713,1425.240711,919.9660453,914.3331066,920.7835551,197.084122,193.5469851,196.3600071,722.8819233,720.7861215,724.423548,57.232153,57.2919153,57.3397927,74.7708779,74.8256912,74.8785804,40.1690991,40.2320212,40.2750223,403.0419326,399.427792,398.4080771,220.7605377,215.2076996,210.6596809,182.2813948,184.2200924,187.7483962,339.822685,337.242158,334.1609257,206.4589366,201.4957133,196.4236462,133.3637484,135.7464447,137.7372795,63.2192475,62.185634,64.2471514,14.3016012,13.7119863,14.2360347,48.9176464,48.4736478,50.0111167,6.2678432,6.209381,6.1896587,5.3793924,5.2476096,5.1389683,7.835026,7.9010528,8.0323171,6.2385665,6.1809751,6.1295463,5.3041096,5.1747799,5.0511857,8.5781336,8.688721,8.81249,6.4300441,6.3680943,6.5223501,6.7656419,6.615871,6.7598776,6.3381282,6.3013366,6.457758,6430.3129739,6432.6507281,6436.6728276,4103.8191674,4101.0615428,4099.2601724,2326.4938065,2331.5891853,2337.4126552,61.0592511,61.0849101,61.1231042,79.021769,78.9697134,78.9350264,43.5839098,43.6834757,43.7925813,4093.9978713,1093.9479125,3000.0499588,10530.6706989,5193.2080849,5337.462614
1978-06-01,6031.3392455,6033.9472641,6031.3422994,3879.884932,3882.8177959,3883.5501257,2151.4543134,2151.1294682,2147.7921737,5106.3199484,5104.2636341,5092.5752651,3680.5128706,3680.5142113,3677.740202,1425.8070778,1423.7494228,1414.8350631,925.0192971,929.68363,938.7670343,199.3720614,202.3035846,205.8099237,725.6472357,727.3800454,732.9571106,57.1996719,57.2297564,57.2050492,74.6256911,74.6970234,74.7111119,40.2510048,40.2434946,40.1810602,403.0698183,405.9687532,393.4903275,221.5331399,225.6009755,216.7385614,181.5366784,180.3677778,176.7517661,341.0635233,344.1874985,331.1521423,207.8128867,212.9988587,205.5089635,133.2506366,131.1886397,125.6431788,62.006295,61.7812548,62.3381852,13.7202532,12.6021167,11.2295979,48.2860418,49.1791381,51.1085873,6.2642865,6.3039448,6.1245226,5.4013791,5.4911874,5.2859342,7.781285,7.7361351,7.603718,6.2610522,6.3171623,6.1056192,5.3445339,5.4706085,5.292191,8.54687,8.4369045,8.1561151,6.2821365,6.2313104,6.2269364,6.4386429,5.8640216,5.1739876,6.2390445,6.3329543,6.5184062,6434.4090638,6439.9160173,6424.8326269,4101.4180719,4108.4187714,4100.2886871,2332.9909918,2331.4972459,2324.5439398,61.0222825,61.0802197,60.9371593,78.8866586,79.0370987,78.8806934,43.6473278,43.6178288,43.4877458,4118.5413943,1097.8003638,3020.7410305,10543.3740212,5198.0890509,5345.2849703
1978-07-01,6032.8947259,6030.5503784,6036.0839263,3876.3368301,3873.0419604,3869.8998106,2156.5578958,2157.508418,2166.1841157,5104.1961366,5096.6599289,5092.762944,3675.2171756,3668.4516187,3668.9611914,1428.978961,1428.2083102,1423.8017526,928.6985893,933.8904495,943.3209823,201.1196546,204.5903417,200.9386192,727.5789348,729.3001078,742.3823631,57.1436658,57.1326213,57.1850454,74.4736071,74.4257845,74.3654038,40.2924942,40.3162893,40.4784078,403.4206913,400.0943048,380.5317353,222.7529177,221.0006037,212.3703964,180.6677737,179.0937012,168.1613389,342.0937227,343.5788548,327.1449488,209.1815541,211.5939726,203.545987,132.9121685,131.9848821,123.5989618,61.3269687,56.5154501,53.3867865,13.5713635,9.406631,8.8244094,47.7556051,47.1088191,44.5623771,6.2678826,6.2216827,5.9304118,5.4342045,5.3981022,5.2022621,7.7300098,7.6647068,7.2037898,6.281225,6.3155106,6.0359872,5.385172,5.4533888,5.256181,8.5096948,8.4595217,7.9875213,6.1944834,5.7062917,5.3563129,6.3213467,4.3956842,4.2068469,6.1593548,6.0675267,5.6627073,6436.3154172,6430.6446833,6416.6156616,4099.0897478,4094.0425641,4082.270207,2337.2256694,2336.6021192,2334.3454546,60.9648724,60.9230609,60.7901518,78.753218,78.6726125,78.4463906,43.6680378,43.6629245,43.6207553,4138.7382431,1121.6278624,3017.1103807,10555.3539047,5203.8980694,5351.4558353
1978-08-01,6032.7433021,6036.359888,6005.3614529,3873.7523724,3872.5460323,3850.9218271,2158.9909297,2163.8138557,2154.4396258,5102.0868114,5098.2154443,5045.3356214,3671.7742699,3668.420669,3642.4496752,1430.3125416,1429.7947753,1402.8859462,930.6564907,938.1444437,960.0258315,201.9781025,204.1253633,208.4721519,728.6783881,734.0190804,751.5536796,57.070578,57.1059016,56.8126465,74.338393,74.3175298,73.9025425,40.2830073,40.3722606,40.197357,403.9831139,418.9521844,398.2900137,224.2246775,231.2770324,222.2031376,179.7584364,187.675152,176.0868761,342.7023779,348.8914063,334.3577565,210.3177968,216.1402741,207.902587,132.3845811,132.7511321,126.4551695,61.2807359,70.0607781,63.9322572,13.9068806,15.1367583,14.3005506,47.3738553,54.9240199,49.6317066,6.27622,6.4900377,6.2197328,5.4715943,5.6356482,5.4553479,7.6860924,7.9811197,7.5556693,6.2941349,6.4050773,6.2151824,5.4176406,5.564085,5.3995732,8.4715444,8.4958228,8.2686046,6.1778845,6.9490592,6.24364,6.4418008,6.9034989,6.419346,6.1044673,6.9617213,6.1947843,6436.726416,6455.3120724,6403.6514666,4097.9770498,4103.8230647,4073.1249647,2338.7493661,2351.4890077,2330.5265019,60.8923136,61.0693237,60.5805978,78.6413274,78.7559374,78.1668141,43.6369864,43.8738881,43.4827714,4166.8144879,1137.6860548,3029.1284331,10570.4659545,5210.8110195,5359.654935
1978-09-01,6032.9735755,6030.9987502,6024.3134515,3873.4663914,3870.3172697,3860.3738359,2159.5071841,2160.6814805,2163.9396156,5101.9015665,5107.1832018,5097.0324451,3671.726275,3672.3659556,3660.2544313,1430.1752916,1434.8172462,1436.7780138,931.072009,923.8155484,927.2810064,201.7401165,197.9513142,200.1194046,729.3318925,725.8642342,727.1616018,56.9991706,56.9666211,56.9034742,74.2440096,74.1607861,73.9702558,40.2364071,40.2505448,40.3112394,404.6051572,402.3878847,387.3267831,225.3786009,224.4222448,219.2948211,179.2265564,177.9656399,168.031962,342.8414251,340.42279,326.8975925,210.9253242,210.1863393,205.66474,131.9161008,130.2364507,121.2328525,61.7637322,61.9650947,60.4291906,14.4532767,14.2359055,13.6300811,47.3104555,47.7291893,46.7991095,6.2850518,6.2546821,6.0409937,5.498588,5.4807453,5.3753096,7.6634015,7.6097688,7.205575,6.2967421,6.2490347,6.0269508,5.4325071,5.4136126,5.3199441,8.4448389,8.3215324,7.7812585,6.2209417,6.2858908,6.1181094,6.6853461,6.7091248,6.3766615,6.0916657,6.1698029,6.0467035,6437.5787328,6433.3866349,6411.6402346,4098.8449923,4094.7395145,4079.668657,2338.7337404,2338.6471204,2331.9715776,60.8218558,60.7674308,60.5620222,78.5639157,78.4610357,78.1722566,43.5757952,43.5658015,43.4414453,4175.2589569,1139.1504412,3036.1085157,10586.8991915,5218.8190982,5368.0800933
1978-10-01,6035.3099443,6035.9205362,6045.8551024,3875.8564067,3875.7589424,3874.2229955,2159.4535376,2160.1615938,2171.6321069,5104.7604682,5107.8863762,5097.3952618,3675.1505348,3674.2676733,3668.3637664,1429.6099334,1433.6187029,1429.0314954,930.549476,928.03416,948.4598406,200.7058719,201.4912691,205.8592291,729.8436042,726.5428909,742.6006115,56.944579,56.9518286,57.045566,74.1960617,74.1905095,74.1611081,40.1774945,40.1948257,40.4082613,404.9919446,396.4391267,370.3716232,225.7529514,222.2949904,209.1663856,179.2389932,174.1441362,161.2052376,342.6412837,336.6683741,307.9630716,210.8955433,207.9730238,195.042028,131.7457404,128.6953503,112.9210436,62.3506609,59.7707526,62.4085516,14.8574081,14.3219667,14.1243576,47.4932528,45.4487859,48.284194,6.2884,6.163199,5.7724211,5.5040091,5.4244037,5.1223718,7.6640683,7.4602111,6.9102648,6.2899947,6.1835795,5.6973664,5.4269954,5.3570358,5.0484479,8.437907,8.2374827,7.3232503,6.2796508,6.0508661,6.1737564,6.892365,6.6362782,6.4206416,6.109739,5.8872119,6.1050856,6440.3018888,6432.3596628,6416.2267256,4101.609358,4098.0539329,4083.3893811,2338.6925308,2334.30573,2332.8373445,60.7657739,60.6924235,60.5402014,78.517682,78.4457222,78.1650106,43.5123075,43.435182,43.4078593,4182.0642918,1140.6735996,3041.3906922,10598.2910174,5224.0629807,5374.2280367
1978-11-01,6039.9955452,6028.2701475,6033.7974422,3880.569844,3877.8144369,3863.476373,2159.4257013,2150.4557106,2170.3210692,5109.905499,5103.8235452,5079.2057021,3681.2162539,3680.6747157,3662.4035339,1428.6892451,1423.1488296,1416.8021682,930.0900462,924.4466022,954.5917401,199.3535901,197.1397212,201.0728391,730.7364562,727.306881,753.518901,56.9087134,56.8011962,56.853277,74.1876369,74.1401319,73.8660017,40.1173328,39.952411,40.3214812,405.5971797,407.4550947,372.7822643,225.4201351,225.4443248,207.5462261,180.1770446,182.0107699,165.2360382,342.5127556,339.4527769,311.3026344,210.3256857,206.6708668,192.0392637,132.1870698,132.7819101,119.2633707,63.0844242,68.0023178,61.4796299,15.0944494,18.773458,15.5069624,47.9899748,49.2288598,45.9726675,6.2926281,6.331145,5.8187408,5.4900313,5.4942751,5.098135,7.7011811,7.8033606,7.0748019,6.2818504,6.2361849,5.7750144,5.4046876,5.3165036,4.9822834,8.4687729,8.5339216,7.7642111,6.3517968,6.8519716,6.0507196,7.0387444,8.6949107,7.1599301,6.1626231,6.3395485,5.7502379,6445.592725,6435.7252422,6406.5797065,4105.9899791,4103.2587617,4071.0225991,2339.6027459,2332.4664805,2335.5571074,60.7302416,60.6404298,60.3658068,78.4971553,78.4504134,77.8340886,43.464622,43.3339125,43.3913319,4206.3484455,1159.3625338,3046.9859117,10612.928152,5230.3851329,5382.5430191
1978-12-01,6045.3156347,6053.3569953,6125.3604376,3886.4153778,3891.3056982,3936.0245076,2158.9002569,2162.0512971,2189.33593,5114.7347253,5112.8742138,5178.9942273,3688.094721,3689.3191833,3731.5886802,1426.6400043,1423.5550305,1447.4055471,930.5809094,940.4827815,946.3662103,198.3206569,201.9865149,204.4358274,732.2602526,738.4962666,741.9303829,56.8758527,56.9511231,57.628545,74.1963058,74.2924819,75.1462497,40.0463989,40.1031926,40.6092864,406.3369129,414.2711518,444.6140912,224.4133443,224.4037541,242.9163832,181.9235686,189.8673977,201.697708,342.6476542,350.4113488,376.3655133,209.2920967,208.402922,220.9667888,133.3555575,142.0084268,155.3987245,63.6892587,63.859803,68.2485779,15.1212476,16.0008321,21.9495944,48.5680111,47.8589709,46.2989835,6.2981834,6.4053026,6.767364,5.4590779,5.4523711,5.8128696,7.7717753,8.0728725,8.4355864,6.2786081,6.4139307,6.774818,5.3700622,5.3467876,5.5904791,8.5484575,9.0707551,9.6954274,6.405629,6.3583685,6.7265507,7.0844793,7.3402573,9.6956748,6.2200632,6.0861769,5.8737958,6451.6525476,6467.6281471,6569.9745288,4110.8287221,4115.7094523,4178.9408908,2340.8238255,2351.9186948,2391.033638,60.6987728,60.8486641,61.8115581,78.4806243,78.5767796,79.7839889,43.4209799,43.6249817,44.3505122,4059.0643212,1058.8780599,3000.1862613,10629.03885,5237.8189507,5391.2198993
1979-01-01,6050.6542605,6053.0005711,5971.3288253,3892.5442689,3891.9881473,3884.1169328,2158.1099916,2161.0124237,2087.2118925,5118.3742344,5122.4190524,5141.7025195,3694.6719431,3695.5683415,3701.1296142,1423.7022913,1426.8507108,1440.5729053,932.2800261,930.5815187,829.6263058,197.8723258,196.4198058,182.9873186,734.4077003,734.1617129,646.6389872,56.8409526,56.8689362,56.1016168,74.2069031,74.2049792,74.054906,39.9694825,40.0272131,38.6602475,406.9963163,411.8149665,449.9030488,223.059093,223.4408003,251.4086818,183.9372233,188.3741662,198.494367,343.0027498,347.5809818,394.2565631,208.0712656,208.7299039,236.3898293,134.9314842,138.8510779,157.8667338,63.9935664,64.2339847,55.6464857,14.9878273,14.7108964,15.0188525,49.0057391,49.5230883,40.6276332,6.3025447,6.3700962,7.0064912,5.4198394,5.4293441,6.0792437,7.8536941,8.0180149,8.6841591,6.2805177,6.3543141,7.1217391,5.3314106,5.3461567,6.0035216,8.6570358,8.8682966,9.8763025,6.4232924,6.4568741,6.285801,7.0411616,6.9676727,7.5850426,6.2554121,6.319261,5.9114806,6457.6505768,6464.8155376,6421.2318741,4115.6033619,4115.4289476,4135.5256146,2342.0472149,2349.3865899,2285.7062595,60.6643504,60.7380056,60.3285299,78.4592695,78.4651206,78.8482854,43.3761094,43.5163614,42.3368466,4222.5412828,1109.3894682,3113.1518146,10643.7731569,5244.9150828,5398.8580741
1979-02-01,6055.8592525,6063.6479858,6050.6934726,3898.3995363,3900.9418095,3907.789697,2157.4597163,2162.7061763,2142.9037756,5121.0896231,5129.5876621,5149.3405717,3700.5329808,3704.3601157,3723.3633127,1420.5566423,1425.2275464,1425.977259,934.7696294,934.0603237,901.3529009,197.8665555,196.5816938,184.4263843,736.9030739,737.4786299,716.9265166,56.8039733,56.8784746,56.7569582,74.2102593,74.2597205,74.3900793,39.8951565,39.9938132,39.6276175,407.5399578,404.7321608,458.0850562,221.6331438,219.2212908,243.2240516,185.906814,185.51087,214.8610046,343.526654,340.7035948,384.9383577,206.8467042,206.5574198,230.6059274,136.6799497,134.1461751,154.3324303,64.0133038,64.0285659,73.1466985,14.7864396,12.663871,12.6181242,49.2268643,51.3646949,60.5285743,6.3053502,6.2570868,7.0379573,5.3794026,5.3206945,5.8593892,7.9333221,7.9000734,9.1129109,6.286382,6.2282533,6.9555287,5.2937447,5.2815591,5.8322641,8.7770831,8.6025674,9.7659611,6.4091307,6.4151166,7.5060778,6.9533183,6.0521574,6.4036924,6.2619246,6.5113937,7.7854753,6463.3992103,6468.3801466,6508.7785288,4120.0326801,4120.1631002,4151.0137486,2343.3665303,2348.2170463,2357.7647802,60.626699,60.6749595,61.053906,78.4292863,78.4328952,79.0201791,43.3328946,43.4243703,43.6009316,4151.9292823,1102.0922226,3049.8370597,10660.7078111,5253.1059712,5407.6018399
1979-03-01,6061.5806215,6055.9184623,6096.1752153,3904.3186629,3902.6937554,3919.2449757,2157.2619586,2153.224707,2176.9302396,5124.0709846,5124.4773758,5148.1316976,3706.1981903,3704.6972445,3719.2781588,1417.8727943,1419.7801314,1428.8535388,937.5096369,931.4410865,948.0435177,198.1204727,197.9965109,199.9668169,739.3891643,733.4445756,748.0767008,56.7724595,56.704084,57.0810247,74.2145716,74.1619875,74.4765065,39.8303756,39.7459318,40.1835073,407.7787764,407.3822803,428.382213,220.2149095,221.955752,224.1812965,187.5638669,185.4265282,204.2009165,343.8629377,344.7605942,356.0560663,205.6921577,206.5993031,207.4216003,138.17078,138.1612911,148.634466,63.9158387,62.621686,72.3261467,14.5227518,15.3564489,16.7596962,49.3930869,47.2652371,55.5664505,6.3032327,6.3030067,6.56569,5.339147,5.3812027,5.4105294,7.9990533,7.9287807,8.5757946,6.2887179,6.3036313,6.4688212,5.2581269,5.2821181,5.2823392,8.8796215,8.8681955,9.4222248,6.3824858,6.2995706,7.0882298,6.829633,7.1976733,7.7331084,6.261942,6.0541364,6.9143189,6469.359398,6463.3007426,6524.5574283,4124.5335724,4124.6495074,4143.4262722,2344.8258255,2338.6512352,2381.1311561,60.5916951,60.5185738,61.0921456,78.400489,78.3797613,78.7365719,43.293441,43.1686819,43.95281,4155.3055274,1118.9647286,3036.3407988,10679.8629557,5262.3910008,5417.4719549
1979-04-01,6068.0586155,6064.7595874,6087.6537083,3910.6800645,3910.1732892,3920.4282316,2157.378551,2154.5862982,2167.2254767,5127.9782115,5121.3072635,5128.5430559,3711.9776063,3712.1550365,3718.0660212,1416.0006052,1409.1522269,1410.4770347,940.080404,943.4523239,959.1106524,198.7024582,198.0182527,202.3622104,741.3779458,745.4340712,756.748442,56.7501298,56.7220553,56.9361779,74.229123,74.2240053,74.4186675,39.7735035,39.7232353,39.9562587,407.3940787,421.5006918,420.5706013,218.6010435,228.855811,219.0635054,188.7930352,192.6448808,201.5070959,343.5513398,354.733382,349.6629608,204.3574394,213.259314,203.8478397,139.1939004,141.474068,145.8151211,63.8427388,66.7673098,70.9076405,14.2436041,15.596497,15.2156657,49.5991348,51.1708128,55.6919748,6.2913606,6.4983623,6.4621405,5.293925,5.5292148,5.2920387,8.0468554,8.2073245,8.5069585,6.2788903,6.4779173,6.3828005,5.2180786,5.4327848,5.1976623,8.9502567,9.1236727,9.3693925,6.3593253,6.6091875,6.8841147,6.6888319,7.3012266,6.9932044,6.2706159,6.4236127,6.8548996,6475.4526942,6486.2602792,6508.2243096,4129.281108,4139.0291003,4139.491737,2346.1715862,2347.2311789,2368.7325726,60.5601897,60.6642373,60.8696609,78.3784176,78.5682105,78.5769924,43.2540982,43.274951,43.6713635,4183.8416794,1128.5792479,3055.2624315,10692.065989,5268.0709849,5423.9950041
1979-05-01,6075.7568522,6070.3572578,6075.6109053,3917.5497193,3919.4576106,3922.2725815,2158.2071328,2150.8996472,2153.3383238,5133.0641068,5118.6511512,5116.8218821,3718.0506981,3711.9730365,3711.5767147,1415.0134087,1406.6781147,1405.2451674,942.6927454,951.7061066,958.7890232,199.4990212,207.4845741,210.6958668,743.1937242,744.2215325,748.0931564,56.7419477,56.6981169,56.7471868,74.256473,74.3049498,74.3583159,39.7319628,39.5995538,39.6444516,406.6913346,401.4910122,400.0632778,216.7717183,216.1895685,211.6543643,189.9196163,185.3014438,188.4089135,342.4836,341.5421304,337.9079754,202.5837294,203.5514775,198.5293616,139.8998706,137.9906528,139.3786138,64.2077346,59.9488819,62.1553024,14.1879889,12.6380909,13.1250027,50.0197457,47.3107909,49.0302997,6.2737306,6.203653,6.1779402,5.2432236,5.2274664,5.1199348,8.0881331,7.931742,8.0456554,6.2547825,6.2551289,6.1947701,5.167116,5.198575,5.0773395,8.997278,8.9333491,9.0234668,6.3767707,5.9258228,6.0880208,6.6396123,5.7413856,5.8640656,6.3059627,5.9771142,6.1509041,6482.4481868,6471.84827,6475.6741831,4134.3214377,4135.6471791,4133.9269458,2348.1267491,2336.2010909,2341.7472373,60.5400685,60.4481078,60.4838424,78.3653432,78.4034646,78.3708525,43.2283274,43.0110819,43.1131903,4230.7788536,1140.9001294,3089.8787242,10706.4530367,5274.8270752,5431.6259615
1979-06-01,6085.7859722,6099.4960371,6095.7340512,3924.8138405,3927.9177759,3928.0379577,2160.9721318,2171.5782612,2167.6960935,5140.2087512,5153.2326672,5140.9845119,3724.5408288,3727.9528524,3724.8303044,1415.6679224,1425.2798147,1416.1542075,945.577221,946.26337,954.7495393,200.2730116,199.9649235,203.2076533,745.3042094,746.2984465,751.541886,56.7576747,56.8751724,56.8400935,74.2943858,74.3330691,74.3353434,39.7273336,39.9176685,39.846307,405.7414394,406.7489973,393.0114144,214.4454467,216.6509441,207.2969959,191.2959927,190.0980531,185.7144185,340.4743355,340.854371,326.8001995,200.0230578,202.0231051,194.1416554,140.4512778,138.8312658,132.6585441,65.2671038,65.8946263,66.2112149,14.4223889,14.627839,13.1553405,50.8447149,51.2667873,53.0558744,6.2503231,6.2516704,6.0568166,5.1807686,5.2273459,5.0128224,8.1324059,8.0492848,7.8912887,6.212261,6.204022,5.97683,5.0966952,5.1405685,4.9538924,9.0257403,8.876049,8.5651764,6.4566919,6.5103103,6.4851871,6.717605,6.8165575,6.0802174,6.3863322,6.4279115,6.5940868,6491.5274116,6506.2450344,6488.7454656,4139.2592871,4144.56872,4135.3349536,2352.2681245,2361.6763144,2353.410512,60.5417283,60.6679315,60.5047556,78.3537102,78.4330351,78.2582926,43.244121,43.4120262,43.2600853,4235.6106635,1148.8781492,3086.7325143,10724.3561291,5284.2131028,5440.1430263
1979-07-01,6098.7521863,6097.5273739,6103.921742,3932.2270571,3930.2807026,3927.7699094,2166.5251292,2167.2466713,2176.1518326,5149.9561037,5148.5290588,5145.9073973,3731.2731272,3729.7786818,3731.0233523,1418.6829765,1418.750377,1414.884045,948.7960826,948.9983151,958.0143447,200.9539299,200.5020208,196.7465571,747.8421527,748.4962943,761.2677876,56.8015691,56.7930778,56.8526357,74.3370045,74.3007764,74.2533106,39.7738488,39.7900732,39.9535696,404.7335202,408.01954,387.09792,211.6570847,212.332768,203.6017799,193.0764355,195.686772,183.4961401,337.8324591,340.4483143,323.2152028,196.7605249,197.7838501,189.9967377,141.0719343,142.6644642,133.2184651,66.9010611,67.5712257,63.8827172,14.8965598,14.5489178,13.6050422,52.0045012,53.0223079,50.277675,6.2233322,6.2718715,5.9635919,5.1076979,5.1255752,4.9281884,8.1825863,8.2815186,7.7764201,6.1560764,6.2023997,5.9098182,5.0091354,5.0357912,4.8455946,9.0444937,9.1368713,8.6052741,6.5867135,6.6469851,6.2513848,6.9013324,6.7653357,6.4677627,6.5018089,6.6152311,6.1952999,6503.4857065,6505.5469139,6491.019662,4143.8841418,4142.6134706,4131.3716893,2359.6015647,2362.9334433,2359.6479727,60.5711105,60.5934191,60.4581106,78.3382876,78.3148636,78.1023411,43.3184156,43.3828303,43.32251,4245.3721885,1158.318264,3087.0539245,10736.3918505,5289.6899533,5446.7018972
1979-08-01,6114.0537043,6114.8447806,6078.5215923,3939.333728,3944.963024,3921.1050216,2174.7199764,2169.8817566,2157.4165707,5161.4038284,5166.9073188,5113.12722,3737.6709066,3743.8697382,3715.9268475,1423.7329218,1423.0375806,1397.2003725,952.6498759,947.9374618,965.3943723,201.6628214,201.0932858,205.1781741,750.9870546,746.844176,760.2161982,56.8663944,56.8787907,56.5409213,74.3742217,74.4858692,74.0354001,39.8672859,39.7822122,39.5536777,403.9087167,398.4847986,377.4968015,208.9352087,205.9161423,197.547901,194.973508,192.5686562,179.9489005,335.1054254,330.7145835,315.8252824,193.4563705,191.5157776,184.0071271,141.6490549,139.1988059,131.8181553,68.8032913,67.770215,61.6715191,15.4788382,14.4003648,13.5407739,53.3244531,53.3698503,48.1307452,6.1968556,6.1179892,5.8472077,5.0366843,4.9607838,4.7964202,8.2277944,8.1512253,7.6987918,6.0966954,6.0155935,5.8174258,4.9211424,4.8665061,4.7182113,9.0488492,8.9102268,8.621096,6.7358244,6.6722165,6.0046312,7.1284517,6.6825007,6.1909469,6.629826,6.669447,5.9542187,6517.962421,6513.3295792,6456.0183938,4148.2689367,4150.8791664,4118.6529226,2369.6934844,2362.4504128,2337.3654712,60.6231217,60.5853989,60.0523043,78.3188973,78.3738253,77.7653532,43.4415689,43.3127304,42.8528277,4294.640508,1177.604026,3117.036482,10750.6589018,5296.2569486,5454.4019532
1979-09-01,6131.3157967,6117.0549601,6157.7891488,3945.9588577,3943.0450106,3957.1031067,2185.356939,2174.0099495,2200.6860421,5173.5210275,5161.9118121,5185.6337359,3743.0525125,3737.9804574,3749.9435411,1430.4685151,1423.9313547,1435.6901948,957.7947692,955.1431481,972.1554129,202.9063453,205.0645533,207.1595656,754.8884239,750.0785948,764.9958473,56.9476294,56.8134262,57.1917535,74.4017399,74.3419068,74.6069572,40.0032268,39.7952773,40.2835835,403.3337979,406.5634916,400.4312018,206.9366292,207.4021205,202.8435919,196.3971687,199.1613711,197.5876099,332.9702565,337.1146547,326.0417376,190.8903463,190.3780613,185.799468,142.0799102,146.7365933,140.2422696,70.3635414,69.4488369,74.3894642,16.0462829,17.0240592,17.0441239,54.3172585,52.4247778,57.3453403,6.172233,6.2321777,6.1057906,4.9829482,4.9971031,4.8761104,8.2459045,8.3922037,8.2387433,6.0468679,6.1304425,5.9154741,4.8523925,4.8462497,4.7208232,9.0350102,9.3423052,8.8990025,6.8436486,6.7781944,7.1081007,7.3286551,7.6654354,7.6020711,6.7124168,6.5326551,6.9734243,6534.6495946,6523.6184517,6558.2203506,4152.8954869,4150.4471312,4159.9466986,2381.7541077,2373.1713206,2398.273652,60.6937916,60.5894696,60.9108419,78.303566,78.2522525,78.4313567,43.5983011,43.4409285,43.900427,4208.6975617,1143.9864141,3064.7111476,10766.9179123,5303.9331127,5462.9847996
1979-10-01,6149.8285536,6152.1617693,6164.0483187,3951.7003465,3947.8038808,3947.1104198,2198.1282071,2204.3578885,2216.9378989,5185.9075929,5186.2087625,5176.5443439,3746.9055508,3747.1844633,3742.0241499,1439.0020421,1439.0242991,1434.520194,963.9209607,965.9530069,987.5039748,204.7947957,200.6194175,205.0862699,759.126165,765.3335894,782.4177049,57.0385266,57.0638152,57.1740678,74.411313,74.3431448,74.3300859,40.1760096,40.2920495,40.5219915,402.9041106,419.5165064,391.3802576,206.0071467,209.809281,197.3300712,196.8969639,209.7072254,194.0501864,331.8574982,345.3014086,314.3075368,189.6000213,191.5801749,179.4268455,142.2574769,153.7212337,134.8806913,71.0466125,74.2150979,77.0727208,16.4071254,18.2291061,17.9032257,54.6394871,55.9859917,59.1694951,6.1486426,6.3837043,5.970323,4.9548254,5.0463877,4.7613199,8.2210812,8.6868918,8.0485751,6.0143463,6.2424437,5.7242035,4.816455,4.8639661,4.5755218,8.9964661,9.6513367,8.5944065,6.8646221,7.1349138,7.2397528,7.4172617,8.3295541,8.0287305,6.7144008,6.8165904,7.0307028,6552.7326642,6571.6782758,6555.4285763,4157.7074932,4157.6131618,4144.440491,2395.025171,2414.0651139,2410.9880853,60.775388,60.9550023,60.8042796,78.290469,78.2941723,78.0461109,43.7747689,44.1251539,44.0689109,4225.7674423,1165.8055182,3059.9619241,10781.1960186,5310.2460092,5470.9500094
1979-11-01,6168.7191504,6180.5234856,6188.8406484,3956.4596352,3960.1831229,3946.7469574,2212.2595152,2220.3403627,2242.093691,5198.4789258,5207.7674505,5184.4271436,3749.3117434,3752.4982338,3734.7009183,1449.1671824,1455.2692167,1449.7262253,970.2402247,972.7560351,1004.4135048,207.1478918,207.6848891,212.0460391,763.0923329,765.0711461,792.3674657,57.1314687,57.2399068,57.3169348,74.4007685,74.4713648,74.2186973,40.3721651,40.5182553,40.9152246,402.3276252,397.6480218,363.5518534,206.1101891,200.8297074,184.9616305,196.2174362,196.8183144,178.5902229,331.8732694,326.4999264,298.8535351,189.8048995,185.7482948,172.5069916,142.06837,140.7516315,126.3465435,70.4543558,71.1480954,64.6983183,16.3052896,15.0814126,12.4546389,54.1490662,56.0666828,52.2436794,6.1227326,6.0449628,5.5483833,4.9515131,4.8264621,4.4766379,8.146951,8.1425484,7.3776763,6.0009428,5.8996052,5.4502688,4.8184635,4.7165228,4.4150963,8.9281797,8.8189093,8.0165425,6.7699359,6.8155775,6.0515951,7.2969602,6.7700601,5.5477066,6.6258349,6.8279259,6.1855304,6571.0467757,6578.1715074,6552.3925018,4162.5698243,4161.0128303,4131.7085879,2408.4769514,2417.1586771,2420.6839139,60.8576179,60.9226588,60.6839108,78.2766469,78.2479736,77.6969065,43.9529939,44.1099275,44.1742584,4245.1853349,1186.0174019,3059.167933,10797.5778367,5317.7259898,5479.8518469
1979-12-01,6187.3090215,6184.1165703,6257.1652478,3960.408593,3961.9979121,4006.7269324,2226.9004285,2222.1186582,2250.4383154,5211.782667,5211.5504343,5279.0278347,3751.0087154,3753.5606878,3796.2471844,1460.7739516,1457.9897465,1482.7806503,975.5263545,972.566136,978.1374131,209.3998776,208.4372243,210.479748,766.1264769,764.1289117,767.6576651,57.2204953,57.1748927,57.8502601,74.3727291,74.3859174,75.2256981,40.576874,40.4767373,40.9925906,401.7396907,403.1441752,430.9599511,207.2147252,208.5175723,225.9537288,194.5249654,194.626603,205.0062223,332.9962299,333.3658847,357.0719699,191.3750028,192.1115549,203.7615823,141.6212271,141.2543298,153.3103876,68.7434608,69.7782906,73.8879812,15.8397224,16.4060174,22.1921465,52.9037383,53.3722732,51.6958347,6.0970818,6.120058,6.4436585,4.9720119,4.9998033,5.3383127,8.0334899,8.0532527,8.3490472,6.0055818,6.0120995,6.3354444,4.8542967,4.8689182,5.0940284,8.8380962,8.8325686,9.3705291,6.5829214,6.6943602,7.0234028,7.0323879,7.2966469,9.5379575,6.4593146,6.528709,6.3093445,6589.0487122,6587.2607455,6688.1251989,4167.6233182,4170.5154844,4232.6806612,2421.425394,2416.7452611,2455.4445377,60.9358009,60.9021389,61.8346754,78.2640257,78.3008036,79.4679455,44.1213589,44.021935,44.726857,4128.0150247,1093.5935163,3034.4215084,10816.1402236,5326.2741775,5489.8660461
1980-01-01,6204.7615826,6205.1128139,6112.9167413,3963.7864909,3964.5908446,3951.2669514,2240.9750917,2240.5219693,2161.6497899,5225.7262975,5217.751844,5230.1208901,3753.0525193,3750.6946693,3751.9183026,1472.6737782,1467.0571747,1478.2025875,979.0352851,987.3609699,882.7958512,210.7339716,213.8961753,199.3486488,768.3013135,773.4647946,683.4472024,57.2983364,57.3005937,56.4492168,74.3319333,74.3474576,74.0975964,40.7711192,40.7624214,39.3274785,401.9820917,406.332339,441.6651772,209.1665566,217.9670307,243.8810328,192.8155351,188.3653083,197.7841444,335.1801558,340.2125704,384.1949768,193.8076827,202.9744949,228.3479935,141.372473,137.2380754,155.8469833,66.801936,66.1197686,57.4702004,15.3588739,14.9925358,15.5330393,51.4430621,51.1272328,41.9371611,6.0844209,6.1458929,6.7382662,5.0124349,5.2113333,5.8134071,7.9224372,7.75521,8.3826947,6.0274374,6.1211722,6.8431308,4.9104268,5.133826,5.7370029,8.7588861,8.5544151,9.5374697,6.3874124,6.2763149,6.1121212,6.7931711,6.5501421,7.2286473,6.2755005,6.2003065,5.781371,6606.7436743,6611.4451529,6554.5819185,4172.9530475,4182.5578753,4195.1479842,2433.7906268,2428.8872776,2359.4339343,61.0104702,61.0528356,60.5277368,78.2543833,78.4349651,78.6710657,44.2791034,44.1894023,42.9258189,4274.4730938,1137.3690537,3137.1040401,10829.0550123,5332.5170379,5496.5379744
1980-02-01,6220.5564394,6221.9370877,6207.2328905,3966.8458326,3966.3684424,3972.6658656,2253.7106069,2255.5686453,2234.5670249,5239.4217347,5242.5987725,5262.1167073,3756.0953363,3753.6881131,3772.9931203,1483.3263984,1488.9106593,1489.123587,981.1347047,979.3383153,945.1161832,210.7504963,212.6803293,199.6727453,770.3842085,766.657986,745.4434379,57.3607248,57.3759943,57.2403985,74.2842769,74.2787757,74.3967084,40.9411251,40.9782569,40.596708,403.3569474,397.0491604,448.5370636,211.5786001,209.6687254,231.880013,191.7783473,187.380435,216.6570506,338.1097144,335.4241526,379.1208451,196.4645172,194.2506909,216.5427327,141.6451972,141.1734616,162.5781124,65.247233,61.6250079,69.4162185,15.1140829,15.4180345,15.3372803,50.1331501,46.2069734,54.0789382,6.0894055,5.9986401,6.739071,5.0635976,5.0207581,5.5149835,7.8421269,7.6702555,8.8387289,6.0619957,6.0133161,6.7205262,4.970564,4.9203065,5.4277676,8.7167799,8.6605016,9.8430675,6.2355083,5.919998,6.8421884,6.691657,6.7593797,7.1332861,6.1099439,5.6844588,6.7639055,6623.9133869,6618.9862482,6655.7699541,4178.4244327,4176.0371678,4204.5458786,2445.4889542,2442.9490803,2451.2240755,61.0801423,61.0374087,61.376612,78.2463576,78.2052733,78.7391602,44.4249891,44.3825087,44.5328455,4188.3769211,1135.2950208,3053.0819003,10844.1468752,5339.8408994,5504.3059758
1980-03-01,6235.8273089,6233.1989865,6278.6501162,3970.4561504,3966.7741222,3984.4317961,2265.3711585,2266.4248642,2294.2183201,5253.0790374,5253.2235477,5278.9279322,3761.0828929,3757.7889003,3773.4232096,1491.9961446,1495.4346474,1505.5047226,982.7482715,979.9754387,999.722184,209.3732575,208.9852219,211.0085865,773.375014,770.9902168,788.7135975,57.4180323,57.3905327,57.809012,74.2467259,74.1691839,74.4993402,41.0915075,41.1124554,41.6166227,405.9373775,393.3877937,415.6421973,214.2345441,210.1041655,212.8531733,191.7028335,183.2836282,202.789024,341.3837558,329.8377892,341.7021624,198.902219,196.072173,197.5308604,142.4815368,133.7656162,144.171302,64.5536218,63.5500045,73.9400349,15.3323251,14.0319925,15.3223129,49.2212967,49.518012,58.617722,6.1118904,5.9365071,6.2089042,5.1194834,5.0301721,5.0712109,7.8020782,7.4818546,8.1212826,6.1021722,5.9078303,6.079428,5.0228022,4.9590051,4.974393,8.7172519,8.2105079,8.7393706,6.1638026,6.0899334,6.8867129,6.8232951,6.2918876,6.7698723,5.9836515,6.0350415,6.9179223,6641.7646865,6626.5867801,6694.2923135,4184.6906945,4176.8782877,4197.2849694,2457.073992,2449.7084925,2497.0073441,61.1558082,61.0125469,61.6359277,78.2528685,78.0976291,78.4791852,44.5688001,44.4371807,45.2951716,4166.7307379,1150.9929975,3015.7377404,10861.0230514,5348.2779669,5512.7450845
1980-04-01,6251.8076339,6246.8107658,6224.8638647,3975.1704439,3975.2666464,3961.9752547,2276.6371901,2271.5441194,2262.88861,5266.2975322,5261.2084893,5234.3765545,3767.9113393,3766.6226808,3748.1172021,1498.3861929,1494.5858084,1486.2593524,985.5101017,985.6022765,990.4873102,207.2591046,208.6439656,213.8580526,778.2509971,776.9583109,776.6292576,57.4814457,57.4385481,57.2367495,74.2300641,74.2354488,73.9872409,41.2342317,41.1459594,40.9891765,409.4463253,406.8501027,407.9795099,216.7803371,216.3062734,208.4474494,192.6659882,190.5438293,199.5320605,344.7002376,345.062045,342.029266,200.8986758,201.8560884,194.3282077,143.8015618,143.2059566,147.7010583,64.7460877,61.7880577,65.9502439,15.8816613,14.450185,14.1192417,48.8644264,47.3378727,51.8310022,6.1466854,6.1146805,6.1508992,5.1713474,5.1605036,4.9982331,7.8024436,7.7391155,8.1030858,6.1432966,6.1549303,6.1335074,5.0619373,5.0864853,4.9291287,8.7567065,8.743844,9.0394515,6.1647899,5.8992389,6.2427016,7.1173285,6.4771689,6.1932666,5.9078123,5.7428232,6.2563052,6661.2539593,6653.6608685,6632.8433746,4191.950781,4191.5729199,4170.4227041,2469.3031783,2462.0879487,2462.4206705,61.2460476,61.1794777,60.9880638,78.2780964,78.2748239,77.8798578,44.7237794,44.597404,44.6034308,4242.7984501,1184.5212095,3058.2772406,10875.6418247,5354.9439136,5520.6979111
1980-05-01,6268.461165,6268.0255106,6273.4481769,3981.3448517,3992.5712564,3995.4951877,2287.1163134,2275.4542542,2277.9529892,5278.4691331,5303.6119461,5301.6824337,3776.0455428,3795.1372482,3794.8719916,1502.4235902,1508.4746979,1506.8104421,989.992032,964.4135645,971.7657432,205.2993088,197.4340082,200.6231961,784.6927232,766.9795563,771.1425471,57.5504116,57.5469253,57.596711,74.2409746,74.450545,74.5050684,41.361808,41.1525965,41.1977872,412.6805584,417.5777404,416.5786483,218.4732236,224.9542929,220.9345832,194.2073348,192.6234474,195.6440651,347.1134563,348.5319503,344.7054195,202.0438501,206.6266847,201.8235192,145.0696062,141.9052656,142.8819003,65.5671021,69.04579,71.8732288,16.4293735,18.3276082,19.111064,49.1377286,50.7181818,52.7621648,6.176797,6.2459246,6.2268607,5.2019687,5.333798,5.2398497,7.8267635,7.8045941,7.9092941,6.1702668,6.1663673,6.1048838,5.0789168,5.1633901,5.0497597,8.8054753,8.5983391,8.6611241,6.2115991,6.6810359,6.8867904,7.4096744,8.4943784,8.6973529,5.893012,6.2025587,6.4039159,6681.1417234,6685.603251,6690.0268252,4199.8180752,4217.5255494,4216.4297709,2481.3236482,2468.0777016,2473.5970543,61.33921,61.3807187,61.4213317,78.3148908,78.645328,78.6248947,44.873989,44.6362767,44.7360967,4201.9982076,1146.2861825,3055.7120251,10892.0250328,5362.7159534,5529.3090794
1980-06-01,6283.6021807,6275.5177228,6269.9050947,3988.1453344,3985.195016,3984.3104228,2295.4568462,2290.3227068,2285.5946719,5287.6669246,5283.0435453,5269.0199083,3783.7938418,3783.2982516,3779.4159647,1503.8730828,1499.7452937,1489.6039436,995.9352561,992.4741776,1000.8851864,204.3514927,201.8967645,204.8944581,791.5837635,790.5774131,795.9907283,57.6044339,57.5223462,57.4709,74.2630377,74.1992229,74.1827529,41.4494996,41.3507831,41.2654205,414.4895161,423.6037395,409.3397881,218.7385305,220.2636519,210.333408,195.7509855,203.3400877,199.0063801,348.144093,354.8017552,340.5437254,202.0651749,202.819449,194.4704302,146.0789181,151.9823062,146.0732952,66.3454231,68.8019843,68.7960627,16.6733556,17.4442029,15.8629778,49.6720675,51.3577815,52.9330849,6.1881732,6.323273,6.1285339,5.1995381,5.2375655,5.014333,7.8576738,8.1542736,8.0095909,6.1773557,6.2932155,6.0707703,5.0695515,5.088145,4.8937089,8.8535253,9.2014147,8.9304474,6.2455643,6.4829482,6.4314545,7.5436566,7.9530072,7.1857049,5.9045139,6.0999685,6.2353163,6698.0916967,6699.1214623,6679.2448828,4206.883865,4205.4586679,4194.6438308,2491.2078318,2493.6627944,2484.601052,61.4042343,61.4051623,61.2229705,78.336156,78.3002498,78.0988914,44.9842122,45.0220002,44.8583944,4230.4591497,1176.2951901,3054.1639596,10909.7040325,5370.9390209,5538.7650116
1980-07-01,6295.9701561,6306.6802754,6314.0709704,3995.0033055,3997.4268892,3995.4422281,2300.9668506,2309.2533862,2318.6287423,5293.2072286,5294.6904902,5293.5551731,3790.0752187,3792.348332,3794.2774389,1503.1320099,1502.3421582,1499.2777342,1002.7629275,1011.9897852,1020.5157973,204.9280868,205.0785571,201.1647892,797.8348407,806.911228,819.3510081,57.6309672,57.7317914,57.7994463,74.2838536,74.3329247,74.2960196,41.4842265,41.6354087,41.8044446,414.3882513,407.8616682,387.6484634,217.5630944,214.9086255,206.106492,196.8251569,192.9530427,181.5419714,347.6933868,343.1767267,326.5780797,201.0361659,198.2314344,190.6748282,146.657221,144.9452922,135.9032515,66.6948645,64.6849415,61.0703837,16.5269285,16.6771911,15.4316638,50.1679359,48.0077504,45.6387199,6.175352,6.0743037,5.7843135,5.1646211,5.1018877,4.9054886,7.8799658,7.7113159,7.261183,6.1637921,6.0869956,5.8108601,5.0370974,4.9674846,4.7848711,8.889452,8.7990285,8.3112055,6.2363251,6.0078443,5.6463724,7.4628829,7.5205226,7.1246152,5.9160108,5.6154737,5.2762152,6710.3584073,6714.5419436,6701.7194338,4212.5663999,4212.3355146,4201.5487201,2497.7920075,2502.2064289,2500.1707137,61.424123,61.4653856,61.3480074,78.3292633,78.3291921,78.1286096,45.0327954,45.1143161,45.0776126,4222.3834282,1176.1851769,3046.1982513,10924.102862,5377.733897,5546.368965
1980-08-01,6305.695049,6315.6671835,6281.3506348,4002.032509,4008.1612425,3982.8043122,2303.66254,2307.5059409,2298.5463226,5296.4062161,5307.0436014,5251.0981399,3795.1298862,3802.7362841,3773.7550965,1501.2763299,1504.3073174,1477.3430434,1009.2888329,1008.623582,1030.2524949,206.9026228,205.4249585,209.0492157,802.3862101,803.1986236,821.2032792,57.6300625,57.7261802,57.4125216,74.3034785,74.4232987,73.9524728,41.4657051,41.5384687,41.3771825,412.3313671,415.8026179,394.5105467,215.1057214,218.0976435,209.6378751,197.2256457,197.7049745,184.8726716,345.9877783,349.7711888,334.6033014,199.130826,201.2841033,193.9148481,146.8569522,148.4870855,140.6884533,66.3435889,66.0314291,59.9072453,15.9748954,16.8135402,15.723027,50.3686935,49.217889,44.1842183,6.137686,6.176996,5.9095079,5.100751,5.1605368,5.0003761,7.8862241,7.8917497,7.4442803,6.1319323,6.1831826,5.9903542,4.9854238,5.0270499,4.8873735,8.9105022,8.9840022,8.695038,6.1678681,6.1444304,5.4952722,7.167567,7.5655389,6.9950928,5.906585,5.7739249,5.1057149,6718.0264162,6731.4698014,6675.8611815,4217.1382304,4226.258886,4192.4421873,2500.8881857,2505.2109154,2483.4189942,61.3985103,61.5266807,61.0184093,78.297225,78.4729228,77.8450163,45.0157478,45.0974463,44.7051599,4264.8717181,1193.1847735,3071.6869446,10940.7328996,5385.6269608,5555.1059388
1980-09-01,6313.4746344,6317.9167547,6360.0313794,4009.5229948,4006.2822077,4021.3914862,2303.9516396,2311.634547,2338.6398932,5299.4006021,5295.9384543,5320.0216103,3800.1795493,3793.8168517,3806.5736259,1499.2210527,1502.1216027,1513.4479844,1014.0740323,1021.9783003,1040.0097691,209.3434455,212.465356,214.8178603,804.7305868,809.5129444,825.1919088,57.6072531,57.6471658,58.0314363,74.3259533,74.2644419,74.5445225,41.4010683,41.5387001,42.0239701,408.7990158,413.3572671,407.5704583,212.0126405,216.4211426,211.5511045,196.7863753,196.9361245,196.0193538,343.3827435,348.0312739,336.9985365,196.7313414,203.3119932,198.319115,146.6514021,144.7192807,138.6794215,65.4162723,65.3259932,70.5719218,15.2812991,13.1091494,13.2319895,50.1349732,52.2168438,57.3399323,6.0812611,6.1408474,6.0223764,5.0221687,5.1251799,4.9977315,7.869132,7.8505312,7.7335584,6.0853434,6.166427,5.9571741,4.9220847,5.0864508,4.9519208,8.9102531,8.7876906,8.3939907,6.0599222,6.0080691,6.3545007,6.8030346,5.8114499,5.8022356,5.8646617,6.059538,6.4972083,6722.2736502,6731.2740218,6767.6018377,4221.5356353,4222.7033503,4232.9425907,2500.7380149,2508.5706715,2534.659247,61.3373367,61.4188006,61.75027,78.256107,78.27624,78.4660448,44.937239,45.0775253,45.5463215,4192.0293353,1161.674411,3030.3549243,10959.631173,5394.6170017,5565.0141713
1980-10-01,6321.1673504,6307.0167398,6320.229556,4018.0397338,4012.3227791,4013.2569287,2303.1276166,2294.6939606,2306.9726273,5303.8230103,5296.4984191,5287.1579616,3806.5186233,3802.8728843,3799.0583322,1497.3043869,1493.6255348,1488.0996294,1017.3443401,1010.5183207,1033.0715944,211.5211105,209.4498948,214.1985965,805.8232296,801.0684259,818.8729979,57.5791366,57.4556531,57.5760192,74.3605387,74.2609639,74.2782534,41.3136824,41.1664329,41.3867102,404.6992448,406.5127796,378.5026623,209.0542122,208.1837287,195.4748517,195.6450326,198.3290509,183.0278106,340.285445,339.1703099,309.1103946,194.3055655,193.0067056,180.6860591,145.9798795,146.1636043,128.4243355,64.4137997,67.3424697,69.3922677,14.7486467,15.1770232,14.7887926,49.665153,52.1654466,54.6034751,6.0170573,6.0551276,5.6503626,4.9455776,4.9326717,4.6445072,7.8296452,7.9553638,7.3505132,6.029038,6.0182797,5.5235091,4.8566384,4.8301432,4.5401423,8.8834222,8.9135609,7.9444746,5.9545473,6.2477892,6.2942896,6.5181697,6.7565469,6.4583437,5.8054737,6.1138509,6.2512817,6725.8665951,6713.5295194,6698.7322183,4227.093946,4220.5065079,4208.7317804,2498.7726491,2493.0230115,2490.0004379,61.2655179,61.1589027,61.0241023,78.2294362,78.1140748,77.8961455,44.8231782,44.7244236,44.6701991,4278.458702,1194.2721221,3084.1865799,10977.1909203,5403.0039025,5574.1870178
1980-11-01,6330.8506682,6328.6745761,6341.9507671,4027.8874475,4028.3727849,4017.5224821,2302.9632207,2300.3017912,2324.428285,5311.5305185,5298.1280554,5277.4663166,3815.1499318,3805.8148056,3789.9346423,1496.3805867,1492.3132498,1487.5316743,1019.3201496,1030.5465207,1064.4844505,212.7375157,222.5579793,227.5878398,806.5826339,807.9885414,836.8966107,57.5652729,57.5489903,57.6697157,74.4131466,74.4271292,74.226662,41.2361228,41.1907166,41.6227414,400.6304492,393.2534669,359.6397509,206.6431738,199.1786049,183.5581783,193.9872754,194.0748619,176.0815726,336.8353935,332.7075674,304.7042362,192.0283365,185.1890824,171.9767129,144.807057,147.518485,132.7275233,63.7950557,60.5458995,54.9355147,14.6148373,13.9895226,11.5814654,49.1802184,46.5563769,43.3540493,5.9515943,5.8503076,5.3664835,4.8799546,4.7114414,4.3693086,7.7689676,7.7804954,7.0418268,5.9634131,5.9086713,5.4585261,4.7921087,4.6401629,4.3407512,8.823309,8.9959526,8.1917463,5.8899603,5.5491083,4.9074982,6.4282763,5.9140437,4.8423711,5.7469448,5.4480901,4.9251936,6731.4811174,6721.928043,6701.590518,4234.5306213,4227.5513898,4201.0806604,2496.9504961,2494.3766531,2500.5098576,61.2081326,61.1249903,60.9400536,78.2307728,78.1070994,77.6180334,44.7095969,44.6659487,44.7757739,4295.4305253,1211.4252706,3084.0052547,10997.0210433,5412.505931,5584.5151123
1980-12-01,6343.3839006,6351.6080978,6426.5905508,4038.6091749,4047.8657952,4092.4149938,2304.7747257,2303.7423026,2334.175557,5322.6003745,5327.1368185,5396.5392465,3825.7463353,3828.4910603,3871.518085,1496.8540393,1498.6457582,1525.0211615,1020.7835261,1024.4712793,1030.0513043,212.8628396,219.3747349,220.8969088,807.9206864,805.0965444,809.1543955,57.5751978,57.6418831,58.3223611,74.4774831,74.6412066,75.462678,41.1930977,41.1677565,41.7115972,396.6643803,409.0899619,435.7127091,204.7016101,209.596432,227.0193731,191.9627702,199.4935299,208.693336,332.8014535,336.7935747,360.0822918,189.763471,194.3677278,206.7856928,143.0379825,142.4258469,153.296599,63.8629268,72.2963872,75.6304173,14.9381391,15.2287042,20.2336803,48.9247877,57.067683,55.396737,5.885186,6.0510018,6.3493654,4.8241013,4.9230368,5.2557662,7.6885444,7.9694261,8.2070034,5.884665,5.9462873,6.2550975,4.7257629,4.8315822,5.0703847,8.7224025,8.678832,9.1339437,5.8879026,6.5917687,6.8401617,6.5575395,6.4912536,8.3911711,5.7098729,6.6191198,6.4075721,6740.0482809,6760.6980597,6862.3032599,4243.310785,4257.4622272,4319.4343669,2496.7374959,2503.2358325,2542.868893,61.1754892,61.3544414,62.2765252,78.2524611,78.5060903,79.6488346,44.6240365,44.7326956,45.4409364,4156.781755,1103.663649,3053.118106,11019.0850149,5423.0980159,5595.986999
1981-01-01,6358.1673849,6356.8781433,6252.9567582,4049.2635376,4049.4323291,4028.8972403,2308.9038473,2307.4458143,2224.0595179,5335.3275626,5340.2717283,5339.9154854,3836.7376383,3840.2813612,3833.9727033,1498.5899243,1499.9903671,1505.9427821,1022.8398223,1016.606415,913.0412728,212.5258993,209.1509678,194.924537,810.313923,807.4554472,718.1167358,57.6059285,57.5965755,56.6549945,74.5398039,74.5480792,74.1700382,41.1923402,41.1681551,39.6804235,392.3872211,399.7410876,433.8454117,202.8321879,210.3267241,234.9491314,189.5550331,189.4143635,198.8962803,328.0700253,338.3083751,379.9190913,187.3957561,195.3988003,219.1484954,140.6742692,142.9095749,160.7705959,64.3171957,61.4327124,53.9263204,15.4364318,14.9279238,15.800636,48.8807639,46.5047886,38.1256844,5.8126664,5.9162885,6.488085,4.7701698,4.9375263,5.5102626,7.5868782,7.5861021,8.2088283,5.7928129,5.9576227,6.6421342,4.6567978,4.8417811,5.406907,8.5815496,8.6986171,9.6459654,5.9160907,5.6985605,5.5768488,6.7714836,6.6619054,7.4982195,5.6891371,5.4457792,5.0414633,6750.554606,6756.6192309,6686.8021699,4252.0957256,4259.7590532,4263.8463717,2498.4588804,2496.8601777,2422.9557982,61.1610142,61.2184348,60.5858564,78.273587,78.4200919,78.4953374,44.5741248,44.54758,43.2290195,4350.1007757,1168.1276931,3181.9730826,11036.9029456,5431.9740648,5604.9288808
1981-02-01,6373.5629739,6372.9207919,6356.5078945,4058.6956027,4057.3957641,4064.0145449,2314.8673712,2315.5250277,2292.4933496,5347.7874656,5349.1887624,5368.4580998,3846.336398,3847.8635935,3867.2694709,1501.4510676,1501.3251689,1501.1886289,1025.7755083,1023.7320295,988.0497947,212.3592047,209.5321706,196.745074,813.4163037,814.1998589,791.3047207,57.6447001,57.6371148,57.4886755,74.582479,74.5576729,74.6792979,41.2263906,41.2380698,40.8278898,387.9546875,379.2314208,427.6573366,200.9806518,200.5308026,221.1067004,186.9740357,178.7006182,206.5506362,323.0407064,319.6987205,361.3560948,185.0616621,183.8228593,204.6066672,137.9790443,135.8758612,156.7494276,64.9139811,59.5327003,66.3012418,15.9189898,16.7079433,16.5000332,48.9949914,42.824757,49.8012086,5.7376865,5.6164525,6.3037577,4.7182142,4.7095881,5.1598703,7.4734568,7.164573,8.2651861,5.6965349,5.6395319,6.3065936,4.5905083,4.5594533,5.0248745,8.416281,8.2992778,9.4544803,5.9516463,5.4956742,6.2883461,6.9735043,7.385049,7.7375905,5.681163,4.996911,5.9209199,6761.5176614,6752.1522127,6784.1652311,4259.6762545,4257.9265667,4285.1212453,2501.841407,2494.2256459,2499.0439858,61.153496,61.0669088,61.3564366,78.2756939,78.2425759,78.7422984,44.5562853,44.4206174,44.506429,4272.8087507,1156.8347688,3115.9739819,11056.9739818,5441.9560141,5615.0179677
1981-03-01,6387.137141,6376.8906774,6428.0698898,4066.0131028,4069.7436071,4089.1976511,2321.1240382,2307.1470703,2338.8722387,5358.0527006,5340.4414592,5367.8137596,3853.1819627,3854.9818268,3872.382286,1504.8707379,1485.4596324,1495.4314736,1029.0844403,1036.4492182,1060.2561302,212.8311401,214.7617803,216.8153651,816.2533003,821.687438,843.4407651,57.6701432,57.5567429,58.0186778,74.5910106,74.6321528,74.9889068,41.2678665,41.0068999,41.5707785,384.1633169,388.7506715,413.3465417,199.2789039,200.6013079,204.1366793,184.884413,188.1493636,209.2098624,318.7288959,320.6063114,333.4179035,183.1156129,184.6802146,186.6287575,135.613283,135.9260968,146.789146,65.434421,68.1443602,79.9286382,16.163291,15.9210933,17.5079218,49.2711299,52.2232668,62.4207164,5.6734053,5.7459545,6.0418269,4.6721046,4.6975435,4.7547352,7.3776452,7.5401608,8.2104836,5.6146056,5.6633741,5.8481732,4.5367223,4.5716749,4.5978874,8.2666628,8.3833288,8.9384547,5.9783731,6.1691795,7.0101479,7.0583773,6.9017232,7.4716952,5.6926331,5.9758127,6.8907573,6771.3004578,6765.6413489,6841.4164315,4265.2920067,4270.344915,4293.3343304,2506.0084512,2495.296434,2548.0821011,61.1387948,61.0655411,61.7494742,78.2467821,78.3108385,78.7324251,44.5549744,44.3510396,45.2892445,4237.8947977,1159.735766,3078.1590317,11079.3112292,5453.0700964,5626.2411328
1981-04-01,6398.1335773,6404.1415208,6426.3493648,4071.2823823,4071.6476212,4081.7478012,2326.851195,2332.4938996,2344.6015636,5365.5833417,5379.4466279,5383.1407028,3857.2140209,3862.1388194,3866.2083668,1508.3693207,1517.3078085,1516.932336,1032.5502356,1024.6948929,1043.208662,214.0683613,209.5088017,215.5394344,818.4818743,815.1860911,827.6692276,57.6752766,57.7282064,57.9283923,74.5669078,74.5737342,74.7587228,41.3018655,41.4024195,41.6173339,381.9516848,376.6683538,379.4854078,198.2749711,194.9171813,188.7453164,183.6767136,181.7511725,190.7400914,316.5159603,311.0911354,309.2628965,182.191834,178.3777536,172.5161843,134.3241263,132.7133818,136.7467122,65.4357245,65.5772184,70.2225113,16.0831372,16.5394277,16.2291321,49.3525873,49.0377907,53.9933792,5.6334348,5.5549169,5.5758833,4.6439234,4.5684805,4.4197546,7.3162586,7.2288567,7.52325,5.5704053,5.4668144,5.4329053,4.5103622,4.4147264,4.2715511,8.1770659,8.043132,8.2692414,5.959614,6.014757,6.3068569,6.9880654,7.3167694,7.0023008,5.6868665,5.6741999,6.124041,6780.085262,6780.8098746,6805.8347726,4269.5573534,4266.5648024,4270.4931176,2510.5279086,2514.2450721,2535.341655,61.1183383,61.1235699,61.3491493,78.1983806,78.1437146,78.2156632,44.5621475,44.6285537,45.0030239,4287.7742662,1189.4019283,3098.3723379,11093.6090388,5459.8950459,5633.7139929
1981-05-01,6407.7034337,6405.2146833,6412.3507268,4075.2772109,4073.0209913,4076.6644106,2332.4262228,2332.193692,2335.6863162,5371.7737561,5363.5668662,5361.7955497,3859.4116375,3854.3898022,3854.3176223,1512.3621186,1509.177064,1507.4779274,1035.9296776,1041.6478171,1050.5551771,215.8655734,218.6311891,222.3467883,820.0641042,823.016628,828.2083888,57.6693654,57.6517423,57.7159721,74.5227244,74.4902079,74.5568412,41.3343245,41.3339267,41.3958271,382.0456999,379.1685233,379.2965304,198.6209359,197.0247384,194.0738963,183.4247641,182.1437848,185.2226341,317.283134,313.2380536,310.5832685,182.9003134,180.1415289,176.4660833,134.3828206,133.0965248,134.1171852,64.7625659,65.9304696,68.7132619,15.7206225,16.8832096,17.607813,49.0419434,49.04726,51.1054489,5.6268014,5.588843,5.5847502,4.6473016,4.6141131,4.5442704,7.2907642,7.2442059,7.3474543,5.5770779,5.5178583,5.4753619,4.5246462,4.4649927,4.3779596,8.1605121,8.1044063,8.1699308,5.8838032,5.952669,6.1391226,6.7882381,7.1686528,7.3379768,5.6428032,5.6242737,5.8119691,6789.7491336,6784.3832065,6791.6472572,4273.8981468,4270.0457297,4270.7383069,2515.8509868,2514.3374768,2520.9089503,61.1077788,61.0645438,61.1299257,78.1548143,78.0935317,78.1061981,44.5849048,44.5620967,44.6785642,4318.5367975,1197.1226482,3121.4141493,11110.1840547,5467.8609551,5642.3230996
1981-06-01,6417.0903171,6420.9608081,6413.9448045,4078.498891,4076.1608229,4074.3755909,2338.5914261,2344.7999852,2339.5692136,5377.9275216,5380.7949445,5364.7422116,3860.7995753,3856.6605728,3851.8960134,1517.1279463,1524.1343717,1512.8461982,1039.1627955,1040.1658637,1049.2025929,217.6993157,219.5002501,222.4795775,821.4634798,820.6656135,826.7230154,57.6616907,57.7011643,57.6381158,74.4645678,74.4365994,74.4039985,41.3771235,41.4866388,41.3940906,384.6503592,364.6823845,353.673309,200.5979446,190.3424752,182.4774549,184.0524146,174.3399093,171.1958541,320.9170457,303.7035673,292.5019955,185.3969778,176.8588671,170.0843549,135.5200679,126.8447002,122.4176406,63.7333135,60.9788172,61.1713135,15.2009668,13.4836081,12.3931,48.5323467,47.4952091,48.7782135,5.6551753,5.374323,5.2259643,4.6878571,4.4613226,4.286675,7.2960127,6.9206125,6.8184736,5.6312651,5.3426624,5.1703972,4.5820062,4.3847283,4.2288708,8.2001773,7.6829987,7.4861094,5.7787232,5.5377661,5.5090734,6.5268134,5.7873572,5.2765184,5.5784574,5.4707847,5.5714615,6801.7406763,6785.6431926,6767.6181135,4279.0968356,4266.5032982,4256.8530458,2522.6438407,2519.1398945,2510.7650677,61.118022,60.9783371,60.816356999999996,78.1270524,77.9125287,77.7363011,44.6335964,44.5712417,44.4230656,4360.3389861,1219.1639318,3141.1750543,11127.9570996,5476.0169776,5651.940122
1981-07-01,6425.2713027,6418.5343477,6425.3216636,4080.199488,4079.8753846,4078.0989703,2345.0718147,2338.6589631,2347.2226933,5384.2165683,5383.4149445,5383.5044564,3861.738195,3862.9157724,3865.3233152,1522.4783732,1520.4991721,1518.1811412,1041.0547344,1035.1194032,1041.8172072,218.4612929,216.9596123,212.7756551,822.5934415,818.159791,829.0415521,57.6415289,57.5823108,57.6432015,74.3763211,74.3758644,74.3434804,41.4242582,41.3100928,41.4613626,389.1636731,396.9571286,378.2357853,203.8814807,205.1541083,197.2955961,185.2821924,191.8030203,180.9401892,326.2165533,332.6768889,317.6126332,189.0348195,189.1272502,182.6563437,137.1817338,143.5496387,134.9562895,62.9471198,64.2802397,60.6231521,14.8466612,16.0268581,14.6392524,48.1004586,48.2533816,45.9838997,5.7108722,5.8243361,5.5593825,4.7590483,4.7876942,4.6146757,7.3223822,7.579763,7.1569831,5.7126412,5.820006,5.5710596,4.6666357,4.6674541,4.5122841,8.2656523,8.6265281,8.1636461,5.7017223,5.8468492,5.4989961,6.3635469,6.8788793,6.437244,5.5243822,5.5693269,5.25515,6814.4349758,6815.4914763,6803.5574489,4284.0809687,4285.0294929,4275.3945664,2530.3540071,2530.4619834,2528.1628825,61.1327416,61.1435146,61.0364514,78.0927949,78.1158105,77.9401664,44.6971547,44.6981031,44.6574918,4343.1545537,1210.0884183,3133.0661354,11146.7120026,5485.4829847,5661.2290179
1981-08-01,6431.8760185,6434.5350403,6393.7436143,4080.2382441,4084.6250034,4057.9118487,2351.6377744,2349.9100369,2335.8317656,5390.7639009,5393.4306822,5337.1235309,3862.5646711,3865.4984846,3835.6095023,1528.1992298,1527.9321976,1501.5140286,1041.1121176,1041.1043581,1056.6200834,217.673573,219.1265188,222.3023464,823.4385446,821.9778393,834.317737,57.6045913,57.628831,57.2634957,74.254069,74.3342428,73.8481021,41.4707938,41.4407109,41.1924403,394.4561125,399.5242666,380.5569383,207.6304246,206.9335053,200.4542038,186.8256879,192.5907614,180.1027345,331.5941855,336.6635168,323.7067263,192.7623427,193.3835659,187.7962357,138.8318428,143.2799509,135.9104906,62.861927,62.8607498,56.850212,14.8680819,13.5499394,12.6579681,47.9938451,49.3108105,44.1922439,5.7784489,5.8460755,5.6176565,4.8422757,4.8218731,4.7073033,7.3597942,7.5748555,7.1584826,5.7947123,5.8753575,5.7183613,4.7533119,4.7644539,4.6675938,8.3280897,8.5734149,8.3002599,5.694149,5.6940885,5.1056784,6.3937284,5.8235111,5.3872792,5.5074663,5.6595263,5.0303633,6826.3321309,6834.0593069,6774.3005526,4287.8686687,4291.5585087,4258.3660525,2538.4634623,2542.5007983,2515.9345001,61.1373837,61.2070408,60.6718308,78.0326238,78.100132,77.4960775,44.7654379,44.8370529,44.3685557,4391.178486,1236.5779354,3154.6005506,11165.4790386,5494.9439879,5670.5350507
1981-09-01,6436.8917616,6459.4774054,6502.6970811,4079.4291619,4083.3660249,4099.5113907,2357.4625998,2376.1113804,2403.1856904,5397.5144091,5411.2690435,5436.2127986,3863.6669544,3866.3027071,3879.7647469,1533.8474547,1544.9663364,1556.4480517,1039.3773526,1048.2083618,1066.4842825,215.7622075,217.0633178,219.7466438,823.6151451,831.145044,846.7376387,57.5502695,57.7552106,58.1416445,74.112113,74.1836026,74.4769198,41.5018255,41.8342135,42.3108883,399.6201333,398.5860643,393.9593362,211.0335905,213.3453076,210.030253,188.5865427,185.2407568,183.9290832,335.9080569,339.4398042,330.2459458,195.8205893,198.1854446,194.647301,140.0874676,141.2543595,135.5986448,63.7120763,59.1462602,63.7133904,15.2130012,15.1598629,15.382952,48.4990751,43.9863972,48.3304384,5.8453805,5.8119332,5.7123237,4.9186673,4.9653163,4.87361,7.4070268,7.2321472,7.1094288,5.8587704,5.9025733,5.7270148,4.8237761,4.8760247,4.7773102,8.3687523,8.3769794,8.0138831,5.7757852,5.3412212,5.637367,6.5864217,6.5281437,6.5423291,5.5610921,5.0262618,5.3996383,6836.5118949,6858.0634697,6896.6564173,4290.4627524,4296.7113325,4309.5416437,2546.0491425,2561.3521372,2587.1147736,61.1231502,61.3190317,61.6640974,77.9460183,78.0595039,78.2925956,44.8217873,45.0955932,45.5491744,4287.5767303,1194.8634803,3092.71325,11184.2331476,5504.405124,5679.8280236
1981-10-01,6440.5514981,6429.8676004,6445.3353656,4078.6171557,4060.8669386,4062.9280204,2361.9343425,2369.0006617,2382.4073452,5404.2769228,5390.4481396,5382.9518085,3865.4847228,3844.6796197,3841.8013676,1538.7922,1545.7685199,1541.1504409,1036.2745754,1039.4194607,1062.3835571,213.1324329,216.1873189,221.1266528,823.1421425,823.2321418,841.2569043,57.4811417,57.3859423,57.5239906,73.9663146,73.6428629,73.6802401,41.5069822,41.6320204,41.867625,404.4473914,401.1526199,373.9789126,213.7926834,213.9644115,200.8422099,190.654708,187.1882084,173.1367027,339.1062144,335.1625482,306.6893825,198.0149059,199.0413481,186.4572031,141.0913085,136.1212001,120.2321794,65.3411771,65.9900716,67.2895301,15.7777775,14.9230634,14.3850068,49.5633995,51.0670082,52.9045233,5.9086553,5.872514,5.4841132,4.9807146,5.0052129,4.710437,7.4690718,7.3229412,6.774945,5.9042938,5.8537432,5.3903115,4.873014,4.9222325,4.6287298,8.3988746,8.0933487,7.2368748,5.9313946,5.9697397,5.9565489,6.8925617,6.4571151,6.1079807,5.6792809,5.8409079,5.9166636,6844.9988896,6831.0202202,6819.3142782,4292.409839,4274.8313501,4263.7702303,2552.5890505,2556.1888701,2555.5440479,61.0907857,60.9661904,60.861716,77.843476,77.523057,77.3224662,44.8574147,44.921603,44.9102711,4385.2897502,1250.5006409,3134.7891093,11204.6040284,5514.2708712,5690.3331572
1981-11-01,6443.6346536,6417.0137092,6433.3433932,4078.5507984,4061.8747818,4052.5954348,2365.0838552,2355.1389274,2380.7479584,5410.560565,5386.7186948,5369.3133977,3867.9262502,3854.4589851,3840.3189659,1542.6343148,1532.2597097,1528.9944318,1033.0740885,1030.2950144,1064.0299955,210.6245481,207.4157967,212.2764689,822.4495404,822.8792177,851.7535266,57.4049706,57.1675423,57.3130193,73.8310806,73.529928,73.361949,41.487594,41.312327,41.7615441,408.9778121,409.2436279,375.0185877,216.0802228,218.3859411,201.5237266,192.8975893,190.8576867,173.4948611,341.773324,340.8455937,313.1941994,199.6827018,200.5099931,186.6599473,142.0906222,140.3356006,126.5342521,67.2044881,68.3980341,61.8243883,16.397521,17.875948,14.8637793,50.8069671,50.5220861,46.960609,5.9682028,5.9951392,5.5082058,5.0314037,5.1021645,4.7371434,7.5410082,7.4963842,6.7924185,5.9414723,5.9509693,5.5115492,4.9090929,4.9447972,4.6352353,8.4340547,8.3902902,7.6431326,6.1079521,6.2253997,5.4913308,7.2228753,7.9345775,6.5438774,5.8181035,5.7845215,5.225311,6852.6124657,6826.2573371,6808.3619809,4294.6310211,4280.2607229,4254.1191614,2557.9814446,2545.9966142,2554.2428195,61.048467,60.8133896,60.6539644,77.742626,77.4832509,77.0100243,44.8713459,44.6602293,44.8048789,4416.5629583,1269.9917575,3146.5712008,11224.9249392,5524.1109189,5700.8140203
1981-12-01,6446.8291681,6430.2522556,6506.8649371,4079.6681925,4067.0235053,4110.9856866,2367.1609756,2363.2287502,2395.8792505,5415.3653017,5414.0980343,5484.7449727,3870.3505307,3862.0034569,3904.9642041,1545.0147711,1552.0945774,1579.7807686,1031.4638664,1016.1542213,1022.1199644,209.3176618,205.0200484,206.0214825,822.1462046,811.1341728,816.0984819,57.3287118,57.1818193,57.8631071,73.7148224,73.4920344,74.286441,41.4488217,41.3780584,41.94974,413.84765,412.3951045,437.5614813,218.5427224,217.240596,233.8495256,195.3049276,195.1545084,203.7119557,345.0571723,341.8996851,362.1349966,201.6974114,196.8835729,207.2351058,143.3597609,145.0161122,154.8998908,68.7904777,70.4954194,75.4264847,16.845311,20.3570232,26.6144198,51.9451667,50.1383962,48.8120649,6.0321694,6.0268356,6.3009017,5.0845044,5.070663,5.3822415,7.6217571,7.6280404,7.8363073,5.9901366,5.9398857,6.1936451,4.953218,4.8506788,5.03952,8.4909929,8.5448824,8.9295912,6.2522341,6.4874102,6.8722818,7.4483063,9.0324286,11.4403751,5.9427616,5.8214319,5.6435969,6860.6768181,6842.64736,6944.4264184,4298.2109149,4284.2641014,4344.8352122,2562.4659032,2558.3832586,2599.5912062,61.0088703,60.8490941,61.7541771,77.6636332,77.4176211,78.5121548,44.8685972,44.7950423,45.5165573,4300.847581,1189.1298444,3111.7177366,11245.2739994,5533.9650566,5711.3089428
1982-01-01,6449.8497129,6467.6720901,6355.4986577,4081.5157325,4096.1102273,4070.6324168,2368.3339804,2371.5618627,2284.8662409,5418.0367039,5433.6683351,5424.9259221,3871.6974179,3883.2278185,3872.4290465,1546.339286,1550.4405165,1552.4968756,1031.813009,1034.003755,930.5727356,209.8183146,212.8824088,198.2033703,821.9946944,821.1213462,732.3693653,57.2508942,57.4086845,56.4130049,73.6107422,73.8763206,73.4168098,41.3946077,41.4502487,39.9349793,419.4804347,411.5587546,443.8617791,221.5782691,215.2390721,239.8523402,197.9021656,196.3196825,204.0094389,349.5477918,339.3460134,380.457641,204.4448267,198.7898211,222.1845717,145.1029651,140.5561922,158.2730693,69.9326429,72.2127412,63.4041381,17.1334424,16.4492509,17.6677685,52.7992005,55.7634903,45.7363696,6.1065697,5.9826275,6.5279931,5.1492779,4.9923831,5.5643937,7.7117675,7.6452001,8.1968513,6.0605578,5.8781426,6.5535315,5.015645,4.8698913,5.4262647,8.5786532,8.3120323,9.2515694,6.3474399,6.5279031,6.3788343,7.5493764,7.1726908,8.1844051,6.035616,6.3592718,5.8779119,6869.3301476,6879.2308446,6799.3604368,4303.0940017,4311.3492994,4310.484757,2566.2361459,2567.8815452,2488.8756798,60.9743344,61.0617836,60.3528337,77.6069392,77.7583135,77.7427208,44.8536142,44.8815316,43.5006641,4466.6564432,1234.0661826,3232.5902606,11266.01688,5544.5509396,5721.4659404
1982-02-01,6451.5331727,6450.4937854,6432.3522678,4083.1610638,4087.6385413,4093.0865766,2368.3721089,2362.8552441,2339.2656912,5417.3921441,5417.8184286,5435.5982495,3870.934872,3876.2590894,3894.7745811,1546.4572721,1541.5593391,1540.8236684,1034.1410287,1032.6753569,996.7540183,212.2261919,211.3794519,198.3119955,821.9148368,821.295905,798.4420228,57.1625283,57.1541232,56.9933816,73.504196,73.5828633,73.6809351,41.3219729,41.2294511,40.8178371,425.9706947,434.3131002,488.8427456,225.403846,229.9243529,252.9357729,200.5668488,204.3887473,235.9069727,355.1426178,363.7685648,410.123631,207.9363374,214.0984132,237.4042864,147.2062804,149.6701516,172.7193446,70.8280769,70.5445354,78.7191146,17.4675086,15.8259397,15.5314865,53.3605684,54.7185957,63.1876281,6.1936816,6.308283,7.0629818,5.2315295,5.3253272,5.8199372,7.8073809,7.9614072,9.1608216,6.152282,6.2918463,7.015791,5.0978893,5.2342225,5.7452568,8.6915893,8.8497837,10.079662,6.4099599,6.394422,7.3194869,7.6046964,6.9654772,7.2630161,6.0964318,6.2463116,7.333502,6877.5038674,6884.8068856,6921.1950134,4308.5649098,4317.5628943,4346.0223495,2568.9389576,2567.2439914,2575.1726639,60.936757,61.0023223,61.3247366,77.5618681,77.7218037,78.2341113,44.8213461,44.7958295,44.9341768,4364.9439834,1209.1277986,3155.8161848,11286.1389968,5555.1501481,5730.9888487
1982-03-01,6450.7701238,6443.4699678,6497.3609838,4083.2196012,4082.3451649,4102.1415563,2367.5505226,2361.1248029,2395.2194275,5412.3662997,5403.5767403,5431.2937304,3866.9086309,3872.6635134,3890.1127972,1545.4576688,1530.9132269,1541.1809332,1038.4038241,1039.8932275,1066.0672534,216.3109703,209.6816515,212.0287591,822.0928538,830.2115759,854.0384943,57.0547032,56.9875797,57.4642046,73.3719999,73.3477515,73.7034345,41.2362126,41.127005,41.7208787,433.1429299,434.9097993,463.8723655,230.0837994,233.5393382,239.1206479,203.0591306,201.3704611,224.7517176,361.3613296,362.0842693,377.709613,212.0647764,213.6940555,217.0704894,149.2965532,148.3902138,160.6391236,71.7816003,72.82553,86.1627525,18.0190229,19.8452827,22.0501585,53.7625774,52.9802473,64.112594,6.2921034,6.3228524,6.663652,5.3342828,5.4111582,5.5080904,7.8992596,7.858374,8.5784043,6.258718,6.2800131,6.5021414,5.1989742,5.2294507,5.2851425,8.8093336,8.8364146,9.4392543,6.4657307,6.5448281,7.4779126,7.6895931,8.6461673,9.4199677,6.1382935,5.9987248,6.9827934,6883.9130537,6878.3797671,6961.2333493,4313.3034005,4315.8845031,4341.2622042,2570.6096532,2562.495264,2619.9711451,60.8856941,60.8340253,61.5668021,77.506411,77.5437675,77.9997302,44.7729437,44.6345553,45.6356929,4345.5636792,1224.4778223,3121.0858569,11306.7970285,5565.7400265,5741.057002
1982-04-01,6446.4545181,6455.9297057,6431.5625043,4080.7791065,4086.6943588,4072.7525301,2365.6754116,2369.2353469,2358.8099742,5403.1119174,5403.2824804,5371.2249282,3859.69758,3857.4213511,3835.900993,1543.4143374,1545.8611292,1535.3239352,1043.3426007,1052.6472254,1060.3375761,221.0815265,229.2730077,236.8515371,822.2610742,823.3742177,823.486039,56.9184929,57.001019,56.7858749,73.1995883,73.3050124,73.0549311,41.1342263,41.1964129,41.0151359,440.868955,436.5199982,440.0311114,235.6738241,234.9646437,228.138499,205.1951309,201.5553546,211.8926124,367.7301433,368.2702157,366.3770834,216.7400488,217.7019525,211.0468163,150.9900946,150.5682631,155.3302671,73.1388117,68.2497826,73.654028,18.9337754,17.2626911,17.0916827,54.2050363,50.9870914,56.5623453,6.4011652,6.333307,6.4036254,5.4598956,5.4369085,5.3044473,7.9815427,7.8402086,8.2425954,6.3722095,6.3807823,6.3855437,5.3168984,5.3422176,5.2149626,8.9111013,8.8755986,9.1875835,6.5508311,6.088854,6.4951123,7.8885701,7.0021061,6.7305135,6.1844988,5.8313527,6.4271859,6887.3234731,6892.4497039,6871.5936157,4316.4529307,4321.6590025,4300.8910291,2570.8705425,2570.7907015,2570.7025866,60.8111127,60.8551634,60.6710197,77.4270229,77.5196868,77.1471616,44.7021472,44.7010701,44.699538,4454.3963652,1274.0270073,3180.3693579,11325.9899809,5574.9180364,5751.0719445
1982-05-01,6439.2265118,6432.8989724,6440.9045245,4076.3299218,4074.1409695,4077.386165,2362.89659,2358.7580029,2363.5183595,5390.8200261,5385.9987675,5382.9822718,3850.6470991,3846.9893562,3846.1221596,1540.172927,1539.0094112,1536.8601122,1048.4064857,1046.900205,1057.9222527,225.6828227,227.1516133,231.2640054,822.723663,819.7485917,826.6582473,56.7599553,56.7051774,56.7757454,72.996423,72.9600115,73.0181267,41.018681,40.94788,41.0305194,450.1961423,454.0453967,453.762636,242.7104847,244.3232398,240.8747568,207.4856576,209.7221569,212.8878792,375.1631593,379.0560995,375.6648792,222.6110038,225.0985953,220.8816172,152.5521555,153.9575041,154.783262,75.032983,74.9892972,78.0977568,20.0994809,19.2246445,19.9931396,54.9335021,55.7646528,58.1046172,6.534599,6.5928425,6.5813567,5.6195465,5.6576419,5.5780501,8.0721713,8.1652239,8.2629779,6.5064907,6.5750649,6.5234919,5.4651829,5.5278422,5.431065,9.0122228,9.0939464,9.1498755,6.678863,6.6841964,6.8746814,8.1777576,7.8029615,7.9572422,6.2591071,6.3693671,6.5672532,6889.422654,6886.9443691,6894.6671605,4319.0404065,4318.4642093,4318.2609218,2570.3822476,2568.4801598,2576.4062387,60.7283066,60.7075292,60.7756047,77.3427339,77.3353698,77.3317293,44.6205263,44.5886425,44.7262387,4449.7977762,1265.8129904,3183.9847858,11344.4649367,5584.0739122,5760.3910245
1982-06-01,6431.0082491,6420.9312462,6414.2775552,4070.8525559,4067.038229,4064.9296085,2360.1556932,2353.8930172,2349.3479467,5376.8966683,5374.2694076,5357.1391937,3841.0715924,3836.0156124,3831.0072975,1535.825076,1538.2537951,1526.1318962,1054.1115808,1046.6618386,1057.1383615,229.7809636,231.0226166,233.922311,824.3306172,815.6392221,823.2160505,56.5966876,56.5076137,56.4490577,72.7807622,72.7134592,72.6757597,40.9062844,40.7974309,40.7186562,462.9203069,466.0303196,451.6282391,252.4479453,251.2215338,240.648827,210.4723616,214.8087858,210.9794121,385.8576654,383.2475779,369.6601344,231.2035733,225.4407109,216.7736179,154.6540921,157.8068669,152.8865165,77.0626415,82.7827417,81.9681047,21.2443719,25.7808229,23.8752091,55.8182695,57.0019188,58.0928956,6.7148985,6.7668494,6.5778391,5.8392412,5.8176568,5.5892334,8.1875852,8.3625427,8.2403296,6.695716,6.6564732,6.4549168,5.6775037,5.5507358,5.3553693,9.1485358,9.3043174,9.1057082,6.8126235,7.329509,7.1958247,8.463039,10.0391268,9.2612253,6.3419122,6.5321145,6.5916607,6893.928556,6886.9615658,6865.9057943,4323.3005012,4318.2597628,4305.5784355,2570.6280548,2568.701803,2560.3273588,60.6706609,60.6089286,60.4236266,77.2941543,77.20498,76.978254,44.5541973,44.5204746,44.3753296,4497.0430689,1287.6614881,3209.3815808,11362.9488632,5593.2399236,5769.7089396
1982-07-01,6423.0072979,6419.9744695,6425.8984225,4064.535779,4065.5508496,4063.9159657,2358.4715189,2354.4236199,2361.9824568,5361.8099224,5359.1354404,5361.0525719,3831.1199317,3834.7470828,3837.8190134,1530.6899907,1524.3883576,1523.2335585,1061.1973755,1060.8390291,1064.8458506,233.4158473,230.8037667,226.0969523,827.7815282,830.0352624,838.7488983,56.4394738,56.411985,56.4640385,72.5561427,72.5742908,72.5451064,40.8146116,40.7438482,40.8746557,481.0009962,474.2645005,453.3858175,265.9741525,263.71437,254.0510155,215.0268437,210.5501306,199.334802,402.070354,394.8812621,378.5838979,243.9514635,241.2519637,233.7009537,158.1188905,153.6292984,144.8829442,78.9306422,79.3832384,74.8019196,22.022689,22.4624062,20.3500618,56.9079532,56.9208322,54.4518578,6.9669817,6.8791422,6.5905958,6.1418668,6.0914348,5.8835794,8.3554296,8.2086661,7.7825112,6.9756889,6.8627062,6.595956,5.9864341,5.9188425,5.7398946,9.3627463,9.1554042,8.6854212,6.9229631,6.9620846,6.5635999,8.6215218,8.8690906,8.2573781,6.4325342,6.4175479,6.0962619,6904.0082941,6894.23897,6879.28424,4330.5099315,4329.2652195,4317.9669812,2573.4983626,2564.9737505,2561.3172588,60.6660676,60.5793228,60.4479163,77.3040548,77.2818653,77.08018,44.5357662,44.3874672,44.3241908,4501.2308495,1283.949075,3217.2817745,11380.5150895,5601.9160562,5778.5990333
1982-08-01,6413.6339785,6416.4841573,6379.3474902,4055.9682102,4051.0252783,4024.3450824,2357.6657684,2365.458879,2355.0024078,5344.101437,5340.6178532,5285.9052817,3819.5491569,3811.8457182,3782.4881506,1524.5522801,1528.772135,1503.4171311,1069.5325416,1075.8663041,1093.4422085,236.4190533,239.17956,241.8569318,833.1134882,836.686744,851.5852767,56.2740624,56.2943963,55.9685814,72.2971531,72.203313,71.7277795,40.7402634,40.8718179,40.6911447,505.3991291,483.8028796,461.3568157,283.8489231,280.3633004,271.66564,221.5502061,203.4395792,189.6911757,425.0657407,402.4022171,387.5954299,261.6169293,257.4994874,250.3587854,163.4488114,144.9027298,137.2366445,80.3333884,81.4006625,73.7613858,22.2319938,22.863813,21.3068546,58.1013946,58.5368494,52.4545312,7.3044762,7.0113443,6.7442882,6.5405734,6.4728273,6.3236723,8.5898276,7.9193313,7.4543818,7.3678874,7.006805,6.8316803,6.4103475,6.3277868,6.2079913,9.6829802,8.6577586,8.3647535,6.9863265,7.0338707,6.3194961,8.595362,8.7252018,8.0964235,6.5193474,6.5387965,5.8022369,6919.0331077,6900.2870369,6840.7043059,4339.8171333,4331.3885787,4296.0107224,2579.2159744,2568.8984582,2544.6935835,60.7085004,60.5389936,60.0162503,77.3567266,77.2003589,76.5698029,44.5686321,44.386969,43.9687427,4557.3824943,1314.5701601,3242.8123342,11398.0868002,5610.5808825,5787.5059177
1982-09-01,6400.3028894,6400.9482498,6443.5173213,4043.4945523,4048.7012446,4065.662912,2356.808337,2352.2470052,2377.8544093,5321.9649681,5333.3463257,5357.5161866,3804.8909595,3814.7401255,3828.4921082,1517.0740086,1518.6062002,1529.0240784,1078.3379212,1067.6019242,1086.0011347,238.6035928,233.9611191,237.1708038,839.7343284,833.6408051,848.8303309,56.0770369,56.070333,56.443225,71.973706,72.0461003,72.3479309,40.6665181,40.5816691,41.0234557,535.2397678,513.7121201,509.0759687,305.3405432,298.4917255,294.3297544,229.8992246,215.2203946,214.7462143,453.9543091,433.7566756,423.0818628,283.3120939,276.7270564,272.1669533,170.6422153,157.0296192,150.9149095,81.2854586,79.9554445,85.9941059,22.0284493,21.7646691,22.1628011,59.2570093,58.1907754,63.8313048,7.7173452,7.4293182,7.3221019,7.0212031,6.8663095,6.7506938,8.8877161,8.382595,8.2830426,7.8594296,7.521223,7.3189981,6.9299908,6.7635165,6.6371515,10.1108357,9.3713453,8.9833566,7.009643,6.9674464,7.3374108,8.4519344,8.5109403,8.5460583,6.5914995,6.5248615,6.9939726,6935.5426571,6914.6603699,6952.59329,4348.8350955,4347.19297,4359.9926664,2586.7075616,2567.4673999,2592.6006236,60.7666056,60.5702928,60.9025735,77.4087302,77.3577208,77.5854897,44.6334087,44.2947157,44.7283216,4463.33364,1259.6053811,3203.7282589,11415.92693,5619.5980475,5796.3288825
1982-10-01,6382.1292655,6402.9123301,6421.0676214,4027.0313703,4044.4856675,4049.4426571,2355.0978952,2358.4266626,2371.6249643,5295.327678,5301.8372619,5296.9121354,3786.6609297,3794.7523866,3794.2715975,1508.6667483,1507.0848753,1502.6405379,1086.8015875,1101.0750682,1124.155486,240.3704406,249.7332809,255.1710596,846.4311469,851.3417873,868.9844264,55.8391608,56.0166472,56.1754809,71.5825189,71.8844848,71.9725877,40.5785494,40.6344623,40.8618621,567.6920297,579.1707984,540.6244616,328.5113441,328.6593002,308.2427812,239.1806856,250.5114982,232.3816804,485.8931669,487.4718223,447.9716154,306.9286402,307.0346413,287.6192958,178.9645266,180.437181,160.3523196,81.7988628,91.6989761,92.6528462,21.5827038,21.6246589,20.6234854,60.216159,70.0743172,72.0293608,8.1684407,8.2951003,7.7657049,7.5423745,7.5153992,7.0735436,9.2195452,9.6020481,8.9240049,8.4046809,8.4202072,7.797749,7.4977873,7.4853872,7.0462269,10.6044803,10.6924339,9.6423938,6.9997288,7.6878749,7.6144158,8.2391467,7.9690533,7.4778438,6.6416299,7.6050675,7.6544427,6949.8212952,6982.0831285,6961.692083,4355.5427144,4373.1449677,4357.6854383,2594.2785808,2608.9381608,2604.0066447,60.8060684,61.0835924,60.9051989,77.4219742,77.7258962,77.4511269,44.6996542,44.9506448,44.8656774,4468.682021,1268.6825839,3199.9994371,11430.374104,5626.3680222,5804.0060818
1982-11-01,6358.5840217,6345.7781976,6366.813634,4006.8751846,4007.5839638,4002.5590679,2351.7088371,2338.1942338,2364.2545661,5264.8269045,5268.3463474,5255.0535461,3764.9604592,3763.0353559,3752.1561344,1499.8664454,1505.3109915,1502.8974117,1093.7571172,1077.4318502,1111.7600879,241.9147254,244.5486079,250.4029335,851.8423918,832.8832423,861.3571544,55.5540615,55.4500421,55.6338519,71.1261859,71.1516507,71.0624374,40.4611838,40.2326597,40.6810726,599.8629666,603.1356337,555.1838611,351.5282422,352.8219244,327.70817,248.3347244,250.3137094,227.4756911,517.7543218,527.3461751,486.4407575,330.3798009,336.6900191,314.2612708,187.3745209,190.656156,172.1794867,82.1086448,75.7894586,68.7431036,21.1484413,16.1319053,13.4468992,60.9602035,59.6575533,55.2962044,8.6206443,8.679567,8.020573,8.0655279,8.0914927,7.5678509,9.5511755,9.6701928,8.7769817,8.9536887,9.0989329,8.472372,8.0672125,8.2125018,7.7282099,11.10538,11.2417364,10.2789004,6.9828247,6.5719787,5.8232035,8.0393016,6.1883817,5.0964213,6.6783556,6.6840142,6.0324008,6958.4469883,6948.9138313,6921.9974951,4358.4034268,4360.4058882,4330.2672379,2600.0435615,2588.5079432,2591.7302572,60.7949805,60.7203014,60.4851038,77.3661764,77.4157396,76.8806504,44.7337863,44.5397383,44.5951837,4522.1384418,1302.1867186,3219.9517232,11444.1359369,5632.4539565,5811.6819804
1982-12-01,6331.7471839,6295.7550186,6370.1002919,3984.7150228,3962.380072,4003.7447596,2347.0321611,2333.3749466,2366.3555323,5233.7114691,5198.3136857,5265.2208078,3741.5945625,3721.7138762,3762.2268193,1492.1169066,1476.5998096,1502.9939885,1098.0357148,1097.4413329,1104.8794841,243.1204603,240.6661959,241.5179403,854.9152545,856.775137,863.3615438,55.2383703,54.9413256,55.5901164,70.6318471,70.2602364,70.9937079,40.3201972,40.09597,40.6626979,629.703632,653.3339658,677.4742334,373.1356386,390.0909347,405.0967437,256.5679933,263.2430311,272.3774897,546.9667745,568.0818261,588.0583585,352.0847796,369.5270383,378.7177005,194.8819949,198.5547878,209.340658,82.7368575,85.2521398,89.4158749,21.050859,20.5638964,26.3790432,61.6859984,64.6882434,63.0368317,9.0455804,9.4017211,9.6128708,8.5623778,8.9625166,9.1882809,9.8543547,10.1379191,10.322283,9.4619827,9.8515932,10.0466481,8.6006927,9.0321505,9.145684,11.551993,11.8529232,12.2254525,7.0070104,7.2083039,7.4869147,7.9686391,7.8719478,9.8467115,6.7298619,7.0201643,6.8045059,6961.4508159,6949.0889844,7047.5745253,4357.8506615,4352.4710067,4408.8415033,2603.6001544,2596.6179777,2638.733022,60.7319255,60.6427918,61.5022481,77.245936,77.1772612,78.1768131,44.7278369,44.6194542,45.3431457,4411.4773735,1230.7354117,3180.7419618,11459.0518988,5639.576915,5819.4749838
1983-01-01,6305.3788628,6294.4064659,6172.0479179,3963.2260497,3956.3017889,3924.3611859,2342.1528131,2338.104677,2247.686732,5206.1260713,5198.5959834,5182.1152829,3719.29462,3715.4136841,3700.1172196,1486.8314513,1483.1822994,1481.9980633,1099.2527915,1095.8104825,989.932635,243.9314297,240.8881049,224.2439663,855.3213618,854.9223776,765.6886687,54.9240636,54.8344736,53.7685325,70.145267,70.0286661,69.4633002,40.1738253,40.1090051,38.5579309,655.4723454,645.4319156,694.5869849,392.3759299,393.7741667,431.6801949,263.0964155,251.6577489,262.90679,571.9957517,571.1146002,628.1620694,371.1654106,373.4667534,409.5994404,200.830341,197.6478469,218.562629,83.4765937,74.3173154,66.4249155,21.2105193,20.3074133,22.0807545,62.2660744,54.009902,44.344161,9.4165545,9.3003883,10.1153912,9.008535,9.0521216,9.9099195,10.0987043,9.7174068,10.4718979,9.899337,9.8984965,10.8112235,9.0739283,9.1337167,9.9666102,11.8999163,11.7589423,12.8523863,7.0579623,6.3512136,6.2881091,7.9996845,7.774794,8.9640838,6.7858464,5.9421261,5.4743659,6960.8512081,6939.8383815,6866.6349028,4355.6019796,4350.0759556,4356.0413808,2605.2492286,2589.7624259,2510.593522,60.6336657,60.4572308,59.81951,77.0899413,76.9986803,77.1042715,44.6865921,44.4260667,43.0679642,4612.2871173,1293.5047425,3318.7823748,11478.9220201,5649.5461233,5829.3758968
1983-02-01,6283.7211396,6289.4939472,6263.9474593,3945.271824,3951.9762601,3951.8272351,2338.4493156,2337.5176872,2312.1202242,5186.3427782,5184.5791477,5198.7763236,3701.1288378,3707.3128922,3722.570509,1485.2139404,1477.2662555,1476.2058146,1097.3783614,1104.9147995,1065.1711357,244.1429861,244.6633679,229.2567261,853.2353752,860.2514317,835.9144096,54.6483942,54.7004129,54.4782323,69.7173314,69.8377822,69.8351486,40.0460046,40.0309235,39.5959818,676.8947958,672.4100206,750.0923573,408.9289004,403.8099227,441.3775127,267.9658954,268.6000979,308.7148446,592.6078177,586.1135099,655.0227349,387.4438609,380.3570961,418.2749505,205.1639568,205.7564138,236.7477844,84.2869781,86.2965106,95.0696224,21.4850396,23.4528266,23.1025622,62.8019385,62.8436841,71.9670602,9.7246393,9.6584214,10.694156,9.3915951,9.2706553,10.0468232,10.2810133,10.3065218,11.779255,10.2545922,10.1567272,11.1897031,9.476262,9.3049854,10.1011968,12.1371651,12.2254095,13.8210273,7.1328976,7.2444335,8.1939564,8.0883933,8.7472622,9.1546312,6.8558275,6.8079316,7.9269225,6960.6159354,6961.9039678,7014.0398166,4354.2007244,4355.7861828,4393.2047478,2606.415211,2606.117785,2620.8350688,60.5352266,60.548436,61.0018671,76.9435588,76.9737535,77.6349998,44.6349275,44.6308074,44.8828468,4484.0341734,1265.5893009,3218.4448725,11498.07399,5658.7940487,5839.2799413
1983-03-01,6269.275898,6256.0225893,6310.3027344,3932.585207,3925.7024298,3944.5648764,2336.690691,2330.3201595,2365.737858,5176.0053378,5160.751041,5186.3405538,3688.8037573,3677.6472446,3692.9357077,1487.2015805,1483.1037965,1493.4048461,1093.2705602,1095.2715483,1123.9621806,243.7814497,248.0551853,251.6291687,849.4891104,847.216363,872.3330119,54.4342499,54.3159541,54.7872245,69.3804002,69.2533517,69.5861042,39.9507725,39.839803,40.4453138,694.1194689,691.362937,733.9242453,422.5797098,423.1123586,434.6238363,271.5397591,268.2505784,299.300409,609.0454004,611.5000725,637.9028863,400.8549339,402.6663364,411.676404,208.1904665,208.8337361,226.2264823,85.0740684,79.8628645,96.021359,21.7247758,20.4460222,22.9474323,63.3492926,59.4168423,73.0739267,9.968118,9.9514117,10.4188046,9.7029554,9.7293718,9.924757,10.4108806,10.3230047,11.2306233,10.527918,10.5937885,10.952545,9.8016721,9.8685145,10.0296055,12.2797831,12.3428751,13.1555223,7.2197952,6.7960621,7.8707094,8.1823979,7.6148716,8.3573881,6.9398146,6.5535701,7.7293622,6963.3953669,6947.3855263,7044.2269797,4355.1649168,4348.8147884,4379.1887127,2608.2304501,2598.5707379,2665.038267,60.4610819,60.318496,61.1592915,76.8357376,76.7174806,77.2533072,44.593331,44.4258896,45.562237,4473.6091515,1289.4213058,3184.1878457,11517.8361312,5668.6100185,5849.2261127
1983-04-01,6262.8943575,6233.0047084,6254.4904395,3925.5101762,3918.1371479,3927.98865,2337.3841813,2314.8675605,2326.5017895,5174.885283,5167.3302103,5166.3771775,3682.8681865,3676.0388923,3677.0103612,1492.0170965,1491.2913181,1489.3668163,1088.0090745,1065.6744981,1088.113262,242.6419897,242.0982556,250.9782888,845.3670848,823.5762425,837.1349732,54.2905879,54.0306855,54.2169342,69.1427072,69.011346,69.1848635,39.8978379,39.5128395,39.7114259,707.6286419,704.281711,709.2508309,433.2138363,438.8999116,429.5874127,274.4148056,265.3817993,279.6634182,621.7176909,614.4409531,611.7167259,411.3410084,415.4686152,406.2054804,210.3766825,198.9723379,205.5112455,85.9109509,89.8407578,97.534105,21.8728279,23.4312964,23.3819323,64.038123,66.4094614,74.1521727,10.1517295,10.152121,10.1849107,9.9390059,10.0733573,9.8584031,10.5067353,10.2851222,10.73084,10.7255524,10.6272098,10.5868256,10.0468977,10.1544141,9.9481756,12.357698,11.7716746,12.1254296,7.3182967,7.7749521,8.2262322,8.2690369,8.8243648,8.5223478,7.041759,7.4618571,8.1370809,6970.5229994,6937.2864194,6963.7412704,4358.7240126,4357.0370595,4357.5760627,2611.7989868,2580.2493599,2606.1652077,60.4247445,60.1357384,60.3650618,76.7732001,76.7418241,76.7513178,44.5819448,44.0426832,44.4850449,4572.3046791,1319.9499913,3252.3546878,11536.0459495,5677.526054,5858.5198955
1983-05-01,6263.3000613,6263.9115758,6272.7942097,3922.8449377,3924.899972,3927.329213,2340.4551236,2339.0116039,2345.4649967,5180.6963473,5187.9883853,5183.3941847,3681.9447979,3683.6516132,3681.6353889,1498.7515494,1504.3367721,1501.7587958,1082.603714,1075.9231905,1089.400025,240.9001398,241.2483588,245.6938241,841.7035742,834.6748317,843.7062009,54.2075762,54.2122962,54.2891728,68.9849197,69.0195334,69.0622517,39.8867867,39.8620863,39.9720668,717.8051313,721.0756449,720.5403641,440.7976491,440.0841658,435.3293963,277.0074822,280.9914791,285.2109678,630.8693859,631.9272546,627.5070203,418.8308258,418.4535682,412.8313762,212.0385602,213.4736865,214.6756441,86.9357454,89.1483902,93.0333438,21.9668233,21.6305976,22.4980201,64.9689221,67.5177926,70.5353237,10.2821131,10.3232207,10.3032446,10.1015984,10.0821481,9.9785345,10.583054,10.724853,10.8417369,10.8554117,10.858014,10.79879,10.2134538,10.2009468,10.0826652,12.394189,12.4270804,12.5070693,7.4333315,7.6517522,7.8679566,8.3566314,8.2283489,8.3887786,7.1656439,7.4837447,7.7151739,6981.1051926,6984.9872207,6993.3345738,4363.6425868,4364.9841377,4362.6586093,2617.4626058,2620.003083,2630.6759645,60.4200323,60.452992,60.5252359,76.7365364,76.7584322,76.7175377,44.607637,44.6508212,44.8327115,4561.0765279,1323.9923706,3237.0841573,11554.4111017,5686.6509799,5867.7601218
1983-06-01,6268.5216382,6271.2908838,6266.4620552,3923.3932762,3926.5473687,3924.4002053,2345.128362,2344.7435151,2342.0618499,5191.055269,5191.1349291,5173.336496,3684.6533794,3689.1652412,3684.2272452,1506.4018896,1501.969688,1489.1092508,1077.4663692,1080.1559547,1093.1255592,238.7398968,237.3821276,240.1729601,838.7264724,842.7738271,852.9525991,54.169202,54.1907564,54.1490301,68.8871466,68.9404494,68.9027505,39.9051206,39.8965582,39.8509288,723.9500895,712.6355513,693.2207601,444.9523579,439.2384864,424.476671,278.9977317,273.3970649,268.7440891,635.6632061,632.6107385,613.8092169,422.8188588,421.4538863,407.9366886,212.8443473,211.1568521,205.8725283,88.2868835,80.0248128,79.4115432,22.1334991,17.7846,16.5399824,66.1533843,62.2402128,62.8715608,10.3532788,10.2039384,9.9605223,10.1858322,10.060926,9.7606045,10.6320246,10.4424135,10.2935299,10.9094546,10.8626093,10.6064241,10.2938945,10.252808,9.9687279,12.3800967,12.3258176,12.1460024,7.5733765,6.8976159,6.7726252,8.4843834,6.9697959,6.4429873,7.3107368,6.8772649,6.8650254,6992.4717278,6983.9264351,6959.6828153,4368.3456341,4365.7858551,4348.8768763,2624.1260937,2618.14058,2610.805939,60.4251904,60.3487007,60.1392095,76.6996436,76.6523896,76.3555098,44.6525956,44.5484964,44.4236952,4612.938233,1346.6870546,3266.2511784,11572.6210483,5695.5639309,5877.0571174
1983-07-01,6278.1667113,6276.7930796,6294.9609844,3927.0121473,3921.2787588,3933.1293793,2351.154564,2355.5143208,2361.8316051,5204.0890292,5202.6682836,5214.5724142,3690.1714879,3684.9920061,3697.6250095,1513.9175413,1517.6762775,1516.9474047,1074.0776821,1074.124796,1080.3885702,236.8406594,236.2867527,235.5043698,837.2370227,837.8380433,844.8842004,54.172232,54.1599026,54.3166661,68.8466012,68.7466772,68.9544387,39.948787,40.0228822,40.13022,724.9580548,738.2695115,687.2406494,445.1490434,457.5444617,428.9904562,279.8090114,280.7250498,258.2501932,635.3088088,643.3575983,599.3290029,422.7513308,431.4693371,407.0153397,212.557478,211.8882612,192.3136632,89.649246,94.9119132,87.9116465,22.3977126,26.0751246,21.9751165,67.2515334,68.8367886,65.93653,10.3519226,10.5240616,9.84275,10.1814417,10.4490279,9.8344491,10.6352294,10.6486935,9.8565699,10.8796973,11.0050419,10.3085512,10.2786108,10.4815593,9.9159806,12.3116452,12.2509601,11.251275,7.7036325,8.1188138,7.5247479,8.6398138,9.9386103,8.5347057,7.4353106,7.5922245,7.2392434,7003.1247661,7015.0625911,6982.2016338,4372.1611907,4378.8232206,4362.1198355,2630.9635753,2636.2393705,2620.0817983,60.4276562,60.5301309,60.246587,76.6507529,76.7682087,76.47537,44.70306,44.7927218,44.5181862,4607.1712721,1341.8340447,3265.3372274,11589.3729059,5703.9538802,5885.4190257
1983-08-01,6291.9096634,6283.0813552,6241.1547261,3933.6564387,3929.4345341,3903.595895,2358.2532247,2353.6468211,2337.5588311,5218.3517831,5202.1371499,5150.377354,3697.5640674,3691.0890933,3663.4145511,1520.7877157,1511.0480566,1486.9628029,1073.5578803,1080.9442053,1090.7773721,236.0923713,238.3454408,240.1813439,837.465509,842.5987645,850.5960282,54.2133724,54.1354338,53.7741913,68.8616732,68.7861557,68.3338411,40.0129809,39.9350283,39.6620586,720.6159701,715.128015,686.8263651,441.8217362,440.3634593,429.6975753,278.794234,274.7645557,257.1287898,629.9653748,627.2111288,607.3589716,419.0089646,418.6203928,409.5145298,210.9564102,208.5907359,197.8444418,90.6505953,87.9168863,79.4673935,22.8127716,21.7430665,20.1830455,67.8378238,66.1738198,59.284348,10.276126,10.2187285,9.9138025,10.0976789,10.0774329,9.9161891,10.5722115,10.4536359,9.9098168,10.7717375,10.7595412,10.5485722,10.1785869,10.186131,10.054546,12.181731,12.1299157,11.7428532,7.7864573,7.5215855,6.7906643,8.811247,8.3598721,7.7518456,7.4933805,7.2816699,6.51562,7012.5256335,6998.2093702,6927.9810912,4375.4781749,4369.7979934,4333.2934703,2637.0474586,2628.4113769,2594.6876209,60.4224606,60.2970229,59.6919315,76.5961016,76.4948754,75.8558507,44.7433416,44.5970406,44.0248396,4678.2459419,1379.2434397,3299.0025022,11606.2270331,5712.53691,5893.6901231
1983-09-01,6308.7188474,6316.9074039,6358.1739921,3943.0068611,3954.4071952,3971.588628,2365.7119863,2362.5002087,2386.5853641,5232.598306,5262.2225317,5285.9198827,3705.9024137,3726.2625369,3739.9907669,1526.6958923,1535.9599948,1545.9291158,1076.1205414,1054.6848722,1072.2541094,237.1044474,228.1446583,231.5978611,839.016094,826.5402139,840.6562483,54.2823641,54.3475305,54.7025677,68.9249088,69.1187833,69.4190963,40.085332,40.0288283,40.4369131,712.0340285,728.3243901,720.8470066,436.1172609,440.0772694,434.9674141,275.9167676,288.2471207,285.8795925,620.9215125,633.6431088,618.9875147,412.7866569,415.7884498,410.2631104,208.1348556,217.854659,208.7244043,91.112516,94.6812812,101.8594919,23.330604,24.2888196,24.7043037,67.781912,70.3924616,77.1551882,10.1418472,10.3378343,10.182863,9.9590066,10.0143094,9.8709153,10.4449487,10.8741832,10.6972251,10.6076605,10.7472447,10.4825948,10.0222826,10.0382263,9.8852533,11.9974156,12.4217607,11.8954769,7.8058547,8.2376953,8.6754375,8.9583195,9.6218694,9.6387417,7.4748634,7.8481321,8.4064313,7020.7528759,7045.231794,7079.0209987,4379.124122,4394.4844646,4406.5560421,2641.6287539,2650.7473294,2672.4649566,60.4089472,60.6136714,60.9043769,76.5483656,76.8108605,77.0218587,44.7605483,44.9127197,45.2806905,4544.1518437,1314.6198874,3229.5319563,11623.1728424,5721.1759295,5901.9969129
1983-10-01,6327.0364466,6317.2808672,6336.1314212,3954.2615784,3951.0203254,3958.478593,2372.7748682,2366.2605418,2377.6528282,5246.013056,5242.3788092,5240.5430439,3714.8314064,3711.5332558,3714.190373,1531.1816496,1530.8455534,1526.3526709,1081.0233907,1074.902058,1095.5883773,239.430172,239.4870696,244.28822,841.5932187,835.4149884,851.3001573,54.3643466,54.2801516,54.4421218,69.0199237,68.9669194,69.0971069,40.152582,40.0421391,40.2349207,700.7023513,702.566158,653.1667522,429.1350577,428.9384344,400.7902822,271.5672936,273.6277236,252.37647,609.7279368,617.192436,567.5651203,405.3513994,411.7151426,384.5293495,204.3765374,205.4772934,183.0357708,90.9744146,85.373722,85.6016319,23.7836583,17.2232918,16.2609327,67.1907562,68.1504302,69.3406992,9.9705235,10.008283,9.3452409,9.790012,9.7932071,9.1939794,10.2697487,10.3651252,9.5959566,10.4124813,10.5330648,9.7719447,9.8381897,9.9852132,9.3816942,11.775839,11.8340488,10.7076757,7.7623366,7.3580543,7.247067,9.0358695,6.7092313,6.2410231,7.3934794,7.5423903,7.531786,7027.738798,7019.8470252,6989.2981734,4383.3966361,4379.9587598,4359.2688752,2644.3421618,2639.8882654,2630.0292982,60.3850525,60.3168308,60.054345,76.5102903,76.4542416,76.0930899,44.7480994,44.6724996,44.505665,4648.9907368,1369.5941246,3279.3966122,11638.2889102,5728.8629998,5909.4259104
1983-11-01,6346.2388845,6354.31797,6377.5222003,3966.9339348,3968.7817353,3966.7069562,2379.3049497,2385.5362347,2410.8152441,5258.3934748,5263.0324437,5253.2748975,3724.6822512,3727.0895053,3719.2682649,1533.7112236,1535.9429384,1534.0066326,1087.8454097,1091.2855264,1124.2473028,242.2516835,241.6922301,247.4386913,845.5937262,849.5932963,876.8086115,54.4527553,54.5286558,54.7277795,69.1362241,69.1884396,69.1522697,40.2116947,40.3167881,40.7440163,688.559707,679.0333003,624.7740183,421.6021486,415.8358104,385.8597656,266.9575583,263.1974899,238.9142527,598.1853553,587.0936653,542.1593488,397.6128299,391.4110634,365.474131,200.5725254,195.6826019,176.6852178,90.3743516,91.939635,82.6146695,23.9893187,24.424747,20.3856346,66.3850329,67.514888,62.2290349,9.7879093,9.6544773,8.9224163,9.6068972,9.4839699,8.8651086,10.0880981,9.9367289,9.0165526,10.2139043,10.0355728,9.3549392,9.6454238,9.5037273,8.9472994,11.5651505,11.3005149,10.3282901,7.6704155,7.7702569,6.8454116,9.0103773,9.1781995,7.6115695,7.2792302,7.3617147,6.6268946,7034.7985915,7033.3512704,7002.2962186,4388.5360834,4384.6175457,4352.5667218,2646.2625081,2648.7337246,2649.7294968,60.3608174,60.3556813,60.0891869,76.4839595,76.4377753,75.8790279,44.7234391,44.7649609,44.7817899,4650.8756457,1383.6252719,3267.2503738,11653.1718643,5736.1919937,5916.9798706
1983-12-01,6366.0345302,6379.1208034,6456.4556108,3980.205127,3986.9400013,4028.1955504,2385.8294032,2392.1808021,2428.2600604,5269.7689239,5274.5009335,5342.5870692,3735.3783514,3741.3621521,3781.8431029,1534.3905725,1533.1387813,1560.7439663,1096.2656063,1104.6198699,1113.8685416,244.8267756,245.5778492,246.3524475,851.4388306,859.0420207,867.5160941,54.5443171,54.6714249,55.3342128,69.2585916,69.415822,70.1341142,40.2706383,40.3774471,40.9864263,677.0257636,666.291603,689.9905516,413.9513452,405.8505263,419.7213754,263.0744184,260.4410766,270.2691762,587.7055022,582.1170448,601.4001119,390.1754812,383.2754307,391.2865573,197.5300209,198.841614,210.1135546,89.3202614,84.1745582,88.5904397,23.7758639,22.5750956,28.4348181,65.5443975,61.5994626,60.1556216,9.6126646,9.4570987,9.6550164,9.4204962,9.2390139,9.4363582,9.9314447,9.8182511,10.0154252,10.0334284,9.9394744,10.1177895,9.4575298,9.292342,9.3763336,11.4052585,11.4805927,11.865074,7.53385,7.0806656,7.3674396,8.8516866,8.4187386,10.3479388,7.1478295,6.6909284,6.4845808,7043.0602937,7045.4124063,7146.4461624,4394.1564722,4392.7905276,4447.9169258,2648.9038216,2652.6218787,2698.5292366,60.345088,60.3817904,61.247687,76.4616594,76.482005,77.4417998,44.7110961,44.7734132,45.5482802,4521.6616592,1295.6439614,3226.0176978,11668.1078216,5743.5608872,5924.5469344
1984-01-01,6386.5997153,6377.074383,6251.4442636,3993.2674797,3988.6417601,3951.6571606,2393.3322356,2388.4326229,2299.787103,5281.0263992,5272.5397034,5248.9661021,3746.9475492,3738.0763799,3718.215047,1534.0788501,1534.4633235,1530.7510551,1105.5733161,1104.5346796,1002.4781615,246.3199305,250.5653802,233.4421136,859.2533856,853.9692994,769.0360479,54.640547,54.5578809,53.4830756,69.3737392,69.2704496,68.6281408,40.3451435,40.2732454,38.7785234,667.8098523,669.3329458,717.8062897,406.9284722,412.62187,451.7174286,260.8813801,256.7110759,266.0888611,579.1940312,578.0348494,635.3364959,383.4686776,386.68411,423.2221871,195.7253536,191.3507394,212.1143088,88.6158211,91.2980965,82.4697938,23.4597946,25.93776,28.4952415,65.1560265,65.3603365,53.9745523,9.4665591,9.498925,10.2996195,9.2479625,9.3750774,10.2584375,9.8289519,9.7049955,10.3702932,9.8834854,9.8799672,10.7971418,9.2840202,9.3747046,10.2192105,11.3148848,11.087564,12.1704357,7.4205851,7.6346876,7.6012673,8.6959072,9.3806385,10.8786475,7.048395,7.1095648,6.5581843,7054.4095676,7046.4073288,6969.2505533,4400.1959519,4401.2636301,4403.3745892,2654.2136157,2645.1436987,2565.8759641,60.3539935,60.2842352,59.6241346,76.4431754,76.4364234,76.4730843,44.7429018,44.6018532,43.2652575,4719.3896161,1354.6965403,3364.6930758,11688.6401694,5758.0711295,5930.5690399
1984-02-01,6408.1713322,6392.138216,6365.3636107,4005.7257945,4004.2272698,4002.6384255,2402.4455378,2387.9109461,2362.7251852,5293.3460993,5282.4681645,5295.4482666,3759.153278,3754.4747691,3768.8273928,1534.1928213,1527.9933954,1526.6208738,1114.8252329,1109.6700514,1069.9153441,246.5725164,249.7525007,233.8110327,868.2527165,859.9175507,836.1043114,54.7440396,54.605937,54.3772104,69.4768329,69.4355615,69.40801,40.4451862,40.206511,39.7824451,661.3905057,662.0700221,736.4893878,400.7290184,399.4092214,435.0644329,260.6614872,262.6608006,301.4249549,572.6522699,574.5330232,640.1951471,377.4994137,376.6935366,412.4164262,195.1528562,197.8394865,227.7787209,88.7382358,87.5369989,96.2942407,23.2296047,22.7156848,22.6480067,65.5086311,64.8213141,73.646234,9.3554667,9.3854618,10.3703834,9.0941366,9.0699862,9.8038207,9.7878713,9.9095903,11.3141129,9.7622303,9.8093377,10.7856066,9.1257217,9.1183295,9.8634867,11.2847801,11.4634209,12.9832862,7.3729586,7.3117677,8.257027,8.6098673,8.3370045,8.8310425,7.0155647,7.0096885,8.0952119,7069.5618379,7054.208238,7101.8529985,4406.4548129,4403.6364913,4437.7028584,2663.107025,2650.5717467,2664.1501401,60.3941988,60.2617837,60.6687973,76.4272296,76.3615429,76.9522729,44.833424,44.6290688,44.8576954,4604.0869863,1329.1220698,3274.9649165,11705.9399848,5766.8249282,5939.1150566
1984-03-01,6430.379577,6447.8866584,6503.2285012,4017.2686672,4035.4236004,4054.4741066,2413.1109098,2412.463058,2448.7543946,5307.5169037,5328.1367775,5354.6700018,3771.5183151,3795.6727714,3810.6681205,1535.9985886,1532.4640061,1544.0018813,1122.8626732,1119.7498809,1148.5584994,245.7503521,239.7508291,243.8059861,877.1123211,879.9990518,904.7525133,54.8523583,55.0007248,55.4727928,69.5648978,69.8702922,70.2001373,40.569361,40.561393,41.171569,656.9475486,653.9509619,699.943408,395.4502725,391.4034752,404.231065,261.4972761,262.5474867,295.712343,567.6481958,564.6530095,590.8799788,372.3528033,369.4663745,379.3950133,195.2953925,195.186635,211.4849655,89.2993529,89.2979525,109.0634292,23.0974692,21.9371007,24.8360517,66.2018836,67.3608517,84.2273775,9.2693273,9.2081937,9.7171554,8.9616012,8.8416256,9.0661089,9.7770312,9.8148206,10.7748561,9.6618254,9.5821,9.9381887,8.985627,8.8704449,9.0546372,11.2803137,11.297807,12.0470835,7.3669486,7.3858081,8.6721953,8.5912801,8.3829242,9.2450355,7.0180098,7.1103761,8.5165915,7087.3271256,7101.8376204,7203.1719092,4412.7189397,4426.8270757,4458.7051716,2674.6081859,2675.0105447,2744.4667376,60.4562456,60.578952,61.4433374,76.4126991,76.6471459,77.1990909,44.9656684,44.9756748,46.1434605,4520.103896,1316.8876743,3203.2162217,11723.2758052,5775.5928459,5947.6829593
1984-04-01,6452.3072493,6454.1998503,6477.5809158,4027.5504948,4027.8870255,4038.2758863,2424.7567545,2426.3128248,2439.3050295,5323.1432258,5319.4195978,5318.250983,3782.9397364,3781.6941894,3782.6230895,1540.2034893,1537.7254084,1535.6278935,1129.1640236,1134.7802525,1159.3299328,244.6107584,246.1928361,255.6527968,884.5532652,888.5874164,903.677136,54.958431,54.9744665,55.1736177,69.6340326,69.6379508,69.8175633,40.7081888,40.7351048,40.9532295,653.4058984,667.2902123,675.6420894,391.263327,393.0896774,385.2901488,262.1425714,274.200535,290.3519406,563.2543128,571.8320554,570.7920557,368.0890152,371.828486,363.8798382,195.1652975,200.0035693,206.9122175,90.1515856,95.458157,104.8500337,23.1743118,21.2611913,21.4103106,66.9772739,74.1969656,83.4397231,9.1955006,9.3700926,9.4452821,8.8544877,8.8914668,8.7099446,9.7563228,10.1536448,10.6369388,9.568744,9.7064612,9.6924416,8.8674167,8.9521237,8.7755838,11.2463298,11.50948,11.8741724,7.3936219,7.7593218,8.2939167,8.6540716,7.9494751,7.7275935,7.038899,7.7064987,8.4528718,7105.7131477,7121.4900626,7153.2230052,4418.8138218,4420.9767029,4423.5660351,2686.8993259,2700.5133598,2729.6569701,60.5239073,60.6581956,60.928485,76.3987506,76.4340599,76.4788267,45.1091867,45.3386281,45.827917,4587.1362218,1360.4741018,3226.66212,11740.359227,5784.0401369,5956.3190901
1984-05-01,6472.6551034,6479.5979589,6489.658756,4035.9928615,4039.8185614,4041.6710274,2436.6622418,2439.7793975,2447.9877286,5338.0171277,5339.5333312,5332.962999,3791.9444166,3796.170061,3793.353447,1546.0727111,1543.3632702,1539.609552,1134.6379757,1140.0646277,1156.695757,244.0484449,243.6485004,248.3175804,890.5895307,896.4161273,908.3781766,55.051466,55.1104411,55.1960105,69.6749358,69.7418552,69.7738354,40.8499803,40.9019462,41.0395556,649.4548183,635.8809554,635.5810604,388.2086294,385.5253851,381.5317169,261.2461889,250.3555704,254.0493435,558.5894193,551.6937123,547.6868495,364.6780467,360.7049277,355.7675302,193.9113726,190.9887846,191.9193193,90.865399,84.1872432,87.8942109,23.5305827,24.8204574,25.7641867,67.3348162,59.3667857,62.1300242,9.1188542,8.9365869,8.9201357,8.7746598,8.7117609,8.6256891,9.683286,9.3064316,9.4021413,9.4730658,9.3646656,9.3133729,8.7734224,8.67731,8.5745278,11.1444337,11.0121116,11.0838071,7.4145368,6.8766277,7.0621018,8.7938815,9.2451871,9.4001826,7.0292416,6.2113253,6.4018031,7122.1099216,7115.4789144,7125.2398164,4424.2014909,4425.3439465,4423.2027443,2697.9084307,2690.1349679,2702.0370721,60.5752332,60.518752,60.6017706,76.3767344,76.3974153,76.3604505,45.2297017,45.0990593,45.2985934,4632.2381254,1369.3282285,3262.9098969,11757.4779418,5792.5309728,5964.946969
1984-06-01,6490.5448808,6501.7301214,6499.0236012,4042.6279403,4048.0807242,4045.2671225,2447.9169405,2453.6493972,2453.7564787,5350.8359292,5363.8299821,5343.9614724,3798.1181285,3806.3455054,3800.6248274,1552.7178008,1557.4844767,1543.336645,1139.7089516,1137.9001393,1155.0621288,244.5098118,241.7352188,244.6422951,895.1991398,896.1649205,910.4198337,55.1237206,55.2181462,55.1951602,69.6871998,69.781875,69.7333734,40.9797992,41.0750449,41.0768375,644.6035988,650.5906354,632.4541057,385.9832461,387.9667394,374.3338575,258.6203527,262.623896,258.1202482,553.3473553,553.9095762,537.829323,361.8508684,360.7264502,349.0324997,191.4964869,193.183126,188.7968233,91.2562435,96.6810591,94.6247827,24.1323777,27.2402891,25.3013578,67.1238658,69.44077,69.3234249,9.0342002,9.0962173,8.8684861,8.7156725,8.7457752,8.4698564,9.5553959,9.6685373,9.5181409,9.3721236,9.3601547,9.1439723,8.698403,8.6565928,8.4111162,10.9789541,11.0348261,10.8996695,7.4133894,7.8310814,7.5718792,8.983093,10.1274236,9.3728293,6.9751908,7.191421,7.0756726,7135.1484796,7152.3207568,7131.4777069,4428.6111864,4436.0474636,4419.60098,2706.5372932,2716.2732932,2711.8767269,60.5982916,60.7435076,60.566491,76.3408152,76.4697472,76.1862384,45.3092803,45.471471,45.3978708,4643.1481479,1381.4479655,3261.7001824,11774.6258548,5801.0489455,5973.5769093
1984-07-01,6505.2304427,6510.6699185,6528.6968289,4047.4194151,4056.7159655,4068.8827862,2457.8110276,2453.953953,2459.8140427,5361.2115464,5358.5791059,5371.684894,3801.6807963,3798.6059124,3811.8255882,1559.5307501,1559.9731935,1559.8593058,1144.0188963,1152.0908126,1157.0119349,245.7386187,258.1100532,257.057198,898.2802775,893.9807595,899.9547369,55.1683618,55.2138798,55.3667574,69.6687663,69.8291371,70.0385672,41.0859953,41.0206673,41.1186255,639.0286375,637.6979928,594.9494851,384.2177867,380.3560224,357.5477106,254.8108508,257.3419703,237.4017745,547.5828043,550.9995163,514.3907173,359.4693329,358.969831,339.572498,188.1134714,192.0296853,174.8182193,91.4458332,86.6984765,80.5587678,24.7484538,21.3861914,17.9752126,66.6973794,65.312285,62.5835552,8.9446453,8.9208894,8.351755,8.6698836,8.5722301,8.077563,9.3935263,9.4914748,8.8017345,9.267251,9.3238376,8.7391116,8.6387014,8.634114,8.1797142,10.7638311,10.9605805,10.0778512,7.4017356,6.998646,6.5094275,9.1495884,7.6516919,6.5356707,6.9118056,6.8083768,6.5019289,7144.2590802,7148.3679113,7123.646314,4431.6372018,4437.071988,4426.4304968,2712.6218784,2711.2959233,2697.2158172,60.5877183,60.6218917,60.4122396,76.2823579,76.3762883,76.193114,45.3455406,45.3224348,45.0870696,4668.0805906,1383.0583999,3285.0221907,11791.7269046,5809.4888967,5982.2380079
1984-08-01,6516.5978625,6508.0749784,6466.1158232,4050.3634162,4046.2852754,4017.9670099,2466.2344463,2461.7897029,2448.1488133,5369.4642733,5373.0683049,5318.8136856,3803.3561787,3801.8922431,3772.4879282,1566.1080947,1571.1760618,1546.3257574,1147.1335892,1135.0066735,1147.3021376,247.0072375,244.3930323,245.4790817,900.1263517,890.6136412,901.8230559,55.1841142,55.1118617,54.756542,69.6181356,69.547977,69.0612397,41.1666826,41.0923626,40.8646679,633.1393324,630.1736186,604.0116073,382.3486617,391.0095525,381.18509,250.7906706,239.1640661,222.8265173,541.315926,540.9146142,523.5420076,357.0727173,366.4039137,358.5924386,184.2432086,174.5107005,164.949569,91.8234064,89.2590044,80.4695997,25.2759444,24.6056388,22.5926514,66.547462,64.6533656,57.8769483,8.855421,8.8281265,8.5431502,8.6256146,8.8118903,8.6649673,9.2303405,8.8548004,8.342515,9.1581129,9.1463675,8.9611457,8.5825939,8.7902563,8.6803549,10.5260703,9.9966789,9.6389848,7.4113473,7.2908198,6.5541173,9.282962,9.1471228,8.427838,6.8841693,6.7680936,6.0307334,7149.7371949,7138.248597,7070.1274305,4432.7120779,4437.2948279,4399.1520999,2717.025117,2700.9537691,2670.9753306,60.5456899,60.4483155,59.87145,76.1899906,76.2686903,75.6130891,45.3529107,45.0845056,44.5841034,4738.7187481,1418.8248581,3319.89389,11808.8461786,5817.976958,5990.8692206
1984-09-01,6526.7640423,6538.0990375,6579.8395541,4052.4311018,4048.9444171,4066.1160219,2474.3329405,2489.1546204,2513.7235322,5377.1284257,5366.0553211,5388.6962513,3804.6223745,3797.4909674,3810.4001623,1572.5060511,1568.5643536,1578.296089,1149.6356166,1172.0437164,1191.1433028,247.8087273,251.4534496,255.7158596,901.8268893,920.5902668,935.4274432,55.1884296,55.2858735,55.6388295,69.5508585,69.4922027,69.7869197,41.2406743,41.4892856,41.8988008,626.8890942,625.7408892,620.7708504,379.4001744,380.3697743,376.671892,247.4889198,245.3711149,244.0989584,534.657236,529.4837977,517.4091516,353.907256,353.1687758,348.8794263,180.74998,176.3150219,168.5297253,92.2318583,96.2570914,103.3616988,25.4929185,27.2009985,27.7924657,66.7389398,69.0560929,75.5692331,8.7632023,8.7347134,8.6210865,8.5607992,8.5875546,8.4782776,9.092767,8.9730776,8.8511483,9.0439212,8.9810921,8.7605811,8.510394,8.5087383,8.3879773,10.3093888,10.1047112,9.6477693,7.426868,7.5894528,7.9846504,9.3277589,9.7615519,9.803051,6.8904908,6.9778555,7.4747262,7153.6531365,7163.8399266,7200.6104045,4431.8312762,4429.3141914,4442.7879139,2721.8218603,2734.5257353,2757.8224906,60.4892226,60.5771105,60.8880401,76.0624085,76.0205051,76.2517551,45.3656689,45.5791369,45.9674478,4625.3744632,1383.685072,3241.6893912,11825.9848677,5826.4729859,5999.5118818
1984-10-01,6537.5889972,6534.7004857,6553.1870257,4054.5645933,4050.276747,4059.1650232,2483.0244039,2484.4237387,2494.0220025,5386.0328031,5372.5793727,5372.0962427,3806.6302097,3801.8841606,3806.3168555,1579.4025934,1570.6952121,1565.7793872,1151.5561941,1162.121113,1181.090783,247.9343836,248.3925864,252.8481677,903.6218105,913.7285266,928.2426153,55.1962373,55.1717919,55.3278719,69.4820259,69.4082852,69.5606007,41.3227846,41.3461378,41.5058735,621.2088619,622.357082,578.3553454,375.6805512,376.1248119,350.7964638,245.5283107,246.2322701,227.5588816,528.5561589,531.7307281,488.9934422,350.2595318,349.3030836,325.6747838,178.2966271,182.4276445,163.3186584,92.652703,90.6263539,89.3619032,25.4210194,26.8217283,25.12168,67.2316835,63.8046257,64.2402232,8.6775584,8.6957116,8.1098213,8.4799044,8.4973043,7.9546378,8.9984815,9.0173302,8.3612757,8.9364817,9.0058062,8.3430466,8.4260001,8.4145345,7.8817871,10.1437507,10.4058677,9.4453093,7.446716,7.2342077,7.0338631,9.2996221,9.7457606,9.0375558,6.9250081,6.5271061,6.4726785,7158.7978591,7157.0575676,7131.5423711,4430.2451445,4426.4015589,4409.961487,2728.5527146,2730.6560088,2721.5808841,60.4410442,60.4262876,60.2108655,75.9199665,75.8538146,75.5720864,45.4088956,45.4439707,45.2929412,4712.7357576,1425.4755044,3287.2602532,11844.2781287,5835.4369914,6008.8411373
1984-11-01,6549.4435071,6550.096773,6576.0618183,4057.4549042,4064.8106399,4064.783624,2491.9886029,2485.2861331,2511.2781943,5396.6633327,5399.0820816,5391.759744,3809.7733334,3815.2064583,3809.2228861,1586.8899994,1583.8756233,1582.5368579,1152.7801744,1151.0146915,1184.3020743,247.6815709,249.6041816,255.5607379,905.0986035,901.4105099,928.7413364,55.2101092,55.2165991,55.4354816,69.4228046,69.5503308,69.5498685,41.4075057,41.2966219,41.7285176,616.839058,622.5471279,571.1794489,372.0488385,368.5347996,341.1875774,244.7902195,254.0123282,229.9918715,523.876349,530.0437733,488.0903749,346.9543334,344.8898931,321.4288405,176.9220156,185.1538802,166.6615344,92.962709,92.5033546,83.089074,25.0945051,23.6449066,19.7587369,67.8682039,68.858448,63.3303371,8.6075179,8.6794652,7.9916072,8.3993346,8.3127923,7.7437541,8.9444648,9.2728971,8.3899749,8.848456,8.9396614,8.3010683,8.3468142,8.2904304,7.7815527,10.0306617,10.46641,9.5278806,7.4624315,7.438843,6.555914,9.1996723,8.6532426,7.1766579,6.9753874,7.0968413,6.3836453,7166.2825651,7172.6439009,7147.2412672,4429.5037427,4433.3454395,4405.9712014,2736.7788224,2739.2984614,2741.2700658,60.4099024,60.4646032,60.2504618,75.7885374,75.85609,75.3877072,45.4750012,45.517404,45.550165,4715.3089145,1438.4447679,3276.8641466,11862.5501817,5844.4159693,6018.1342124
1984-12-01,6562.1290747,6553.8373692,6636.0402174,4061.5098972,4054.9799892,4097.5383505,2500.6191775,2498.85738,2538.5018669,5408.3207643,5408.8315608,5480.3811646,3814.2414601,3812.6255265,3854.8768982,1594.0793042,1596.2060343,1625.5042664,1153.8083104,1145.0058084,1155.6590528,247.2684371,242.3544628,242.6614523,906.5398733,902.6513457,912.9976005,55.2285359,55.1623632,55.8542484,69.3801129,69.2742427,70.0012989,41.4849428,41.4577674,42.1154967,613.8593234,610.3414007,627.3922049,369.1127724,365.9377833,375.2577902,244.7465509,244.4036174,252.1344147,520.8171398,514.0529858,527.0486238,344.5369822,341.6913683,345.4083401,176.2801577,172.3616174,181.6402837,93.0421835,96.2884149,100.3435811,24.5757903,24.246415,29.8494501,68.4663933,72.0419999,70.494131,8.5543522,8.5193491,8.6376821,8.3309458,8.2774166,8.3897808,8.9148979,8.9092368,9.0350153,8.7840281,8.6790985,8.7732798,8.2845717,8.2249712,8.2234496,9.9573088,9.7458312,10.0512316,7.4621764,7.7570984,7.9891219,9.0403944,9.0946493,10.9534884,7.022149,7.3912477,7.1677401,7175.9883981,7164.1787699,7263.4324223,4430.6226696,4420.9177726,4472.7961407,2745.3657284,2743.2609974,2790.6362816,60.394931,60.299487,61.1348855,75.6854246,75.5258304,76.4121072,45.5452558,45.5125919,46.2985806,4617.5621453,1380.721458,3236.8406873,11880.9945676,5853.5175987,6027.4769689
1985-01-01,6575.0746165,6563.8562211,6452.3615075,4066.677711,4060.7511625,4040.0662156,2508.3969055,2503.1050586,2412.2952919,5419.2951237,5409.437512,5415.594714,3819.4192784,3812.7549215,3808.6257654,1599.8758453,1596.6825904,1606.9689486,1155.7794928,1154.4187092,1036.7667935,247.2584326,247.996241,231.4404502,908.5210602,906.4224681,805.3263433,55.2478448,55.1545939,54.2177291,69.3543202,69.2547644,68.9019895,41.5474551,41.4604231,39.9562867,612.3721457,613.6565189,657.7337442,367.3924378,369.3404306,405.3532083,244.9797079,244.3160883,252.3805359,519.4731488,520.0275789,572.4483787,343.4042763,343.384386,376.4843438,176.0688725,176.6431929,195.9640349,92.8989969,93.62894,85.2853655,23.9881615,25.9560446,28.8688645,68.9108354,67.6728954,56.416501,8.5200234,8.5497099,9.2507023,8.2856704,8.3370834,9.1184469,8.8974282,8.8925605,9.4713411,8.747153,8.7702275,9.5598574,8.2493114,8.2621,8.995805,9.9140965,9.9611247,10.8691802,7.4397852,7.5020325,7.6008379,8.8436729,9.4746589,11.0902157,7.050193,6.9472557,6.5467908,7187.4467622,7177.5127401,7110.0952517,4434.0701488,4430.0915931,4445.4194239,2753.3766134,2747.4211469,2664.6758278,60.3933745,60.3110103,59.7445164,75.6199391,75.553743,75.815154,45.6051397,45.5071763,44.1366162,4790.7379559,1418.0777616,3372.6601943,11900.8332076,5863.4971855,6037.3360221
1985-02-01,6588.5221317,6626.1510316,6595.6641925,4072.6308634,4089.4886244,4086.9432163,2515.8912683,2536.6624073,2508.7209762,5428.562903,5439.84546,5452.3288261,3824.6337849,3828.9435054,3842.9558313,1603.9291181,1610.9019546,1609.3729948,1159.9592287,1186.3055717,1143.3353664,247.9970785,260.545119,243.987385,911.9621502,925.7604527,899.3479814,55.2715849,55.5854857,55.3297376,69.3417024,69.6263205,69.5829832,41.605665,41.9479344,41.4858764,611.8224146,606.7724293,674.1414589,366.8128992,359.0119602,390.8162895,245.0095154,247.7604691,283.3251694,518.9790639,518.191836,576.5686759,343.2968004,337.7570036,369.3141688,175.6822634,180.4348324,207.2545071,92.8433507,88.5805933,97.572783,23.5160988,21.2549567,21.5021207,69.327252,67.3256367,76.0706623,8.4971269,8.3890343,9.2731703,8.2625869,8.0704038,8.7279428,8.8742601,8.8980906,10.1475819,8.725942,8.697358,9.5634181,8.2366247,8.1061022,8.7675806,9.8719454,10.0726359,11.4087509,7.4108525,6.9481179,7.8630141,8.6611261,7.542566,8.0990473,7.064914,6.7794361,7.7987706,7200.3445463,7232.923461,7269.8056514,4439.4437626,4448.5005846,4477.7595058,2760.9007837,2784.4228764,2792.0461456,60.4042071,60.675581,60.9849785,75.5871569,75.7387429,76.2368959,45.6574235,46.0450661,46.1711296,4650.8440407,1395.7213787,3255.122662,11920.6496921,5873.4808845,6047.1688076
1985-03-01,6603.6345803,6601.17704,6657.4406977,4079.3834266,4078.4202086,4097.7230975,2524.2511537,2522.7568314,2559.7176002,5437.0051804,5444.2164063,5471.7986812,3830.1080533,3832.5867409,3847.3829177,1606.8971271,1611.6296655,1624.4157635,1166.6293999,1156.9606336,1185.6420165,249.2753733,245.8334677,250.3401798,917.3540266,911.1271659,935.3018367,55.3107933,55.2831513,55.7543449,69.3442056,69.3184458,69.6465254,41.6794409,41.6498098,42.2600188,611.6787715,626.2877293,672.760485,367.0428314,377.0173972,390.2278371,244.6359401,249.270332,282.5326479,518.4476841,532.5930227,556.9653315,343.6240551,353.3431947,363.1166112,174.823629,179.249828,193.8487203,93.2310874,93.6947066,115.7951535,23.4187763,23.6742026,27.1112259,69.8123111,70.020504,88.6839276,8.4775081,8.6653861,9.1779266,8.2547828,8.4619611,8.6950112,8.8351721,8.9923481,9.9404564,8.7054284,8.9109922,9.2384663,8.2330165,8.4412114,8.6240744,9.8120667,10.0090391,10.6611949,7.400112,7.4916489,8.8974832,8.5879277,8.7842407,9.7715223,7.0719907,7.1365918,8.6606602,7215.3133518,7227.4647692,7330.2011827,4446.426258,4455.4376058,4487.9509346,2768.8870938,2772.0271634,2842.2502481,60.4340989,60.5281492,61.3885401,75.5834558,75.7263829,76.2789923,45.7187732,45.7651735,46.9245314,4610.4658739,1395.6492516,3214.8166223,11940.6670566,5883.6001862,6057.0668704
1985-04-01,6621.6505683,6611.335209,6588.8267822,4087.3183918,4089.6066618,4076.6185971,2534.3321765,2521.7285472,2512.2081851,5446.4536405,5435.0584444,5400.4642997,3836.5454216,3836.3131357,3813.2326717,1609.908219,1598.7453087,1587.231628,1175.1969278,1176.2767646,1188.3624825,250.7729702,253.2935261,263.3859254,924.4239576,922.9832386,924.9765571,55.3762184,55.2873621,55.0991351,69.3689894,69.4043205,69.1839013,41.7831539,41.5736272,41.4166729,611.1452833,606.3991888,615.2984664,367.1075182,366.2799973,360.6723586,244.0377652,240.1191915,254.6261078,517.1143942,512.1133318,511.6248422,343.4481931,342.8986769,336.9146013,173.6662011,169.2146549,174.7102409,94.0308892,94.285857,103.6736242,23.6593251,23.3813204,23.7577573,70.3715641,70.9045366,79.9158669,8.449641,8.4015171,8.5409185,8.2414104,8.2201372,8.1282107,8.7834871,8.6941502,9.2027957,8.6712249,8.6110399,8.6538756,8.2164765,8.2048648,8.118136,9.7369753,9.5711814,9.9157778,7.4085115,7.4207957,8.0240501,8.6211884,8.4508298,8.273822,7.0739727,7.1340586,7.9526788,7232.7958517,7217.7343979,7204.1252486,4454.4259099,4455.8866591,4437.2909557,2778.3699417,2761.8477388,2766.8342929,60.4871669,60.3583818,60.2445752,75.5994503,75.620423,75.3048371,45.8065679,45.5322712,45.6144804,4754.0057962,1455.1471985,3298.8585977,11958.1310448,5892.4381542,6065.6928906
1985-05-01,6642.5894942,6646.2733693,6657.9327706,4096.7839549,4101.3232644,4102.7508809,2545.8055393,2544.9501049,2555.1818897,5458.4872289,5456.9357723,5448.9179617,3844.6481976,3848.9961426,3845.4211682,1613.8390314,1607.9396297,1603.4967935,1184.1022653,1189.337597,1209.0148089,252.1357573,252.3271218,257.3297127,931.9665079,937.0104752,951.6850962,55.4673329,55.4986885,55.5960485,69.421238,69.4991212,69.523313,41.9108339,41.8970714,42.0655155,609.3984295,607.5737501,609.101024,366.014553,365.3484455,362.9306299,243.3838765,242.2253046,246.1703941,514.6573416,507.6011475,504.7003696,342.0631914,335.6051728,332.2589411,172.5941502,171.9959746,172.4414285,94.7410879,99.9726026,104.4006544,23.9513616,29.7432727,30.6716888,70.7897263,70.22933,73.7289656,8.4031915,8.375883,8.3817007,8.2014582,8.1794336,8.1271051,8.7259716,8.690709,8.7875558,8.6161876,8.5103195,8.477204,8.1702119,8.0200035,7.9531925,9.6613829,9.6630448,9.7098777,7.4083419,7.7539604,7.9487913,8.6752912,10.5446276,10.6498401,7.059515,6.9724538,7.1901653,7251.9879237,7253.8471194,7267.0337946,4462.7985079,4466.6717099,4465.6815108,2789.1894158,2787.1754095,2801.3522838,60.5559667,60.5721401,60.6822534,75.6234649,75.6901465,75.673367,45.9175897,45.8847845,46.118176,4708.5165323,1435.5776593,3272.938873,11975.5503269,5901.2591701,6074.2911568
1985-06-01,6667.2873715,6660.2645651,6659.3625128,4108.9446494,4101.6080798,4098.3271074,2558.3427221,2558.6564854,2561.0354054,5474.2788713,5467.1643208,5445.0287993,3855.2353584,3846.5852932,3840.215074,1619.0435129,1620.5790276,1604.8137253,1193.0085002,1193.1002443,1214.3337135,253.7092909,255.0227865,258.1120334,939.2992092,938.0774578,956.2216801,55.5894425,55.5339415,55.5264201,69.5186406,69.3988449,69.3433311,42.0558146,42.0627867,42.1018947,606.2732962,624.3989928,607.593455,363.3461131,378.3885562,365.8327432,242.9271832,246.0104366,241.7607118,510.9313476,526.7020596,512.6175283,339.0454667,353.1672186,342.5001128,171.8858809,173.5348411,170.1174155,95.3419487,97.6969331,94.9759267,24.3006464,25.2213376,23.3326304,71.0413023,72.4755955,71.6432963,8.3353027,8.5714184,8.361045,8.1243848,8.4461795,8.1948845,8.6720377,8.7714671,8.6256974,8.5365648,8.7873507,8.6043632,8.0835185,8.4092388,8.1884637,9.59758,9.6724541,9.5844516,7.4003117,7.5687284,7.2538935,8.7409273,8.9997739,8.2903083,7.0314217,7.1718744,6.9701077,7273.5606677,7284.6635579,7266.9559678,4472.2907624,4479.9966359,4464.1598506,2801.2699053,2804.666922,2802.7961172,60.644331,60.7402417,60.5925941,75.666041,75.8011457,75.5331887,46.0492204,46.1070516,46.0762966,4726.1862277,1446.03662,3280.1496077,11993.1421955,5910.1964706,6082.9457249
1985-07-01,6696.3589187,6685.5026096,6703.429276,4124.4391249,4104.2011432,4116.8576659,2571.9197937,2581.3014664,2586.5716101,5494.1305917,5482.6721041,5496.8437528,3868.7250991,3849.7418925,3863.3540163,1625.4054926,1632.9302116,1633.4897365,1202.228327,1202.8305055,1206.5855232,255.7140258,254.4592507,253.5036496,946.5143011,948.3712549,953.0818736,55.7454157,55.6556635,55.8048999,69.6691289,69.3279999,69.5417933,42.2159331,42.3700189,42.4565241,601.8573399,605.9049819,566.8627267,359.018978,366.0700041,344.5157977,242.8383619,239.8349778,222.346929,506.0666411,509.6587865,477.6164507,334.35245,342.614125,324.8459759,171.7141912,167.0446615,152.7704748,95.7906987,96.2461955,89.246276,24.666528,23.4558791,19.6698218,71.1241707,72.7903163,69.5764542,8.2466361,8.3098493,7.7969733,8.0076354,8.1889888,7.7221914,8.627326,8.5013604,7.9157486,8.4341668,8.5051843,7.994303,7.9549436,8.1723528,7.7562193,9.5549669,9.2803885,8.5525319,7.3797608,7.4088155,6.8871806,8.7975174,8.4399432,7.2004876,6.9891393,7.128188,6.8034897,7298.2162585,7291.4075915,7270.2920027,4483.4581029,4470.2711473,4461.3734636,2814.7581556,2821.1364443,2808.9185391,60.7557188,60.6997186,60.523935,75.7335995,75.5116396,75.3613403,46.2019237,46.3067201,46.1061729,4741.9672865,1458.6028093,3283.3644772,12012.2592892,5919.9762729,6092.2830163
1985-08-01,6729.1953503,6727.4854949,6675.5378568,4143.0335849,4141.597131,4111.0451244,2586.1617653,2585.8883638,2564.4927324,5517.5083813,5521.012111,5463.9362799,3885.146318,3887.5095862,3856.6243015,1632.3620633,1633.5025248,1607.3119784,1211.686969,1206.4733839,1211.6015769,257.8872669,254.0875448,254.4208229,953.799702,952.3858391,957.180754,55.9281875,55.9164289,55.4846589,69.8662345,69.8449617,69.3297248,42.3834303,42.3803493,42.0296945,596.3380966,597.3492367,572.6954476,353.2599222,357.7469767,349.1170091,243.0781744,239.6022601,223.5784385,500.1288563,503.1971871,488.0272047,328.1408915,331.6732374,325.3703081,171.9879648,171.5239497,162.6568966,96.2092403,94.1520496,84.6682429,25.1190307,26.0737393,23.746701,71.0902096,68.0783104,60.9215419,8.1405416,8.1551224,7.9011729,7.8566918,7.9510917,7.8274511,8.5916423,8.4800232,8.019108,8.3110503,8.3529167,8.1994321,7.7882393,7.8610776,7.7802661,9.5318515,9.5025725,9.1898168,7.3560302,7.2389827,6.5316836,8.875785,9.3066889,8.5368344,6.9363752,6.6713084,5.9838331,7325.5334469,7324.8347316,7248.2333044,4496.2935071,4499.3441077,4460.1621335,2829.2399398,2825.4906239,2788.0711709,60.8845169,60.88138,60.2446966,75.8234492,75.8780989,75.217324,46.367128,46.3072116,45.693941,4783.0884829,1469.5384931,3313.5499898,12031.3217873,5929.7006266,6101.6211607
1985-09-01,6763.3028154,6771.8095805,6814.7053585,4162.4946328,4172.3959918,4189.3629934,2600.8081826,2599.4135887,2625.3423651,5543.0250741,5551.8456431,5573.8414801,3903.0771903,3912.9904147,3925.2551926,1639.9478838,1638.8552283,1648.5862875,1220.2777413,1219.9639375,1240.8638784,259.4174425,259.4055771,264.1078008,960.8602989,960.5583603,976.7560776,56.1161526,56.1950272,56.5509926,70.0712795,70.2476244,70.5332856,42.5532685,42.5366674,42.9609645,590.7897582,593.4368745,589.2299056,347.0828159,345.716456,342.7023186,243.7069423,247.7204185,246.527587,493.8791172,495.3445706,483.5402404,321.43034,319.9214953,316.2356086,172.4487772,175.4230752,167.3046318,96.910641,98.0923039,105.6896652,25.6524759,25.7949606,26.46671,71.2581651,72.2973433,79.2229552,8.0334827,8.0572575,7.9583341,7.6965707,7.6517895,7.5617251,8.5676093,8.700694,8.5842183,8.1809998,8.1913178,7.9826609,7.6087056,7.5579531,7.4557655,9.5149578,9.6690279,9.2133635,7.3573866,7.4421941,7.8489018,8.9986611,9.0444993,9.1084073,6.9040684,6.9997525,7.5023227,7354.0925736,7365.246455,7403.9352641,4509.5774487,4518.1124478,4532.065312,2844.5151249,2847.1340072,2871.8699521,61.0180251,61.11959,61.4406443,75.9140586,76.0682032,76.3031176,46.5406933,46.5903513,46.995129,4646.6142499,1407.4892652,3239.1249847,12050.549514,5939.5545772,6110.9949368
1985-10-01,6795.53101,6756.1629031,6771.0533584,4180.1657585,4152.0440966,4161.2584622,2615.3652514,2604.1188065,2609.7948962,5568.0894377,5524.1299337,5522.7783029,3920.1554914,3884.1241478,3889.0532082,1647.9339463,1640.0057859,1633.7250947,1227.4415723,1232.0329694,1248.2750555,260.0102672,267.9199488,272.205254,967.4313051,964.1130206,976.0698015,56.2833542,55.959489,56.0828226,70.2399039,69.7700737,69.9249099,42.7174329,42.535171,42.6278832,586.3977819,575.45171,534.7846261,341.6656116,333.5374615,310.8840497,244.7321703,241.9142485,223.9005764,488.3202724,483.6360978,444.9184337,315.2859945,311.0937639,289.993919,173.0342778,172.5423338,154.9245147,98.0775095,91.8156122,89.8661924,26.379617,22.4436975,20.8901307,71.6978925,69.3719147,68.9760617,7.9436933,7.8489083,7.3199628,7.5559123,7.4357685,6.9515685,8.5567774,8.5000506,7.9013634,8.0628672,8.050182,7.4554464,7.4439936,7.4154375,6.9392354,9.5023228,9.5193243,8.6615352,7.3991775,6.9355071,6.7157479,9.2110855,7.7295136,7.1274171,6.8998054,6.7124263,6.6002904,7381.9287918,7331.6146131,7305.8379845,4521.8313701,4485.5815581,4472.1425119,2860.0974218,2846.033055,2833.6954726,61.1401394,60.7258015,60.5123006,75.9809584,75.3747669,75.14894,46.7147063,46.4865514,46.2850317,4767.4725926,1478.8962036,3288.576389,12073.3105771,5951.0387155,6122.2718616
1985-11-01,6824.9471679,6855.3440185,6881.9441952,4194.2150328,4209.882925,4209.9227962,2630.7321351,2645.4610935,2672.021399,5591.105186,5597.4426231,5590.2951177,3934.0603572,3942.8653907,3936.6327972,1657.0448288,1654.5772324,1653.6623205,1233.8419819,1257.9013954,1291.6490775,260.1546756,267.0175343,273.289999,973.6873063,990.8838611,1018.3590785,56.4231851,56.6741362,56.8940438,70.3428927,70.6056301,70.6062988,42.8914018,43.1310646,43.5640984,583.9126978,592.1113066,543.0949528,337.7208654,336.7224371,311.3762437,246.1918324,255.3888695,231.7187091,484.1312267,481.3689861,443.9649451,310.3504386,306.2602976,285.8933018,173.7807881,175.1086885,158.0716433,99.781471,110.7423205,99.1300077,27.3704268,30.4621396,25.4829419,72.4110443,80.280181,73.6470658,7.881276,7.9505184,7.3143716,7.4520221,7.4060186,6.8868757,8.5574675,8.8039324,7.9800086,7.9689282,7.9188009,7.3574049,7.3119793,7.2076074,6.7706699,9.4919356,9.5704233,8.7248816,7.4819823,8.0913914,7.1276602,9.5193173,10.2400743,8.5292001,6.9220111,7.4946673,6.7441988,7408.8598657,7447.4553251,7425.039148,4531.9358982,4546.6053621,4521.2990399,2876.9239675,2900.849963,2903.7401081,61.2505066,61.5692073,61.3838895,76.0069473,76.2529368,75.8285144,46.9053083,47.2948732,47.3419936,4671.0323234,1441.2324411,3229.7998823,12096.0714714,5962.531481,6133.5399904
1985-12-01,6850.8610139,6822.6231614,6910.8392317,4203.7189719,4180.3652744,4225.5882894,2647.142042,2642.257887,2685.2509423,5611.2193677,5591.4974053,5668.503442,3943.1695453,3930.8282808,3975.9938351,1668.0498224,1660.6691245,1692.5096069,1239.6416463,1231.1257561,1242.3357897,260.5494266,249.5369936,249.5944543,979.0922197,981.5887625,992.7413354,56.5314858,56.2969065,57.0248218,70.3669001,69.9744515,70.7314322,43.0800707,42.9994032,43.6990607,583.7768396,575.9670003,591.1212989,335.7660127,328.7634712,336.7816063,248.0108268,247.2035291,254.3396926,481.9106268,474.3056348,485.6784876,307.2564028,302.4794231,305.190697,174.6542239,171.8262117,180.4877906,101.8662128,101.6613656,105.4428113,28.5096099,26.2840481,31.5909093,73.3566029,75.3773174,73.851902,7.8521221,7.784821,7.8795576,7.3965662,7.2910642,7.3817252,8.5664156,8.5553497,8.6522147,7.9090817,7.8193379,7.8918448,7.2288379,7.1452265,7.1286508,9.4781484,9.3766248,9.6363076,7.5934116,7.6277272,7.823452,9.8629022,9.5293847,11.2349053,6.9700874,7.1314793,6.9240925,7434.6378535,7398.5901617,7501.9605306,4539.4849847,4509.1287456,4562.3698957,2895.1528689,2889.4614161,2939.5906349,61.3486572,61.0495009,61.9024619,75.9873552,75.4775696,76.3687645,47.116244,47.0223278,47.8381174,4617.0413584,1411.7609222,3205.2804362,12119.001889,5974.1308179,6144.8710711
1986-01-01,6872.6645468,6871.1468701,6753.6197634,4209.0007907,4207.5546962,4183.4296213,2663.663756,2663.592174,2570.1901421,5627.440495,5630.9603147,5632.8621648,3947.2350924,3953.939768,3946.6180445,1680.2054026,1677.0205467,1686.2441203,1245.2240518,1240.1865554,1120.7575986,261.7656984,253.6149282,236.8115768,983.4583534,986.5716273,883.9460218,56.6050858,56.5917682,55.6237978,70.3197908,70.2950362,69.8919819,43.2696241,43.2679698,41.7507269,585.5322528,581.6630164,624.8409548,335.6793499,336.7441251,370.7869748,249.852903,244.9188913,254.05398,481.5268949,480.8434077,530.86914,306.0903897,305.0204491,335.1843778,175.4365053,175.8229586,195.6847622,104.0053579,100.8196087,93.9718148,29.5889602,31.7236759,35.602597,74.4163977,69.0959328,58.3692178,7.8508555,7.8046136,8.4684459,7.3862041,7.4102549,8.1416192,8.575647,8.4207653,8.9954681,7.882296,7.867455,8.6127885,7.1964958,7.1618525,7.8281141,9.454222,9.4893583,10.3980955,7.7085007,7.5182062,7.7360286,10.1556503,11.1179054,13.0692895,7.0345187,6.545236,6.1942347,7458.1967996,7452.8098865,7378.4607182,4544.6801406,4544.2988212,4554.2165961,2913.516659,2908.5110653,2824.2441221,61.4276845,61.3824296,60.770079,75.9279869,75.9209739,76.0866688,47.328335,47.2464854,45.8776349,4763.1406036,1431.3478519,3331.7927517,12141.6013218,5985.564448,6156.0368738
1986-02-01,6890.3842885,6892.1308036,6861.855494,4211.4280415,4206.798328,4205.3128555,2678.956247,2685.3324755,2656.5426385,5639.0531965,5654.7441002,5667.5906083,3947.4109608,3945.6938675,3960.3476253,1691.6422357,1709.0502328,1707.242983,1251.331092,1237.3867033,1194.2648857,264.0170806,261.1044606,244.9652302,987.3140114,976.2822428,949.2996555,56.6458917,56.6593045,56.4104152,70.2265967,70.1485451,70.1237748,43.4395125,43.5423195,43.075496,588.3838155,599.4968954,665.2924183,336.8623779,339.9384509,369.4212947,251.5214375,259.5584444,295.8711236,482.6169695,495.0647346,550.3483511,306.5560119,312.3334327,341.0240043,176.0609577,182.7313019,209.3243468,105.766846,104.4321608,114.9440672,30.3063661,27.6050182,28.3972904,75.4604799,76.8271426,86.5467768,7.8673895,8.0022249,8.8385724,7.4063515,7.4765369,8.0752516,8.5829501,8.813856,10.0213299,7.8837467,8.0500833,8.8509771,7.2063562,7.3351675,7.9282618,9.4266026,9.659218,10.9218363,7.7936045,7.7828807,8.7796579,10.2969595,9.5615213,10.3881433,7.1003285,7.2952671,8.3551745,7478.768104,7491.6276989,7527.1479123,4548.2904194,4546.736779,4574.7341502,2930.4776846,2944.89092,2952.4137621,61.4829987,61.58769,61.879697,75.8438596,75.8170335,76.2838909,47.5179549,47.7510262,47.8730081,4637.016232,1422.2517079,3214.7645241,12164.1641443,5996.9858581,6167.1782862
1986-03-01,6904.3274251,6902.7728826,6961.8946633,4212.3360914,4217.4951027,4238.2204466,2691.9913337,2685.2777799,2723.6742167,5646.1053391,5638.9634454,5667.7941069,3945.263702,3946.8473834,3962.3364013,1700.8416371,1692.1160619,1705.4577056,1258.222086,1263.8094373,1294.1005564,267.0723894,270.6477193,275.8840453,991.1496966,993.161718,1018.2165111,56.6576035,56.6407391,57.1258632,70.1110932,70.1917693,70.5367012,43.5738886,43.4622949,44.0837565,592.1263502,594.2582541,642.5642953,338.802067,340.5704004,353.3844432,253.3242832,253.6878538,289.1798521,484.7138327,486.1053277,507.9616969,308.1875073,308.0530722,315.742513,176.5263254,178.0522555,192.2191839,107.4125175,108.1529264,134.6025984,30.6145597,32.5173282,37.6419302,76.7979578,75.6355982,96.9606682,7.8987528,7.9265811,8.4498358,7.4443371,7.4718189,7.6963165,8.6009215,8.6318755,9.5982031,7.9061838,7.9363244,8.2250936,7.245587,7.2399596,7.3804743,9.4028624,9.520654,10.129184,7.8653922,7.8830826,9.4213132,10.2841457,10.7259489,12.0060005,7.1911725,7.0767017,8.6946424,7496.4537752,7497.0311368,7604.4589586,4551.1381584,4558.0655031,4591.6048898,2945.3156168,2938.9656337,3012.8540688,61.5166517,61.5169284,62.3984279,75.7501929,75.8598823,76.4180783,47.6743194,47.5683342,48.7642481,4582.481023,1416.9273736,3165.5536494,12186.9399816,6008.5322634,6178.4077182
1986-04-01,6957.7720836,6971.4250323,6997.885645,4226.1592365,4230.6745551,4242.291403,2731.6128471,2740.7504772,2755.594243,5650.1038857,5652.9507551,5649.810152,3943.0239876,3937.7717385,3937.512677,1707.0798981,1715.1790165,1712.297475,1307.668198,1318.4742772,1348.075493,283.1352489,292.9028166,304.7787252,1024.532949,1025.5714607,1043.296768,56.9951205,57.1061619,57.322913,70.2135708,70.287688,70.4806883,44.1390287,44.2860114,44.5258622,592.8264715,598.0239282,608.6539106,339.8571149,344.1974293,339.586884,252.9693566,253.8264989,269.0670266,484.919082,486.6847746,485.9500416,309.7339576,311.7652153,306.1432719,175.1851244,174.9195593,179.8067697,107.9073896,111.3391536,122.703869,30.1231573,32.432214,33.4436121,77.7842322,78.9069396,89.2602569,7.8513838,7.9004949,8.0017189,7.4431865,7.5236516,7.4115213,8.4758716,8.4762055,8.8957739,7.9041119,7.9269327,7.9199647,7.2831316,7.3364514,7.2141398,9.3071444,9.2545205,9.5030055,7.6228631,7.7869707,8.3427788,9.6160731,9.9688662,9.8880554,7.0564293,7.1442719,7.8813035,7550.5985551,7569.4489605,7606.539556,4566.0163514,4574.8719843,4581.878287,2984.5822037,2994.5769762,3024.661269,61.8513037,62.0048521,62.3086783,75.8599699,76.0061239,76.1225254,48.2266583,48.3874294,48.873542,4601.293717,1437.205108,3164.088609,12207.83327,6019.083394,6188.749879
1986-05-01,6966.9887588,6965.0905086,6978.969976,4227.7310459,4227.0219387,4228.139091,2739.257713,2738.0685699,2750.830885,5652.9168622,5654.5333794,5644.223037,3942.6772909,3940.9683298,3936.235346,1710.2395713,1713.5650495,1707.987691,1314.0718967,1310.5571292,1334.746939,285.053755,286.0536088,291.9037445,1029.0181417,1024.5035204,1042.843194,56.9716658,56.9570754,57.0705749,70.1151154,70.1045778,70.1231056,44.187569,44.1690128,44.3748875,598.7144912,593.0572064,594.5002444,343.2750771,340.142538,337.9512041,255.4394141,252.9146684,256.5490403,489.2600263,487.4807896,484.6767615,313.4595515,312.8022991,309.9912836,175.8004748,174.6784905,174.6854779,109.4544649,105.5764168,109.8234829,29.8155256,27.3402389,27.9599205,79.6389393,78.2361779,81.8635624,7.9135339,7.8465945,7.8497733,7.5098363,7.4475649,7.4013255,8.5297245,8.4559039,8.5306495,7.9655802,7.9368229,7.9080549,7.3648842,7.35353,7.3003942,9.3211422,9.2508454,9.2785875,7.6889665,7.4552585,7.6025011,9.4691758,8.7239233,8.7411993,7.1833699,7.0947095,7.2786584,7565.70325,7558.1477149,7573.47022,4571.0061229,4567.1644766,4566.090295,2994.6971271,2990.9832383,3007.379925,61.8675776,61.8068048,61.9321047,75.8081861,75.745795,75.7279799,48.3081184,48.2488928,48.5133952,4655.19576,1463.504449,3191.691311,12228.66598,6029.594744,6199.071236
1986-06-01,6974.522247,7005.4935007,7007.678152,4229.5884737,4261.0069576,4257.856116,2744.9337733,2744.486543,2749.822036,5656.293305,5687.2436732,5664.028205,3944.8644561,3980.0739123,3973.574404,1711.4288489,1707.169761,1690.453801,1318.228942,1318.2498274,1343.649947,284.7240175,280.9330454,284.2817127,1033.5049244,1037.316782,1059.368234,56.9355808,57.1892695,57.2071039,70.0234304,70.5439921,70.4918277,44.2047091,44.1985317,44.2844571,605.8070839,580.5551044,563.8085457,347.5078712,332.7569188,321.3208054,258.2992126,247.7981856,242.4877403,495.124392,470.7330023,458.3738449,318.0880182,303.1276644,294.201636,177.0363738,167.605338,164.1722089,110.6826918,109.8221021,105.4347008,29.419853,29.6292544,27.1191694,81.2628388,80.1928477,78.3155314,7.9918307,7.6529315,7.4464708,7.5923215,7.2436661,7.0169991,8.6007051,8.2812369,8.1036978,8.0489477,7.6442804,7.4868302,7.4616834,7.0771281,6.8935585,9.3746166,8.9400237,8.8520385,7.7459438,7.690236,7.2759518,9.365089,9.5405187,8.7087645,7.2896653,7.1760319,6.8837698,7580.3293308,7586.0486051,7571.486698,4577.0963449,4593.7638764,4579.176922,3003.2329859,2992.2847287,2992.309776,61.881006,61.9286248,61.8097488,75.7766363,76.0530189,75.8115216,48.3643874,48.1891929,48.1895963,4678.177539,1461.035474,3217.142065,12249.66424,6040.212396,6209.451841
1986-07-01,6980.7244773,6987.6293398,6991.497212,4231.3097148,4229.7849465,4228.113585,2749.4147624,2757.8443933,2763.383628,5660.2084749,5651.7481144,5658.647485,3948.6665793,3944.7236108,3949.132959,1711.5418955,1707.0245036,1709.514526,1320.5160024,1335.8812254,1332.849728,282.6431355,285.0613357,278.9806259,1037.8728669,1050.8198897,1053.869102,56.8889662,56.945316,56.976837,69.9306027,69.9055264,69.8779038,44.2023743,44.3379428,44.4269972,613.8080634,616.3663447,596.0759523,352.5862239,352.0001894,342.9028165,261.2218395,264.3661553,253.1731358,502.6504236,505.5517511,492.1507586,323.4867185,324.4792397,318.3189727,179.1637051,181.0725115,173.8317859,111.1576398,110.8145936,103.9251937,29.0995054,27.5209498,24.5838438,82.0581344,83.2936438,79.3413499,8.0822363,8.1058219,7.85595,7.6918462,7.6825992,7.5016755,8.6766314,8.7474433,8.3927854,8.1561242,8.2106079,8.0014128,7.5719829,7.6004643,7.4592281,9.4760234,9.5902123,9.2299427,7.7641745,7.6598406,7.2332272,9.3344643,8.8043856,8.098393,7.3270705,7.3443832,7.0014665,7594.5325407,7603.9956846,7587.573165,4583.8959388,4581.785136,4571.016401,3010.6366019,3022.2105486,3016.556764,61.8911557,61.9683609,61.8345265,75.7577742,75.7230227,75.5450482,48.402041,48.588165,48.4972689,4683.197872,1479.699709,3203.498163,12270.77104,6050.71611,6220.054927
1986-08-01,6986.7602443,6969.2680342,6918.525052,4232.9909899,4235.3475037,4202.551317,2753.7692545,2733.9205305,2715.973735,5664.2026241,5669.2084697,5608.718164,3952.6581368,3954.6983173,3922.248384,1711.5444873,1714.5101524,1686.469781,1322.5576202,1300.0595645,1309.806888,280.3328531,280.6491863,280.3029334,1042.2247672,1019.4103781,1029.503955,56.8405855,56.6984955,56.2856758,69.8373321,69.8765734,69.3354879,44.197241,43.8787847,43.5907429,622.0992952,625.7369486,597.6290645,358.4399723,358.3973317,349.2517967,263.6593229,267.3396169,248.3772678,511.2962353,507.8502118,491.8147414,329.4115317,326.9243258,320.9032272,181.8847036,180.925886,170.9115142,110.8030598,117.8867368,105.8143231,29.0284406,31.4730059,28.3485695,81.7746192,86.4137309,77.4657536,8.1759861,8.2387958,7.9512614,7.8067159,7.8018554,7.672823,8.7378812,8.9075789,8.3788076,8.2794321,8.2215539,8.0618325,7.6928111,7.635524,7.5628508,9.6061001,9.5453438,9.2017463,7.7302985,8.313907,7.4747625,9.383346,10.0835527,9.184653,7.275326,7.8144191,6.9980012,7608.8595395,7595.0049828,7516.154117,4591.4309621,4593.7448354,4551.803114,3017.4285773,3001.2601475,2964.351003,61.9016562,61.7891798,61.1476884,75.7509973,75.7895657,75.0975933,48.4289008,48.169523,47.5771399,4775.650065,1509.380626,3266.269439,12291.80418,6061.18374,6230.620442
1986-09-01,6993.3603674,6994.3209774,7040.5986,4234.1306792,4242.4753434,4260.097077,2759.2296882,2751.845634,2780.501523,5667.3556385,5673.773008,5694.075504,3955.3070489,3964.9112705,3976.758758,1712.0485895,1708.8617375,1717.316746,1326.0047289,1320.5479694,1346.523097,278.8236302,277.5640729,283.3383191,1047.1810987,1042.9838965,1063.184778,56.7958843,56.8042458,57.1800886,69.7346533,69.8722027,70.1624269,44.208703,44.0911812,44.5503174,629.2464912,636.2332469,633.0767289,364.2828935,365.5980005,363.3765489,264.9635977,270.6352464,269.70018,519.5300312,530.1296255,518.3490447,335.098474,337.1984771,333.9504838,184.4315572,192.9311484,184.3985609,109.7164601,106.1036214,114.7276842,29.1844195,28.3995234,29.4260651,80.5320406,77.704098,85.3016191,8.2550039,8.337969,8.2499806,7.9219254,7.9338581,7.8593841,8.7614637,8.9540764,8.8420441,8.3972787,8.5450991,8.3437479,7.8104149,7.8379794,7.7469963,9.72494,10.1446982,9.6964335,7.6419057,7.4372483,7.8513343,9.4752132,9.2819942,9.4083811,7.1411814,6.9336067,7.4273077,7622.6068586,7630.5542242,7673.675329,4598.4135727,4608.0733439,4623.473626,3024.193286,3022.4808803,3050.201703,61.9062475,61.9714021,62.3216093,75.7342653,75.893484,76.1471217,48.453981,48.4274083,48.8715626,4639.349665,1448.290512,3191.059153,12313.02499,6071.764138,6241.260857
1986-10-01,7001.2807039,7018.7540262,7030.367547,4235.11237,4235.0594789,4245.127905,2766.1683339,2783.6945474,2785.239643,5669.4077362,5687.3517611,5686.858468,3956.4153287,3957.0245617,3963.460093,1712.9924075,1730.3271994,1723.398375,1331.8729677,1331.4022652,1343.509079,278.6970414,278.0349172,281.6678121,1053.1759264,1053.367348,1061.841267,56.7605547,56.9019982,56.9961506,69.6282389,69.6271001,69.7926315,44.2424072,44.522558,44.5472704,634.3056145,636.1237781,591.0128257,369.4285927,366.5519186,341.7072812,264.8770218,269.5718595,249.3055445,526.0760013,528.0137965,486.236358,339.8791878,338.2207494,315.402665,186.1968135,189.7930471,170.833693,108.2296132,108.1099816,104.7764677,29.5494049,28.3311692,26.3046162,78.6802084,79.7788124,78.4718515,8.3072287,8.3100448,7.7546691,8.0231362,7.9657295,7.4497397,8.738801,8.8289662,8.2155819,8.4912821,8.4952975,7.8767032,7.9109844,7.8743058,7.3711797,9.8040159,9.8844355,9.0186253,7.51541,7.5101814,7.2345172,9.5862922,9.2474887,8.5412244,6.9514319,7.0404697,6.8816056,7635.5863184,7654.8778043,7621.380373,4604.5409627,4601.6113975,4586.835186,3031.0453557,3053.2664069,3034.545187,61.9029765,62.0591406,61.7875724,75.701906,75.6534493,75.4105188,48.4788801,48.8341046,48.5346765,4713.430789,1495.652054,3217.778734,12334.81116,6082.48724,6252.323922
1986-11-01,7010.8688191,7008.1294609,7034.16394,4236.7865247,4228.021735,4228.389583,2774.0822944,2780.1077259,2805.774356,5671.1742206,5677.2924576,5670.615456,3956.715348,3954.4382345,3948.812091,1714.4588726,1722.854223,1721.803365,1339.6945986,1330.8370033,1363.548484,280.0711767,273.5835004,279.5774923,1059.6234219,1057.2535029,1083.970991,56.7371619,56.7158791,56.9265728,69.5316237,69.3891856,69.3952227,44.2901737,44.3868681,44.7966585,637.3698178,635.908662,584.2035545,373.0342046,373.3207744,345.6356699,264.3356132,262.5878877,238.5678846,530.3862418,529.8300366,489.3336095,343.1670617,343.1996592,320.5150987,187.21918,186.6303773,168.8185108,106.983576,106.0786255,94.869945,29.8671428,30.1211151,25.1205712,77.1164332,75.9575104,69.7493738,8.3335504,8.3190148,7.6683562,8.0921629,8.1133011,7.556488,8.699778,8.630107,7.8364345,8.5524643,8.5358399,7.9437931,7.9808476,7.9857742,7.5073913,9.8449461,9.7738613,8.9292583,7.3951192,7.3823837,6.5049881,9.6364796,9.9178984,8.2444145,6.7840001,6.7028567,6.0456048,7648.238637,7644.0381229,7618.367494,4609.8207293,4601.3425093,4574.025253,3038.4179077,3042.6956136,3044.342241,61.8952322,61.8622051,61.654456,75.6536395,75.5160284,75.0677048,48.5104775,48.579315,48.6056049,4738.188679,1519.174567,3219.014112,12356.55617,6093.19982,6263.356353
1986-12-01,7022.0186769,7024.4993016,7116.814849,4239.8519062,4244.4518018,4291.645595,2782.1667707,2780.0474998,2825.169254,5673.5719371,5662.8072124,5744.545584,3957.3675374,3953.5579203,4001.067973,1716.2043997,1709.2492921,1743.477611,1348.4467397,1361.6920892,1372.269265,282.4843688,290.8938814,290.5776225,1065.9623709,1070.7982077,1081.691643,56.7248751,56.7474069,57.4931779,69.4561406,69.5350672,70.3082233,44.3392753,44.3071261,45.0262559,639.1025478,641.1550835,655.809776,374.6400469,378.6907397,386.0841376,264.4625009,262.4643439,269.7256384,532.6994395,534.9830396,545.5136663,344.6107362,346.8466141,348.5355664,188.0887033,188.1364256,196.9780999,106.4031083,106.1720439,110.2961097,30.0293107,31.8441256,37.5485712,76.3737976,74.3279183,72.7475385,8.3421542,8.3639967,8.4374302,8.1187713,8.1911976,8.2536649,8.680495,8.6265677,8.7151793,8.5832444,8.6318352,8.6726316,8.0105178,8.0654415,8.0130422,9.8770879,9.9155603,10.1511258,7.3136832,7.2330975,7.4395444,9.6089588,9.8668657,11.4433325,6.685755,6.4908063,6.3015479,7661.1212247,7665.6543851,7772.624625,4614.4919531,4623.1425414,4677.729733,3046.6292716,3042.5118437,3094.894892,61.8876373,61.9269772,62.7911362,75.5933954,75.7389982,76.6332772,48.5540031,48.4901628,49.3250199,4605.913332,1426.315276,3179.598056,12378.53796,6104.045009,6274.492948
1987-01-01,7035.0737282,7025.9050271,6902.543985,4245.0898828,4239.7132801,4211.612083,2789.9838454,2786.191747,2690.931902,5677.7695569,5671.6283901,5669.68557,3959.5096551,3955.4774763,3945.79931,1718.2599018,1716.1509138,1723.88626,1357.3041713,1354.276637,1232.858415,285.5802277,284.2358038,265.8127729,1071.7239436,1070.0408332,967.0456421,56.7269428,56.6539464,55.6592148,69.4150587,69.3284257,68.8689107,44.3831913,44.3235107,42.8080907,640.1778075,626.4237214,670.6892626,374.4258692,367.8284069,402.2700508,265.7519383,258.5953145,268.4192118,533.6839764,522.7373576,574.084037,344.3648434,339.6537791,370.4212472,189.319133,183.0835785,203.6627898,106.493831,103.6863638,96.6052256,30.0610258,28.1746279,31.8488036,76.4328053,75.5117359,64.756422,8.3408056,8.1860534,8.8560492,8.1053056,7.9831813,8.7186894,8.6968232,8.4930509,9.070205,8.5919338,8.4389166,9.1945103,8.0012752,7.9078789,8.5820741,9.9245761,9.6398617,10.565894,7.2751726,7.1117281,7.2664812,9.523795,9.0184658,10.6996691,6.6570009,6.5917303,6.2760508,7675.2515356,7652.3287485,7573.233248,4619.515752,4607.541687,4613.882134,3055.7357837,3044.7870615,2959.351114,61.8889825,61.7051641,61.0673713,75.5376131,75.3432108,75.4468908,48.6107853,48.4373166,47.0781779,4828.206493,1501.521811,3326.684682,12401.43974,6115.403945,6286.035796
1987-02-01,7050.2583478,7056.5243518,7022.252753,4252.5980289,4251.0372121,4248.103546,2797.6603189,2805.4871397,2774.149207,5685.0033721,5688.6106236,5700.691462,3963.7913237,3965.4531831,3979.406768,1721.2120484,1723.1574405,1721.284695,1365.2549757,1367.9137282,1321.561291,288.8067052,285.584029,268.6967781,1076.4482705,1082.3296992,1052.864513,56.7460174,56.7962354,56.5203917,69.4109427,69.3851931,69.33731,44.4246689,44.5487899,44.0511698,640.7000681,631.1555483,699.6550839,372.893442,364.4602842,395.6759125,267.8066262,266.6952641,303.9791714,533.9708821,522.8441698,580.4912033,343.0203407,332.8771425,362.7288697,190.9505414,189.9670274,217.7623336,106.729186,108.3113785,119.1638806,29.8731012,31.5831417,32.9470428,76.8560848,76.7282367,86.2168378,8.3305621,8.2099613,9.0606505,8.0617042,7.8964464,8.5205578,8.7362425,8.680971,9.8754546,8.5861568,8.4174189,9.2417501,7.9646004,7.744336,8.3536974,9.9861038,9.9296742,11.2303792,7.2507021,7.3370503,8.2711042,9.3740176,9.9578849,10.9224988,6.6639898,6.6198793,7.5689798,7690.958416,7687.6799001,7721.907837,4625.4914709,4615.4974963,4643.779458,3065.4669451,3072.1824038,3078.128379,61.9028748,61.8762517,62.151744,75.4973128,75.3338937,75.7955103,48.6772297,48.7836877,48.8781049,4702.373998,1482.94156,3219.432438,12424.28183,6126.721018,6297.560817
1987-03-01,7067.3176382,7070.2335745,7133.389586,4261.6381496,4269.192196,4291.664079,2805.6794886,2801.0413784,2841.725507,5695.2526265,5696.2196264,5725.760127,3969.9863031,3972.0365945,3988.550694,1725.2663235,1724.1830318,1737.209433,1372.0650117,1374.0139481,1407.629459,291.6518465,297.1556015,303.1133851,1080.4131652,1076.8583466,1104.516074,56.7812126,56.800991,57.3083751,69.4329803,69.5512107,69.9173097,44.4722316,44.3963004,45.0411408,640.550095,651.2854087,702.8495881,370.680174,373.8028242,385.8283038,269.869921,277.4825846,317.0212843,533.8026778,540.0812718,562.0229181,341.0671439,344.5050877,351.5512214,192.7355339,195.576184,210.4716967,106.7474172,111.2041369,140.82667,29.6130301,29.2977364,34.2770824,77.1343871,81.9064005,106.5495876,8.310341,8.4346799,8.9692207,8.0020445,8.0508987,8.2486143,8.7746898,9.0134944,10.0362994,8.5695607,8.6602824,8.9383319,7.9114571,7.9810439,8.1000683,10.0487668,10.1875372,10.8062708,7.2184555,7.4873945,9.0946503,9.217637,8.9745556,10.1594697,6.6636042,7.0684236,8.7980025,7707.8677332,7721.5189832,7836.239174,4632.3183236,4642.9950202,4677.492383,3075.5494096,3078.523963,3158.746792,61.9276081,62.0333014,62.9549429,75.472308,75.6409902,76.2030013,48.7498826,48.794379,50.0659049,4611.137973,1460.707299,3150.430674,12447.37715,6138.199682,6309.177465
1987-04-01,7084.6507971,7084.6112652,7109.576413,4270.8574845,4270.7505617,4281.332941,2813.7933125,2813.8607035,2828.243472,5706.3863495,5710.9900065,5705.142504,3976.7258851,3976.9927848,3975.581429,1729.6604645,1733.9972217,1729.561075,1378.2644475,1373.6212587,1404.433909,294.1315994,293.7577769,305.751512,1084.1328481,1079.8634818,1098.682397,56.8206607,56.8189561,57.0191779,69.4606358,69.4572926,69.629399,44.5228758,44.5230934,44.7506688,639.0938913,641.246867,652.045312,368.1400201,362.0730466,357.3371707,270.9538712,279.1738204,294.7081413,532.7390095,531.0788926,530.5536879,338.7060098,332.7753166,326.9804629,194.0329997,198.3035761,203.573225,106.3548818,110.1679744,121.4916241,29.4340103,29.29773,30.3567078,76.9208715,80.8702444,91.1349163,8.2744047,8.3000083,8.4008901,7.9357667,7.815386,7.70344,8.7836654,9.0258876,9.4368462,8.538681,8.5080588,8.5083313,7.8487164,7.7214205,7.599669,10.0864822,10.2625624,10.5307337,7.1637813,7.4247725,7.9618318,9.0967672,9.0689462,9.0318255,6.6250915,6.9671659,7.6595722,7723.7446883,7725.8581322,7761.621725,4638.9975046,4632.8236083,4638.670112,3084.7471837,3093.0345239,3122.951613,61.9463526,61.9617898,62.2486157,75.4480142,75.3458626,75.4409471,48.8102005,48.9403988,49.4137703,4707.124181,1510.073097,3197.051084,12468.74591,6148.743209,6320.002697
1987-05-01,7100.7780207,7089.8177861,7103.523457,4278.7565413,4270.2622313,4269.715699,2822.0214794,2819.5555548,2833.807758,5716.7595232,5709.094374,5696.347153,3982.4475272,3978.5301325,3972.039694,1734.311996,1730.5642415,1724.307458,1384.0184975,1380.7234121,1407.176304,296.3090141,291.7320988,297.6760045,1087.7094833,1088.9913133,1109.5003,56.8529767,56.7647428,56.8744775,69.4703423,69.3318271,69.3229536,44.5774147,44.5380949,44.7632247,636.2198381,633.4568814,635.1338559,365.6492562,368.3590457,366.905429,270.5705819,265.0978357,268.2284269,530.2841736,531.8919105,530.2375065,336.0225334,339.5890549,337.6448628,194.2616402,192.3028556,192.5926437,105.9356645,101.5649709,104.8963494,29.6267228,28.7699908,29.2605662,76.3089417,72.7949801,75.6357832,8.2230841,8.2019209,8.2072875,7.8728964,7.9411322,7.913207,8.7489904,8.5940883,8.6468504,8.4885619,8.5225618,8.5157038,7.7810551,7.8642817,7.8345609,10.0728143,10.0008397,10.0470882,7.1099949,6.8519036,6.9372559,9.0897436,8.9765377,8.9499214,6.5556472,6.2657806,6.3820336,7736.9978587,7723.2746675,7738.657313,4644.4057975,4638.621277,4636.621128,3092.5920613,3084.6533905,3102.036185,61.9469244,61.8365258,61.9596872,75.4070622,75.3124916,75.2800172,48.8514208,48.7256175,49.0001986,4751.168995,1522.544744,3228.624251,12489.82631,6159.165872,6330.660436
1987-06-01,7114.8723181,7125.522897,7128.887578,4284.6166103,4294.681702,4291.205468,2830.2557078,2830.8411949,2837.68211,5725.2676979,5729.783743,5705.785708,3986.3110199,3992.67615,3985.669229,1738.956678,1737.107593,1720.116479,1389.6046202,1395.739154,1423.10187,298.3055904,302.0055521,305.5362385,1091.2990298,1093.7336019,1117.565632,56.8711711,56.9538538,56.9807475,69.4499635,69.6099439,69.5535997,44.633864,44.6405791,44.748456,632.3819055,620.239869,603.1260182,363.6409431,364.9150224,353.3332323,268.7409624,255.3248467,249.7927859,526.6767242,517.7738626,505.3819613,333.4631509,335.1638733,326.2020268,193.2135732,182.6099893,179.1799345,105.7051813,102.4660064,97.7440569,30.1777922,29.7511491,27.1312055,75.5273891,72.7148573,70.6128514,8.1626585,8.0074731,7.8003745,7.8231668,7.8314722,7.6074989,8.67187,8.2732051,8.0905204,8.4242068,8.2876205,8.1366659,7.719458,7.7443684,7.5652079,9.9998213,9.5123361,9.4340164,7.0691158,6.8392507,6.4269533,9.1870073,8.9677613,8.1556539,6.4728899,6.233868,5.9429499,7747.2542236,7745.762766,7732.013596,4648.2575535,4659.5967244,4644.5387,3098.9966701,3086.1660416,3087.474896,61.9259771,61.9113918,61.8014956,75.3442716,75.5246347,75.2805681,48.8719784,48.6668908,48.6875306,4779.032495,1525.099519,3253.932975,12511.04609,6169.638219,6341.407872
1987-07-01,7127.2628272,7171.2497417,7175.620018,4288.8396566,4321.6590034,4319.974972,2838.4231706,2849.5907383,2855.645045,5732.0396323,5776.4026156,5786.088231,3988.4538186,4022.4430455,4027.209916,1743.5858137,1753.9595701,1758.878315,1395.2231949,1394.8471261,1389.531787,300.385838,299.2159579,292.7650564,1094.8373569,1095.6311682,1096.76673,56.8767066,57.2270187,57.2618938,69.4043512,69.933287,69.9060359,44.6900465,44.8645457,44.959866,628.0804283,629.7581794,610.097676,361.9547604,363.2318738,354.1217431,266.1256679,266.5263056,255.9759329,522.14844,522.3643436,510.193577,331.0677254,332.8026232,327.0344932,191.0807146,189.5617203,183.1590838,105.9319883,107.3938358,99.904099,30.8870351,30.4292505,27.0872499,75.0449533,76.9645853,72.8168491,8.0986799,8.0727796,7.8361135,7.7826437,7.7532622,7.5762605,8.5721205,8.5531545,8.2264496,8.3487806,8.2931207,8.1030931,7.6644536,7.6414202,7.5107059,9.8766744,9.7535191,9.4312851,7.056698,7.1489088,6.7075126,9.3237441,9.2309094,8.4686742,6.4147438,6.5636077,6.2258782,7755.3432555,7801.0079211,7785.717694,4650.794417,4684.8908771,4674.096715,3104.5488385,3116.1170439,3111.620978,61.8888897,62.2525282,62.1305112,75.2617013,75.8111221,75.6364504,48.8801083,49.0607909,48.990004,4745.513006,1505.59137,3239.921637,12531.2307,6179.688085,6351.542615
1987-08-01,7140.4175363,7149.7013641,7092.257321,4292.8398301,4311.0432229,4277.055789,2847.5777062,2838.6581412,2815.201533,5739.092876,5732.0633384,5671.07488,3990.036845,3992.9404454,3959.965469,1749.056031,1739.1228931,1711.109412,1401.3246603,1417.6380257,1421.182441,302.8029851,318.1027775,317.0903203,1098.5216752,1099.5352482,1104.092121,56.887644,56.9648372,56.5071551,69.3540921,69.6504462,69.1013356,44.7611007,44.6222063,44.2534808,624.0239004,630.5828512,602.0339426,360.3347028,356.4251118,347.0850246,263.6891976,274.1577394,254.948918,517.4148774,511.4564792,495.0780471,328.7601671,323.0686614,317.2367312,188.6547103,188.3878178,177.8413159,106.609023,119.1263719,106.9558955,31.5745357,33.3564504,29.8482934,75.0344873,85.7699216,77.1076021,8.0369452,8.104882,7.8244236,7.7438467,7.6363691,7.5059355,8.4752998,8.8073869,8.3041181,8.270027,8.1917972,8.0289615,7.6123088,7.4853563,7.4169215,9.7359583,9.7736327,9.4148203,7.0698748,7.7517655,6.9990977,9.4427806,9.4908449,8.6033356,6.3937705,7.2361046,6.5279055,7764.4414367,7780.2842153,7694.291264,4653.1745329,4667.4683347,4624.140813,3111.2669037,3112.8158806,3070.150451,61.8592369,61.9889701,61.3038261,75.1755733,75.4089522,74.7089404,48.9060337,48.9318211,48.2611431,4856.787108,1565.400611,3291.386497,12551.07837,6189.541425,6361.536947
1987-09-01,7156.6329623,7137.5714541,7186.53346,4298.6362291,4294.1769807,4312.712428,2857.9967331,2843.3944734,2873.821032,5748.5111307,5733.497412,5751.2593,3992.909665,3989.272646,4000.457073,1755.6014657,1744.2247659,1750.802227,1408.1218316,1404.0740422,1435.27416,305.7265641,304.9043347,312.2553554,1102.3952674,1099.1697075,1123.018804,56.9207659,56.7775122,57.1669921,69.3297578,69.26608,69.5650611,44.8500323,44.6261652,45.1037003,620.2927372,600.0619075,597.6025738,358.2336377,347.3514168,345.5271497,262.0590995,252.7104907,252.0754241,512.821446,499.8414519,488.9249561,326.085443,320.9998992,318.1446636,186.7360029,178.8415527,170.7802925,107.4712912,100.2204556,108.6776177,32.1481947,26.3515176,27.3824861,75.3230966,73.868938,81.2951316,7.9760661,7.7551091,7.6771856,7.6925842,7.4835569,7.4175479,8.3991798,8.1622068,8.0641003,8.1902924,8.0188397,7.8351045,7.5500304,7.4473225,7.3668442,9.6139835,9.299812,8.8874816,7.0910385,6.6622896,7.0389257,9.5148258,7.9550346,8.0622601,6.3956799,6.2972297,6.7503272,7776.9256994,7737.6333616,7784.136034,4656.8698668,4641.5283975,4658.239578,3120.0558326,3096.1049641,3125.896456,61.8543063,61.5508475,61.9207641,75.1074626,74.8689396,75.1384949,48.962479,48.5923754,49.0599433,4786.987961,1541.298468,3245.689494,12571.12399,6199.538046,6371.585949
1987-10-01,7177.229059,7167.1220434,7177.382961,4307.5585335,4291.7020703,4303.352901,2869.6705255,2875.4199731,2874.03006,5762.01379,5766.0415499,5767.293964,3998.5365733,3993.4475433,4001.850665,1763.4772167,1772.5940067,1765.443299,1415.2152689,1401.0804935,1410.088997,309.0219602,298.254527,301.5022363,1106.1933087,1102.8259664,1108.586761,56.9852877,56.9072899,56.9887621,69.3511282,69.0967463,69.2843256,44.9556483,45.0464468,45.0246723,616.0357954,630.5008332,585.3982292,355.0479358,367.0339933,341.9259591,260.9878597,263.4668399,243.4722701,507.8223865,515.9648184,475.4809223,322.5221664,328.7041988,306.2539484,185.3002201,187.2606196,169.2269739,108.2134089,114.5360147,109.9173069,32.5257694,38.3297945,35.6720107,75.6876395,76.2062202,74.2452962,7.9047204,8.0858082,7.5410889,7.6147952,7.8784028,7.3607198,8.3365167,8.3936394,7.8098505,8.0994522,8.2133762,7.6164996,7.4639616,7.6051055,7.1087863,9.5085368,9.5548219,8.7470706,7.1032803,7.5570577,7.2313718,9.5230524,11.3878728,10.5796961,6.4039986,6.4634555,6.2769094,7793.2648544,7797.6228766,7762.78119,4662.6064693,4658.7360636,4645.27886,3130.6583851,3138.886813,3117.50233,61.8764479,61.9134965,61.6368519,75.0673535,75.006023,74.7893609,49.0442286,49.173929,48.8389189,4831.601807,1565.870432,3265.731375,12594.383,6211.149292,6383.233705
1987-11-01,7203.6712693,7157.2815185,7182.161301,4320.5416549,4293.491855,4294.183099,2883.1296144,2863.7896635,2887.978202,5781.1138034,5728.9832709,5722.867791,4008.4006647,3981.1735572,3975.736803,1772.7131387,1747.8097137,1747.130989,1422.5574659,1428.2982475,1459.29351,312.1409901,312.3182978,318.4462968,1110.4164757,1115.9799498,1140.847213,57.0923898,56.7259093,56.923097,69.4327976,68.9986559,69.0097646,45.0859761,44.7835706,45.1618278,611.0758101,616.5372783,567.0697173,350.8730013,355.3391765,329.569998,260.2028089,261.1981018,237.4997193,502.2306308,507.2180064,469.5976798,318.0190544,323.8500322,303.4319238,184.2115764,183.3679742,166.165756,108.8451793,109.3192719,97.4720375,32.8539468,31.4891443,26.1380742,75.9912325,77.8301276,71.3339633,7.8195213,7.9309448,7.3177547,7.5110652,7.6436243,7.1277594,8.2779284,8.358372,7.5988289,7.9930463,8.1334451,7.5833718,7.3506288,7.5226076,7.0909081,9.4133195,9.4951374,8.6847875,7.1075481,7.1096531,6.2611893,9.5230229,9.1589478,7.5853917,6.4051533,6.5194732,5.8847609,7814.7470794,7773.8187967,7749.231018,4671.4146562,4648.8310315,4623.753097,3143.3324233,3124.9877653,3125.477921,61.9354451,61.6123508,61.4174774,75.0714642,74.709142,74.3061265,49.1549911,48.8681526,48.8758176,4868.074921,1598.820078,3269.254843,12617.30594,6222.573176,6394.732764
1987-12-01,7234.9939363,7234.7718023,7330.688657,4337.2007686,4341.4766585,4390.959698,2897.7931677,2893.2951438,2939.728959,5805.2431952,5803.839256,5890.678115,4022.5737566,4023.4422165,4073.382003,1782.6694386,1780.3970396,1817.296112,1429.7507411,1430.9325462,1440.010543,314.627012,318.034442,317.5776951,1115.1237291,1112.8981042,1122.432848,57.2349928,57.2349932,57.9938009,69.5695514,69.6400822,70.433822,45.232521,45.1632381,45.8880523,605.9371708,606.0246907,620.6355777,346.2018156,345.4173854,352.5617047,259.7353552,260.6073053,268.073873,496.1540228,496.5808697,507.0773207,312.9283142,312.1490426,313.8697627,183.2257086,184.4318272,193.207558,109.783148,109.443821,113.558257,33.2735014,33.2683428,38.691942,76.5096466,76.1754781,74.866315,7.7278727,7.7291215,7.8054367,7.3921003,7.3698569,7.432489,8.2259069,8.263011,8.3569311,7.8737144,7.8817104,7.9258628,7.2178103,7.199688,7.1541315,9.3202178,9.3866611,9.6099082,7.1309342,7.1050052,7.3095094,9.5640852,9.4699912,10.8602974,6.4205693,6.406288,6.252933,7840.9311071,7840.7964929,7951.324235,4683.4025841,4686.8940439,4743.521403,3157.5285229,3153.9024491,3207.802832,62.0284743,62.0293142,62.9037101,75.1226965,75.1807996,76.0891389,49.2868079,49.2312191,50.0725836,4689.145177,1490.6422010000001,3198.502976,12640.46941,6234.163604,6406.305808
1988-01-01,7267.722613,7296.5912034,7169.392598,4355.228242,4375.0017006,4341.518824,2912.494371,2921.5895028,2827.873774,5831.4260598,5851.0585139,5844.522319,4039.2518582,4055.5967674,4042.594152,1792.1742016,1795.4617465,1801.928167,1436.2965532,1445.5326895,1324.870279,315.9763838,319.4049332,298.9246721,1120.3201694,1126.1277563,1025.945607,57.3871595,57.6151409,56.6107588,69.7266723,70.043316,69.5072587,45.3783861,45.5201976,44.0600478,601.61145,602.7822927,646.2306849,341.6254622,339.31244,371.961349,259.9859878,263.4698528,274.2693359,490.0206719,493.5219753,542.3538507,307.7620997,305.3553341,333.5668591,182.2585722,188.1666412,208.7869916,111.5907781,109.2603174,103.8768342,33.8633625,33.9571058,38.3944899,77.7274156,75.3032116,65.4823443,7.6450109,7.6307608,8.2684472,7.2734959,7.1974932,7.8914377,8.1950385,8.2720547,8.8412857,7.7517172,7.7786384,8.491692,7.0798507,7.0020337,7.6223626,9.2309333,9.4859825,10.383718,7.2092313,7.0273224,7.2704843,9.6796784,9.6097209,11.382244,6.4878404,6.2677935,5.9996946,7869.334063,7899.3734961,7815.623283,4696.8537042,4714.3141406,4713.480173,3172.4803588,3185.0593555,3102.14311,62.1375846,62.3748137,61.7135076,75.1960542,75.4756724,75.4623207,49.4291217,49.6252232,48.3333361,4848.740791,1532.657146,3316.083646,12664.36407,6246.137319,6418.226755
1988-02-01,7297.1087629,7281.9882973,7247.304349,4372.0092773,4366.8736682,4362.665959,2925.0994856,2915.1146291,2884.638391,5855.5182587,5857.4329376,5868.420922,4056.1400623,4058.8095592,4072.225858,1799.3781964,1798.6233784,1796.195064,1441.5905042,1424.5553596,1378.883428,315.8692149,308.0641089,290.4401009,1125.7212893,1116.4912507,1088.443327,57.5133873,57.3929135,57.1195523,69.8650044,69.7811643,69.7139265,45.4919604,45.3361355,44.8621662,598.4842182,583.2748274,644.7485882,337.6134687,329.0989555,355.9759122,260.8707495,254.1758719,288.772676,484.3355644,470.8527447,520.7157671,303.0885722,294.9206391,319.8241247,181.2469921,175.9321056,200.8916424,114.1486538,112.4220827,124.0328211,34.5248964,34.1783164,36.1517875,79.6237574,78.2437663,87.8810336,7.5799781,7.4158336,8.1695928,7.1685884,7.0081106,7.5440333,8.1881101,8.0199613,9.0997564,7.6395384,7.440447,8.1500176,6.9528028,6.773976,7.2818872,9.150999,8.9099601,10.0592349,7.3372617,7.3144914,8.2528099,9.8531611,9.9865808,11.0694077,6.6058891,6.5490477,7.4708164,7895.5929811,7865.2631247,7892.052938,4709.622746,4695.9726237,4718.641871,3185.9702351,3169.290501,3173.411067,62.2304411,61.9899878,62.2011315,75.2600905,75.0400543,75.4023012,49.5490948,49.2891024,49.3531858,4795.904259,1539.312858,3256.591401,12687.9572,6257.954729,6430.002468
1988-03-01,7320.315392,7329.6824452,7397.447882,4385.8057646,4394.7581295,4420.22636,2934.5096274,2934.9243157,2977.221522,5874.752316,5879.0278531,5909.959241,4071.3468918,4074.6404061,4092.950243,1803.4054242,1804.387447,1817.008998,1445.563076,1450.6545922,1487.488641,314.4588728,320.1177234,327.2761172,1131.1042032,1130.5368687,1160.212524,57.5931031,57.6605189,58.1936103,69.9588109,70.0928716,70.4990695,45.5575811,45.5600603,46.2166576,596.1309105,594.5460817,645.2015149,334.3175859,334.6427209,345.9326827,261.8133246,259.9033608,299.2688322,479.6102096,476.7553459,494.8151443,299.3472119,299.0941229,304.0010447,180.2629977,177.661223,190.8140996,116.5207009,117.7907359,150.3863706,34.970374,35.548598,41.931638,81.5503269,82.2421378,108.4547326,7.5302843,7.5028891,8.0222509,7.0828146,7.0757953,7.258102,8.1910786,8.1351293,9.1338231,7.5477313,7.5011266,7.7257233,6.8489628,6.8384151,6.9139052,9.0873553,8.9635147,9.5035315,7.4593119,7.5100314,9.1817977,10.0078555,9.9949295,11.3571932,6.7249431,6.7812963,8.5487138,7916.4463025,7924.228527,8042.649397,4720.1233506,4729.4008504,4766.159043,3196.322952,3194.8276765,3276.490354,62.2832055,62.3376432,63.2692264,75.2915734,75.4301549,76.0164187,49.6221722,49.5946491,50.8623331,4669.137771,1503.748337,3165.389434,12711.78717,6269.90738,6441.879788
1988-04-01,7338.0335612,7359.9216264,7383.371107,4395.9182325,4407.5653566,4417.326183,2942.1153287,2952.3562698,2966.044924,5889.0569903,5906.7685491,5898.782039,4083.6074931,4097.5593335,4095.276745,1805.4494972,1809.2092156,1803.505294,1448.9765709,1453.1530773,1484.589068,312.3107394,310.0060231,322.0494379,1136.6658315,1143.1470542,1162.53963,57.6329514,57.8039783,57.9881478,69.9979211,70.1822927,70.3377158,45.5979294,45.7560476,45.9681963,593.6990707,632.404672,644.7949779,331.4627047,353.8357667,350.3874051,262.236366,278.5689054,294.4075728,475.9352573,493.4886701,492.6303332,296.6544843,308.9755165,303.5088204,179.280773,184.5131536,189.1215128,117.7638134,138.9160019,152.1646447,34.8082204,44.8602501,46.8785847,82.955593,94.0557518,105.28606,7.485112,7.9126483,8.0316597,7.0115506,7.4313371,7.3491706,8.1837573,8.6219547,9.0296538,7.4773894,7.7104506,7.7076913,6.7725284,7.011757,6.8998321,9.0330044,9.2547065,9.4910654,7.5164855,8.7255009,9.2967344,10.0277497,12.6414521,12.7067021,6.8017494,7.6022905,8.3044586,7931.7326319,7992.3262984,8028.166085,4727.3809371,4761.4011232,4767.713588,3204.3516947,3230.9251752,3260.452497,62.2958668,62.7708119,63.0522934,75.275931,75.8164702,75.9169845,49.66216,50.0733491,50.5309678,4704.38598,1512.453654,3191.932326,12732.55206,6280.167241,6452.384823
1988-05-01,7353.2439933,7343.0541464,7354.833831,4403.4593794,4396.3993036,4393.751444,2949.7846139,2946.6548428,2961.082387,5900.5394609,5893.6093324,5877.3852,4093.2855962,4087.7052066,4078.909442,1807.2538647,1805.9041259,1798.475758,1452.7045324,1449.4448139,1477.448632,310.1737833,308.694097,314.8420026,1142.5307492,1140.7507169,1162.606629,57.6566297,57.5775568,57.6699224,69.9993777,69.8895997,69.8475067,45.6424598,45.5938385,45.8170772,589.8640884,591.2012482,592.9672084,328.4134639,329.9463758,329.0750942,261.4506245,261.2548724,263.8921142,472.5565094,470.1842133,468.9934106,294.4222466,295.1952095,293.8577736,178.1342627,174.9890038,175.135637,117.307579,121.0170349,123.9737978,33.9912173,34.7511663,35.2173206,83.3163617,86.2658686,88.7564772,7.4261118,7.4512505,7.4607707,6.9404541,6.9810039,6.9677574,8.1417462,8.1440843,8.1827659,7.4148657,7.3884266,7.3899375,6.7101607,6.7351567,6.7201788,8.9722639,8.8338437,8.8738663,7.4717627,7.7058246,7.74148,9.8764306,10.1184002,10.0603864,6.7966356,7.0305381,7.0927836,7943.1080817,7934.2553945,7947.80104,4731.8728434,4726.3456794,4722.826538,3211.2352384,3207.9097151,3224.974501,62.2817415,62.2132196,62.3194323,75.2199864,75.1347603,75.0788165,49.6879245,49.6362572,49.9003021,4805.526051,1567.664923,3237.861128,12753.32709,6290.491461,6462.83563
1988-06-01,7369.2615579,7360.6504454,7378.263003,4410.4141982,4407.3218576,4418.448091,2958.8473597,2953.3285877,2959.814911,5911.9033539,5899.7692485,5883.281819,4101.4473758,4096.9922251,4098.571086,1810.4559781,1802.7770234,1784.710734,1457.358204,1460.8811969,1494.981183,308.9668224,310.3296325,319.8770055,1148.3913816,1150.5515643,1175.104178,57.6889616,57.6206483,57.7585229,69.9934069,69.9467123,70.123292,45.7111408,45.6228289,45.7230292,583.3038365,604.0081671,569.0472077,324.5423979,337.5311341,316.1797623,258.7614387,266.4770329,252.8674454,468.3045118,486.4395088,459.5679027,291.7987416,304.0401475,287.8775958,176.5057702,182.3993614,171.6903069,114.9993247,117.5686583,109.479305,32.7436562,33.4909867,28.3021665,82.2556685,84.0776716,81.1771385,7.3347883,7.583604,7.1602491,6.8541789,7.1136268,6.6780278,8.0420416,8.2761839,7.8709134,7.339957,7.6170311,7.2454484,6.6419849,6.9083824,6.5628853,8.8831992,9.1880683,8.7758237,7.3138153,7.4483619,6.8234342,9.5822804,9.7408314,8.1286213,6.6839366,6.8099531,6.4617007,7952.5653944,7964.6586124,7947.31021,4734.9565961,4744.8529918,4734.627854,3217.6087983,3219.8056206,3212.682357,62.2552526,62.3489454,62.2131386,75.1439046,75.3035239,75.1412452,49.7087382,49.7393488,49.6293091,4827.017511,1566.342862,3260.674649,12774.32772,6300.970716,6473.357006
1988-07-01,7389.013104,7378.0531649,7383.061995,4418.5033797,4425.238355,4423.779969,2970.5097243,2952.8148099,2959.282026,5925.9666131,5921.0301961,5933.586984,4109.2995888,4115.9205811,4121.193579,1816.6670243,1805.109615,1812.393405,1463.0464908,1457.0229688,1449.475011,309.2037909,309.3177739,302.5863909,1153.8427,1147.7051949,1146.888621,57.7513725,57.6655615,57.7047096,70.006178,70.1152057,70.0920985,45.8208679,45.5458122,45.6455661,574.4607919,534.4740979,518.7810648,319.9671923,307.4500361,299.9958375,254.4935996,227.0240619,218.7852273,462.7436814,440.3977726,431.4937957,288.4575003,283.1670162,278.342727,174.2861812,157.2307565,153.1510687,111.7171105,94.0763253,87.2872691,31.5096921,24.2830199,21.6531105,80.2074184,69.7933054,65.6341586,7.2136959,6.7547837,6.5653172,6.7525415,6.4963085,6.3507637,7.8912663,7.1394832,6.8842227,7.2431471,6.9229389,6.7790781,6.5591958,6.4369488,6.3266378,8.7539065,8.01241,7.7917885,7.0942147,6.0651388,5.6799461,9.2481494,7.2790654,6.6781223,6.4995268,5.7325167,5.4130248,7963.4738959,7912.5272628,7901.84306,4738.470572,4732.6883911,4723.775807,3225.0033239,3179.8388717,3178.067253,62.2412684,61.8429167,61.7594109,75.0756955,74.9865642,74.8453498,49.7464964,49.0475541,49.0202277,4892.713989,1587.606026,3305.107963,12794.55705,6311.381833,6483.175216
1988-08-01,7413.0317063,7408.5604168,7353.286392,4428.233775,4418.3587601,4382.06369,2984.7979313,2990.2016567,2971.222701,5942.8998348,5940.0874928,5874.506228,4117.1459452,4111.4577525,4076.387033,1825.7538896,1828.6297403,1798.119195,1470.1318715,1468.472924,1478.780163,311.0878298,306.9010075,305.6766571,1159.0440418,1161.5719165,1173.103506,57.8463643,57.814129,57.3827875,70.0455351,69.8928634,69.3187212,45.969594,46.0539058,45.7615994,565.1735483,563.471517,538.6977037,315.2585694,313.9055475,305.7021696,249.9149789,249.5659695,232.9955341,456.3245694,459.8685962,445.4163169,284.647162,284.8938898,279.8696086,171.6774074,174.9747064,165.5467083,108.8489789,103.6029207,93.2813868,30.6114074,29.0116577,25.832561,78.2375715,74.591263,67.4488258,7.0839685,7.0681041,6.8258843,6.6461279,6.6333055,6.5212764,7.7260328,7.7032059,7.2715251,7.1309356,7.1854961,7.0478129,6.4666184,6.4802344,6.4245436,8.5949093,8.7329965,8.4304926,6.8936225,6.5901986,5.9336981,8.9585823,8.6366668,7.7924111,6.3233439,6.0340952,5.4369996,7978.2052546,7972.0319338,7891.984095,4743.4923444,4732.2643076,4687.76586,3234.7129102,3239.7676262,3204.218235,62.2566025,62.2112876,61.5866188,75.0322762,74.8584533,74.154544,49.818595,49.8976223,49.3501047,4922.462035,1633.850605,3288.611431,12814.44613,6321.616465,6492.829666
1988-09-01,7440.6885833,7451.1668257,7503.157163,4439.7306137,4438.4032962,4457.536838,3000.9579696,3012.7635295,3045.620324,5961.6940759,5965.5958303,5980.99326,4125.2712015,4123.0511297,4133.427486,1836.4228744,1842.5447006,1847.565773,1478.9945074,1485.5709954,1522.163903,314.4594121,315.3521665,324.109352,1164.5350952,1170.2188289,1198.054551,57.9680235,58.055556,58.4606373,70.1142802,70.0951227,70.3972963,46.1434896,46.3318609,46.8371499,557.3556972,555.1822152,554.5495959,311.1860107,311.0150042,309.8192125,246.1696864,244.167211,244.7303834,449.7335171,448.063094,438.6901337,280.7428682,282.31253,280.0284671,168.9906489,165.7505641,158.6616666,107.62218,107.1191211,115.8594622,30.4431425,28.7024742,29.7907454,77.1790375,78.4166469,86.0687168,6.9686498,6.9342744,6.8822261,6.5500205,6.5484862,6.4987639,7.5811521,7.49685,7.4378206,7.0145613,6.9860761,6.8335167,6.3718105,6.408382,6.3448796,8.4267233,8.2532966,7.9084586,6.7831242,6.7256725,7.0731263,8.8265924,8.3424174,8.4178404,6.2155238,6.2801873,6.7025276,7998.0442804,8006.3490408,8057.706758,4750.9166244,4749.4183004,4767.356051,3247.127656,3256.9307405,3290.350708,62.3102033,62.3812426,62.7813948,75.0286737,75.006942,75.2902306,49.928657,50.0867926,50.6007424,4776.838866,1564.615595,3212.223271,12834.54562,6331.971646,6502.573979
1988-10-01,7470.8274125,7466.3951739,7477.266468,4452.3609432,4448.5582832,4461.890887,3018.4664693,3017.8368907,3015.375581,5980.8092416,6011.4721872,6016.28825,4133.7359179,4141.1319428,4151.680399,1847.0733237,1870.3402444,1864.607852,1490.0181709,1454.9229866,1460.978218,318.6250253,307.4263404,310.210488,1171.3931456,1147.4966463,1150.76773,58.1070372,58.0732046,58.1577609,70.2039749,70.1331618,70.3433552,46.3329656,46.3295352,46.2917494,551.952382,546.2866324,507.8942919,308.1285824,306.7338177,285.76787,243.8237996,239.5528147,222.1264219,443.77152,439.9089976,406.0067178,277.1387173,274.6273621,255.8709811,166.6328027,165.2816354,150.1357367,108.180862,106.3776349,101.8875741,30.9898651,32.1064556,29.8968889,77.1909969,74.2711793,71.9906852,6.8798147,6.8177752,6.3604767,6.4726239,6.4503675,6.0191325,7.4740069,7.3541343,6.8610435,6.9074004,6.8188344,6.3218323,6.2830785,6.2192557,5.8052864,8.2749315,8.1194664,7.4518533,6.768923,6.8133986,6.5192785,8.8640004,9.456069,8.7904265,6.1822823,6.0789929,5.8875641,8022.7797945,8012.6818063,7985.16076,4760.4895256,4755.2921009,4747.658757,3262.2902689,3257.3897054,3237.502003,62.4000446,62.3221915,62.1081343,75.0624873,74.9689336,74.8485911,50.0756209,50.0071265,49.7018124,4871.707102,1595.358109,3276.348992,12856.86786,6343.016866,6513.850996
1988-11-01,7500.9558834,7487.7971787,7508.606914,4465.259925,4470.6145775,4469.611551,3035.6959584,3017.1826013,3038.995363,5999.4497966,6000.4560473,5992.490198,4142.989023,4143.0624517,4136.864064,1856.4607737,1857.3935956,1855.626135,1501.5060868,1487.3411314,1516.116716,322.270902,327.5521257,332.7474868,1179.2351848,1159.7890057,1183.369229,58.2445804,58.1388437,58.3004204,70.3022201,70.3589914,70.3432057,46.5130057,46.2392252,46.5735123,547.77268,530.1820042,488.3939829,305.4021657,292.2513232,270.8322815,242.3705143,237.9306809,217.5617014,437.8239179,421.3867363,391.3229124,273.4356635,260.0167858,244.0316666,164.3882543,161.3699505,147.2912458,109.9487621,108.7952679,97.0710705,31.9665021,32.2345374,26.8006149,77.98226,76.5607304,70.2704556,6.8057045,6.6124143,6.1072143,6.4016726,6.1360393,5.7132263,7.3937035,7.309444,6.6807274,6.8013873,6.5617729,6.1299243,6.1913354,5.9053397,5.5703601,8.1346133,7.9935043,7.3538353,6.8229502,6.8161636,6.0173447,9.0240335,8.9593475,7.453972,6.2027663,6.1924816,5.6053152,8048.7285635,8017.9791829,7997.000897,4770.6620907,4762.8659007,4740.443832,3278.0664728,3255.1132822,3256.557065,62.4980103,62.2554307,62.0925452,75.1105517,74.9584727,74.6055919,50.2266124,49.885584,49.9077104,4882.163375,1613.562229,3268.601145,12879.16427,6354.006062,6525.15821
1988-12-01,7530.9648658,7521.4482989,7622.911428,4478.7883562,4478.456674,4532.095639,3052.1765096,3042.9916249,3090.815789,6018.3608945,6009.5496557,6103.304773,4153.8882525,4152.1989332,4206.555711,1864.472642,1857.3507225,1896.749062,1512.6039714,1511.8986432,1519.606655,324.9001038,326.2577408,325.5399283,1187.7038676,1185.6409024,1194.066726,58.3808671,58.2982359,59.0846697,70.414535,70.3590576,71.2017558,46.678068,46.5536384,47.2852832,543.6020387,551.6747999,563.3245855,302.4579543,304.8401263,311.2782309,241.1440844,246.8346736,252.0463546,431.4190167,434.6350858,442.4244084,269.3917699,271.4600359,272.8147529,162.0272468,163.17505,169.6096555,112.183022,117.0397141,120.9001771,33.0661844,33.3800904,38.463478,79.1168377,83.6596236,82.4366991,6.7322749,6.8334744,6.8813626,6.3259229,6.373013,6.4268883,7.3222171,7.5029698,7.5398369,6.6888952,6.7446093,6.7589782,6.0903169,6.1365498,6.0904709,7.9954234,8.0758708,8.2081419,6.9044756,7.1850303,7.3696845,9.2372342,9.2815848,10.5667907,6.2453066,6.591002,6.4580085,8074.5669045,8073.1230988,8186.236014,4781.2463105,4783.2968003,4843.37387,3293.320594,3289.8262985,3342.862143,62.5949299,62.5742298,63.4509604,75.1697131,75.1482664,76.0921108,50.365974,50.3298737,51.14125,4715.437918,1521.772033,3193.665885,12901.67393,6365.145903,6536.528029
1989-01-01,7562.0248189,7552.7928234,7423.84265,4493.428727,4485.2598035,4447.876076,3068.5960919,3067.5330199,2975.966574,6039.3616501,6026.7554762,6012.41193,4167.0073299,4156.7934582,4139.787544,1872.3543202,1869.962018,1872.624386,1522.6631689,1526.0373472,1411.43072,326.4213971,328.4663453,308.0885323,1196.2417717,1197.5710019,1103.342187,58.5263341,58.4506633,57.4527248,70.5471522,70.4537983,69.8665803,46.8416424,46.7939022,45.3970953,538.316656,551.7204282,592.0172889,298.8432644,300.1189429,333.2144357,239.4733916,251.6014853,258.8028532,424.5193563,430.6001354,476.8658036,264.9524151,266.7569437,295.6023449,159.5669411,163.8431917,181.2634587,113.7972997,121.1202928,115.1514853,33.8908493,33.3619992,37.6120908,79.9064504,87.7582936,77.5393945,6.6456045,6.8075702,7.3855743,6.2359412,6.2715818,6.9694233,7.2390678,7.5803341,8.0006584,6.5675614,6.6683665,7.3485189,5.9782225,6.030381,6.6646304,7.8530081,8.0559923,8.8253825,6.9538679,7.3532909,7.543091,9.4059665,9.2203941,10.8799604,6.2615337,6.8276895,6.5662295,8100.3414749,8104.5132516,8015.859939,4792.2719914,4785.3787464,4781.090512,3308.0694835,3319.1345053,3234.769427,62.6926389,62.7203985,62.0343152,75.2390128,75.1680224,75.1006634,50.4971665,50.6319751,49.3450219,4905.794649,1585.152202,3320.642447,12921.65459,6366.242714,6555.411873
1989-02-01,7593.9558026,7605.2810425,7566.488423,4508.8882565,4510.7228851,4504.882199,3085.0675462,3094.5581574,3061.606224,6062.4348359,6063.0504038,6072.090242,4181.3693861,4183.7362184,4196.136579,1881.0654498,1879.3141854,1875.953663,1531.5209668,1542.2306387,1494.398182,327.5188704,326.9866667,308.7456203,1204.0020964,1215.243972,1185.652561,58.6806585,58.7672661,58.4675091,70.693449,70.742763,70.6511621,47.0084748,47.1363274,46.6344034,531.4178157,540.6227299,597.7336085,294.4220867,301.6820459,325.8614342,236.995729,238.940684,271.8721743,417.1603351,426.3920412,471.1156794,260.0535483,264.6293582,286.1731857,157.1067868,161.7626831,184.9424937,114.2574806,114.2306887,126.6179291,34.3685384,37.0526878,39.6882485,79.8889422,77.1780009,86.9296806,6.5402262,6.6367434,7.3213786,6.1295662,6.2688417,6.745575,7.133992,7.1678646,8.1558103,6.4380617,6.5705497,7.2000742,5.8551854,5.9489121,6.3845027,7.7082194,7.9253597,8.9738871,6.9424582,6.8960673,7.8110223,9.4970252,10.1782094,11.3904681,6.2224083,5.9715791,6.8309676,8125.3736184,8145.9037724,8164.222032,4803.3103432,4812.404931,4830.743634,3322.0632752,3333.4988414,3333.478398,62.7870752,62.9447474,63.0862957,75.3096008,75.4741158,75.7617262,50.6196786,50.7758732,50.7755619,4777.133849,1545.48864,3231.645209,12941.35588,6376.232274,6565.123607
1989-03-01,7626.4576645,7624.0683169,7634.64468,4525.0573672,4520.7880524,4521.902037,3101.4002972,3103.2802644,3112.742643,6086.5384737,6084.5665678,6076.300986,4195.8899998,4195.0845245,4188.052714,1890.6484739,1889.4820433,1888.248272,1539.9191908,1539.5017491,1558.343694,329.1673674,325.703528,333.8493232,1210.7518234,1213.7982211,1224.494371,58.8418581,58.821661,58.9032604,70.8498136,70.7879925,70.8054356,47.1775132,47.1985318,47.3424474,523.3828371,516.3731463,545.858642,289.4398428,285.0091395,293.2415853,233.9429943,231.3640068,252.6170567,409.7083747,406.724965,416.3604949,254.8509745,253.3247592,256.915991,154.8574002,153.4002058,159.4445039,113.6744624,109.6481813,129.4981471,34.5888683,31.6843803,36.3255943,79.0855941,77.9638009,93.1725528,6.422001,6.3433064,6.672678,6.0118395,5.9305278,6.0899863,7.0140604,6.9381915,7.506391,6.3068474,6.2657017,6.4127861,5.7260347,5.6947269,5.779928,7.5706163,7.5090087,7.7865442,6.8743891,6.6487697,7.6724101,9.5088042,8.8655435,9.8130891,6.131439,6.0354616,7.0710246,8149.8405016,8140.4414631,8180.503322,4814.4972101,4805.7971919,4815.143623,3335.3432915,3334.6442712,3365.3597,62.8800132,62.8056136,63.1147012,75.3816366,75.2507597,75.3971092,50.7361795,50.7174023,51.1845606,4780.824497,1571.233354,3209.591144,12961.32782,6386.376976,6574.950843
1989-04-01,7658.7711381,7655.7726873,7678.426956,4541.6642703,4545.209792,4553.954622,3117.1068678,3110.5628953,3124.472335,6109.3235004,6117.173476,6107.218873,4209.1635663,4216.2059516,4213.20154,1900.1599341,1900.9675244,1894.017334,1549.4476377,1538.5992113,1571.208083,332.500704,329.0038404,340.7530819,1216.9469337,1209.5953709,1230.455001,59.0037871,58.9813364,59.1558687,71.0111018,71.0679166,71.2046489,47.3415855,47.2413607,47.4526089,515.0557834,506.0308644,514.9946978,284.3068509,275.3320148,272.8381563,230.7489325,230.6988496,242.1565415,402.5878644,390.1755186,388.9312625,249.5880828,239.814006,235.6466875,152.9997816,150.3615126,153.284575,112.467919,115.8553458,126.0634353,34.7187681,35.5180088,37.1914688,77.7491508,80.337337,88.8719665,6.3012808,6.1999883,6.2854656,5.8911843,5.7116404,5.6525765,6.8924394,6.9045429,7.1928493,6.1823302,5.9959212,5.987104,5.5977121,5.3817983,5.2968021,7.4519182,7.3299558,7.4871505,6.7673666,7.0026309,7.4274171,9.4545008,9.7437256,9.8404564,6.0052048,6.2280254,6.7361593,8173.8269215,8161.8035517,8193.421654,4825.9711212,4820.5418068,4826.792778,3347.8558003,3341.2617449,3366.628876,62.9718182,62.8798817,63.1234728,75.456376,75.3729484,75.4706873,50.8461238,50.7450762,51.130337,4786.570241,1568.793314,3217.776927,12979.9919,6395.586092,6584.405803
1989-05-01,7688.8890637,7711.1848709,7720.789507,4556.895319,4564.7015282,4559.850087,3131.9937447,3146.4833427,3160.939421,6127.7661824,6134.4429298,6114.057019,4219.310126,4225.4381723,4214.065574,1908.4560564,1909.0047574,1899.991446,1561.1228813,1576.7419411,1606.732488,337.5851929,339.2633558,345.784513,1223.5376883,1237.4785853,1260.947975,59.1502817,59.3232152,59.397105,71.1491574,71.2704551,71.1947077,47.4966295,47.7185581,47.9377943,507.5912181,516.6754368,517.3371743,279.4944649,277.8457523,277.5216373,228.0967533,238.8296844,239.815537,396.3333979,402.8346173,401.9312969,244.6169273,242.4554031,242.0647435,151.7164706,160.3792142,159.8665534,111.2578203,113.8408195,115.4058774,34.8775376,35.3903493,35.4568938,76.3802827,78.4504702,79.9489836,6.192795,6.2795845,6.2797914,5.7789896,5.737595,5.7370335,6.788411,7.0548774,7.0518323,6.0749134,6.1621159,6.1683858,5.4798594,5.4266155,5.4321738,7.3642605,7.7500945,7.7610473,6.6526611,6.7338211,6.7013127,9.3640342,9.4461495,9.3003785,5.8757771,5.9616033,5.962351,8196.4802818,8227.8603077,8238.126682,4836.3897838,4842.5472805,4837.371724,3360.090498,3385.3130272,3400.754958,63.0551584,63.298071,63.3770517,75.5130487,75.6085686,75.5277606,50.9557127,51.3405725,51.5747599,4760.468971,1567.388175,3193.080796,12998.59565,6404.759899,6593.835754
1989-06-01,7716.3746915,7710.7658606,7711.039122,4569.875148,4564.1257054,4558.689238,3146.4995435,3146.6401551,3152.349884,6141.3192061,6145.0575202,6116.072684,4225.9979839,4220.542476,4210.745892,1915.3212222,1924.5150441,1905.326791,1575.0554854,1565.7083404,1594.966439,343.8771641,343.5832294,347.943346,1231.1783213,1222.125111,1247.023093,59.2768361,59.2342176,59.2363168,71.2508847,71.1581805,71.0734218,47.6475075,47.652092,47.738559,501.5986908,493.0980674,475.9434734,274.9473739,271.3607062,259.4210607,226.6513169,221.7373613,216.5224127,390.9611496,387.9638839,376.9712386,239.9287626,238.1711555,229.6195707,151.032387,149.7927283,147.3516679,110.6375413,105.1341836,98.9722348,35.0186113,33.1895507,29.80149,75.6189299,71.9446329,69.1707448,6.1036787,6.0105588,5.8134174,5.6750763,5.6118596,5.3842906,6.719276,6.582913,6.4271481,5.9850638,5.9385062,5.8057707,5.3724294,5.3417011,5.1711863,7.3091259,7.2213357,7.178507,6.5633267,6.2922856,5.8427283,9.2422808,8.8089035,7.8893176,5.7865847,5.5595638,5.2553615,8217.9733824,8203.863928,8186.982596,4844.8225219,4835.4864116,4818.110299,3373.1508604,3368.3775164,3368.872297,63.1300942,63.0222043,62.8925216,75.5377072,75.3888996,75.1179929,51.0796931,51.0100385,51.0175314,4830.435668,1595.945929,3234.489739,13017.41826,6414.056228,6603.362036
1989-07-01,7741.6172045,7735.4566686,7740.771902,4580.5744451,4581.8933038,4580.966811,3161.0427594,3153.5633648,3159.805091,6151.415362,6145.2457249,6161.183411,4230.1228655,4229.3769395,4235.97126,1921.2924965,1915.8687854,1925.212151,1590.2018425,1590.2109436,1579.588491,350.4515796,352.5163642,344.9955506,1239.7502629,1237.6945794,1234.59294,59.3856766,59.3387643,59.3795375,71.3158312,71.3349623,71.3205378,47.798975,47.6871529,47.7815382,496.7245682,497.3886082,482.0797652,270.6727333,270.825298,263.7373687,226.0518349,226.5633102,218.3423965,386.2507165,386.3442425,379.5626514,235.6616883,233.5981731,230.3131556,150.5890282,152.7460694,149.2494958,110.4738517,111.0443657,102.5171138,35.0110451,37.227125,33.4242131,75.4628067,73.8172407,69.0929007,6.0294241,6.0415153,5.8626835,5.5794463,5.5808985,5.4438281,6.6739156,6.7028053,6.4633767,5.9080827,5.9150107,5.8030483,5.2770501,5.2341357,5.156706,7.2682258,7.3839782,7.1946134,6.49588,6.5272017,6.0945706,9.0828638,9.551699,8.832576,5.7376868,5.6284083,5.2998122,8238.3417727,8232.8452767,8222.851667,4851.2471784,4852.7186018,4844.704179,3387.0945943,3380.1266749,3378.147487,63.1960335,63.1542372,63.0775762,75.5299862,75.5514098,75.4266342,51.2171654,51.1131691,51.0832405,4813.241615,1578.364056,3234.877559,13036.09328,6423.068235,6613.025047
1989-08-01,7765.1306134,7774.7528905,7715.273013,4589.7707953,4595.384811,4556.313938,3175.3598181,3179.3680794,3158.959076,6160.4226417,6167.3317285,6096.781027,4233.1453985,4240.3725638,4202.419879,1927.2772432,1926.9591647,1894.361148,1604.7079717,1607.4211619,1618.491987,356.6253968,355.0122472,353.8940587,1248.0825749,1252.4089147,1264.597928,59.4800961,59.555064,59.0994447,71.3559795,71.4450371,70.8375972,47.9458581,48.0073158,47.6991472,492.6229405,491.3009331,468.3418654,266.8748623,267.7152593,259.7332475,225.7480783,223.5856737,208.6086179,382.3544403,381.4399632,369.0372136,232.1636793,234.0667609,229.8816598,150.1907609,147.3732023,139.1555538,110.2685003,109.8609699,99.3046518,34.7111829,33.6484985,29.8515877,75.5573174,76.2124714,69.4530641,5.9655806,5.9435971,5.7229216,5.495045,5.5050329,5.3930794,6.6374865,6.5703412,6.1946377,5.8439167,5.8246032,5.7075099,5.1992746,5.2311976,5.1865077,7.2295102,7.1046089,6.8430986,6.4297384,6.3973745,5.7809318,8.869905,8.65755,7.7790036,5.7082986,5.7362069,5.2061776,8257.7535539,8266.0538235,8183.614878,4856.6456576,4863.1000704,4816.047185,3401.1078964,3402.9537532,3367.567693,63.2535368,63.318458,62.6869709,75.505014,75.6072405,74.8757033,51.3545066,51.3833792,50.8490624,4871.115261,1616.008839,3255.106422,13054.73014,6432.056024,6622.674115
1989-09-01,7786.6442931,7783.6114337,7841.590327,4597.8300647,4591.2563963,4611.75913,3188.8142284,3192.3550374,3229.831196,6169.9378444,6153.5983967,6168.108539,4235.9742243,4224.6231428,4234.156714,1933.9636201,1928.9752539,1933.951825,1616.7064488,1630.013037,1673.481788,361.8558405,366.6332535,377.6024159,1254.8506083,1263.3797835,1295.879372,59.5583226,59.536983,59.9804646,71.3770964,71.2799958,71.5983041,48.0783957,48.1326051,48.6976504,489.8403374,499.5468971,499.7978566,264.2814758,273.6645972,273.4394658,225.5588616,225.8823,226.3583908,380.0700766,389.276964,381.1633617,230.1993859,238.777391,237.2221666,149.8706906,150.499573,143.9411951,109.7702608,110.2699331,118.6344949,34.0820898,34.8872062,36.2172992,75.688171,75.3827269,82.4171957,5.9184589,6.0308747,5.9917827,5.4355289,5.6252629,5.597305,6.6061574,6.6081514,6.5493627,5.8025896,5.9496314,5.8199349,5.1542866,5.3496743,5.305347,7.1920637,7.2373837,6.9272669,6.3580505,6.336322,6.619799,8.6079376,8.6887742,8.7519511,5.6885355,5.6307767,5.9796417,8276.4846306,8283.1583308,8341.388183,4862.1115405,4864.9209935,4885.198596,3414.37309,3418.2373374,3456.189587,63.3050032,63.3580261,63.8034273,75.479824,75.5286828,75.8434959,51.4791922,51.5383364,52.1105599,4732.185659,1555.958341,3176.227318,13073.57384,6441.156937,6632.416906
1989-10-01,7805.400851,7791.9661145,7806.483846,4604.3641276,4597.2820341,4612.379695,3201.0367234,3194.6840804,3194.104151,6180.2053059,6174.6711188,6183.403727,4238.5470742,4237.326916,4249.627594,1941.6582318,1937.3442028,1933.776132,1625.1955451,1617.2949957,1623.08012,365.8170534,359.955118,362.7521008,1259.3784917,1257.3398777,1260.328019,59.614443,59.5105291,59.6214072,71.3732785,71.2643296,71.4983645,48.1915139,48.0953564,48.0866257,489.2154601,490.66287,456.4300123,263.5670286,260.7537347,242.5889414,225.6484315,229.9091353,213.8410709,380.1310356,376.1040708,346.6785814,230.2537248,226.3192386,210.3819206,149.8773108,149.7848322,136.2966608,109.0844245,114.5587991,109.7514309,33.3133038,34.4344961,32.2070208,75.7711207,80.1243031,77.5444101,5.8979878,5.9239991,5.5238384,5.4143541,5.3674725,4.9967149,6.5850354,6.7134728,6.2747802,5.7943833,5.7413674,5.3089466,5.1524723,5.0702773,4.7170734,7.1658983,7.1765966,6.5841482,6.289897,6.6148078,6.3336468,8.3464721,8.7310859,8.1545201,5.6751034,5.9907625,5.796099,8294.6163112,8282.6289845,8262.913859,4867.9311562,4858.0357688,4854.968637,3426.685155,3424.5932157,3407.945222,63.3508696,63.2579283,63.1073555,75.4588899,75.3063788,75.2588339,51.5886444,51.5565944,51.305962,4830.510495,1596.059614,3234.450881,13093.42435,6451.02825,6642.396103
1989-11-01,7820.7108588,7844.6666935,7862.356823,4608.7628519,4626.2956292,4623.512682,3211.9480068,3218.3710643,3238.844141,6189.811094,6214.5053715,6205.276277,4240.3695853,4256.0390721,4249.379577,1949.4415087,1958.4662995,1955.8967,1630.8997647,1630.161322,1657.080545,368.3932666,370.2565571,374.1331044,1262.5064981,1259.9047648,1282.947441,59.6435177,59.822852,59.9577556,71.3356821,71.6051833,71.5621092,48.2848106,48.3796672,48.6874256,491.1449833,481.8039291,445.317197,265.3913318,257.1232575,239.3644084,225.7536515,224.6806715,205.9527886,382.7915127,374.1422092,349.0841501,232.5346917,225.2715344,212.8034947,150.256821,148.8706748,136.2806554,108.3534705,107.6617199,96.2330469,32.8566401,31.8517231,26.5609137,75.4968304,75.8099967,69.6721332,5.908969,5.7864124,5.3603114,5.4448694,5.2652304,4.9222796,6.5669937,6.5256258,5.9786627,5.8240477,5.6785889,5.3259834,5.1987406,5.0269119,4.7690445,7.1561147,7.0643982,6.5138194,6.2298847,6.1952061,5.4886386,8.1885727,7.9211806,6.6287273,5.6424994,5.6756127,5.1509038,8311.8558421,8326.4706225,8307.67402,4874.1541838,4883.4188867,4862.87709,3437.7016583,3443.0517358,3444.79693,63.3891638,63.4970534,63.3537119,75.4434811,75.5849026,75.2669594,51.6785368,51.7571448,51.7833792,4805.486638,1597.961942,3207.524695,13113.16066,6460.839032,6652.321625
1989-12-01,7832.7986188,7829.8011158,7935.52534,4610.8883078,4603.5812852,4660.119429,3221.910311,3226.2198305,3275.405911,6197.3833161,6188.9805375,6288.813153,4240.9480597,4229.8953847,4287.128999,1956.4352564,1959.0851528,2001.684154,1635.4153027,1640.8205783,1646.712187,369.9402481,373.6859006,372.9904303,1265.4750546,1267.1346777,1273.721757,59.6479206,59.618857,60.4238783,71.2636495,71.1442473,72.017994,48.3642468,48.4248411,49.1631132,495.6623342,486.4168892,500.9640184,269.8548244,267.3679541,276.6074149,225.8075097,219.048935,224.3566035,387.764721,386.3163711,397.9301251,236.941493,239.3489785,244.6989915,150.823228,146.9673926,153.2311336,107.8976132,100.100518,103.0338933,32.9133315,28.0189757,31.9084234,74.9842817,72.0815424,71.1254699,5.9514277,5.8490156,5.9380626,5.52897,5.4890318,5.6030529,6.5494777,6.3579636,6.4106237,5.8884739,5.8752689,5.9510304,5.2913653,5.3554686,5.3995649,7.1573198,6.9783346,7.110773,6.1892281,5.7498596,5.8885055,8.1700482,6.9750151,7.8805912,5.5939244,5.3823678,5.2887398,8328.460953,8316.2180049,8436.489358,4880.7431322,4870.9492394,4936.726844,3447.7178207,3445.2687655,3499.762514,63.4224626,63.3226061,64.2383944,75.4343945,75.2761809,76.2927152,51.7538539,51.7127168,52.5306558,4696.605633,1534.0441,3162.561534,13133.09499,6470.770944,6662.324048
1990-01-01,7843.021149,7838.8511397,7707.692951,4611.9614781,4615.0933865,4573.979936,3231.0596709,3223.7577533,3133.713016,6202.983061,6205.744761,6187.060002,4241.1823707,4244.6699884,4225.456432,1961.8006903,1961.0747727,1961.603571,1640.038088,1633.1063787,1520.632949,370.7791075,370.4233981,348.5235042,1269.2589806,1262.6829806,1172.109445,59.6389453,59.6053495,58.608044,71.17743,71.2238032,70.5893076,48.4321724,48.3209863,46.9713035,502.2012626,510.382837,549.2955754,275.9679873,279.8726814,309.9283882,226.2332754,230.5101556,239.3671872,394.0781955,403.10696,445.7589477,242.536239,246.6330384,272.7460676,151.5419565,156.4739216,173.0128801,108.1230671,107.275877,103.5366277,33.4317482,33.239643,37.1823206,74.6913189,74.036234,66.3543071,6.0178296,6.1129301,6.6524929,5.6459077,5.7175612,6.3459092,6.5436536,6.6731985,7.0963977,5.9735416,6.0995007,6.7205053,5.4092654,5.4913471,6.0634457,7.1707234,7.3893895,8.1051038,6.1849599,6.1639262,6.3747425,8.2708685,8.2345024,9.6400724,5.5575953,5.5386526,5.3577916,8345.2224116,8349.2339767,8256.988527,4887.9294654,4894.9660679,4883.908324,3457.2929463,3454.2679089,3373.080203,63.457723,63.4862176,62.7847982,75.4365055,75.5430217,75.3723698,51.8233104,51.7761088,50.5591843,4894.265861,1595.798149,3298.467712,13151.25439,6479.706473,6671.547914
1990-02-01,7853.9356179,7846.532817,7802.990262,4613.5115874,4606.2608144,4596.470567,3240.4240306,3240.2720026,3206.519696,6207.8039307,6201.9125335,6207.51957,4242.1983307,4236.6020883,4246.834396,1965.6056001,1965.3104452,1960.685175,1646.1316872,1644.6202835,1595.470692,371.3132567,369.6587261,349.6361709,1274.8184305,1274.9615574,1245.834521,59.6369655,59.5820691,59.2514319,71.1015927,70.9904887,70.8396039,48.5041537,48.5018016,47.9965824,511.0402855,535.6922871,592.6760014,283.3031519,287.5890741,310.6001659,227.7371336,248.1032131,282.0758355,401.7009685,416.3883429,459.052149,248.9745505,253.1812645,273.1019884,152.726418,163.2070784,185.9501606,109.339317,119.3039442,133.6238524,34.3286014,34.4078096,37.4981775,75.0107156,84.8961347,96.1256749,6.1092858,6.3908125,7.0593087,5.7854578,5.8765406,6.3296452,6.5665095,7.1122857,8.085656,6.0776257,6.2914689,6.8858803,5.5436421,5.639053,6.0421644,7.2097488,7.6676408,8.662401,6.2284889,6.7635527,7.7279668,8.4627858,8.5153821,9.686089,5.5570526,6.2430161,7.1630794,8364.9759034,8382.2251041,8395.666264,4896.8147393,4893.8498885,4907.070733,3468.1611642,3488.3752157,3488.595531,63.5174266,63.649809,63.7518735,75.4677474,75.4227364,75.6264926,51.9130276,52.2155184,52.2188162,4773.619286,1581.489777,3192.129509,13169.28555,6488.56051,6680.72504
1990-03-01,7866.0939573,7861.3736251,7874.133266,4615.719577,4609.5701104,4612.161229,3250.3743803,3251.8035147,3261.972037,6213.0792785,6212.493338,6202.831329,4244.1274627,4242.0365948,4234.581689,1968.9518158,1970.4567431,1968.24964,1653.0146788,1648.8802872,1671.301937,371.5921143,367.5335156,377.5795396,1281.4225645,1281.3467716,1293.722397,59.6470325,59.6121339,59.7088892,71.0393927,70.9431629,70.9830413,48.5858358,48.6070327,48.7590289,522.2564429,518.5081766,547.9221243,291.3771948,289.4476525,297.6135241,230.8792481,229.060524,250.3086002,411.0520875,404.4754239,412.848471,256.1136551,252.4559903,255.0464915,154.9384324,152.0194336,157.8019795,111.2043554,114.0327527,135.0736533,35.2635397,36.9916623,42.5670326,75.9408157,77.0410904,92.5066207,6.2259731,6.1875357,6.5058005,5.9378734,5.9082793,6.0616533,6.632072,6.5805651,7.1266686,6.2053734,6.1126996,6.2404542,5.6911096,5.6170076,5.6807932,7.2950301,7.1623623,7.4223024,6.3033191,6.4684275,7.4776062,8.6673343,9.1444647,10.1314721,5.59473,5.671509,6.6732567,8388.3504002,8379.8818017,8422.05539,4907.0967718,4899.017763,4909.774753,3481.2536284,3480.8640387,3512.280637,63.6071997,63.5439378,63.8637365,75.5239066,75.3978803,75.5634348,52.0369648,52.0309641,52.5005705,4765.48397,1587.77895,3177.70502,13187.53936,6497.553703,6689.985657
1990-04-01,7878.0482046,7866.0889709,7887.948389,4618.2905077,4612.3877996,4620.863265,3259.7576968,3253.7011713,3267.085124,6219.2495532,6202.0715569,6190.307752,4246.7960826,4240.2844284,4236.809349,1972.4534705,1961.7871285,1953.498403,1658.7986514,1664.0174139,1697.640637,371.4944251,372.1033711,384.053916,1287.3042263,1291.9140428,1313.586721,59.658492,59.5702715,59.735814,70.9866849,70.8967732,71.0270491,48.660192,48.5703682,48.7701602,535.7783506,527.0166528,533.1808201,300.0552504,299.3901289,296.4491775,235.7231002,227.626524,236.7316426,422.4422328,417.1595877,414.8058546,263.9611923,262.4773173,257.8088178,158.4810405,154.6822704,156.9970368,113.3361178,109.8570651,118.3749655,36.0940581,36.9128116,38.6403597,77.2420597,72.9442535,79.7346058,6.3678321,6.2791615,6.3314647,6.1007352,6.0953515,6.028683,6.7436531,6.5384975,6.7563933,6.3604613,6.3022363,6.2800715,5.8518155,5.8292517,5.7359448,7.4371615,7.3085049,7.4388712,6.395457,6.1930574,6.5183892,8.8555147,9.0247802,9.1414438,5.6606405,5.3444562,5.7226287,8413.8265552,8393.1056237,8421.129209,4918.3457582,4911.7779284,4917.312443,3495.480797,3481.3276952,3503.816767,63.7158076,63.5613941,63.7736181,75.5987654,75.4986833,75.583754,52.1789601,51.9683151,52.3040259,4783.59316,1588.467146,3195.126014,13204.72237,6505.779589,6698.942781
1990-05-01,7887.7245886,7899.3844077,7908.463677,4620.3199525,4628.6745173,4623.541832,3267.4046361,3270.7098903,3284.921844,6225.3979615,6233.0227458,6210.676316,4249.3927264,4251.4432456,4239.585746,1976.0052351,1981.5795002,1971.09057,1662.3266271,1666.3616619,1697.787361,370.9272261,377.2312717,383.9560865,1291.399401,1289.1303901,1313.831274,59.6555817,59.7449608,59.8136295,70.9296417,71.0577128,70.9789177,48.7099872,48.7592393,48.9711089,551.3088614,549.5440957,548.63668,309.4631896,310.4013044,309.5610314,241.8456718,239.1427913,239.0756486,435.8989421,431.0471628,429.3203957,272.7542935,274.181952,273.4882392,163.1446486,156.8652109,155.8321565,115.4099193,118.4969328,119.3162843,36.708896,36.2193524,36.0727922,78.7010232,82.2775804,83.2434921,6.5328437,6.5043052,6.4872906,6.2774199,6.2846029,6.2751789,6.8916621,6.8134709,6.7842173,6.5437549,6.4682269,6.4656718,6.031522,6.0584326,6.0599104,7.6266114,7.3354813,7.3266487,6.4919585,6.6390096,6.5662894,9.0053099,8.7602607,8.5881695,5.7441792,5.999497,5.9584135,8439.03345,8448.9285033,8457.100357,4929.7831421,4939.0758217,4933.102864,3509.2503079,3509.8526816,3523.997493,63.825181,63.9012961,63.9631018,75.6804195,75.8228798,75.7311851,52.3153869,52.3243432,52.5352119,4764.741793,1580.8621,3183.879693,13221.84215,6513.964963,6707.877186
1990-06-01,7891.619946,7900.2004149,7900.256935,4619.5292596,4627.424124,4622.486128,3272.0906864,3272.7762909,3277.770807,6227.683687,6233.1192797,6204.684655,4249.3353585,4258.7341235,4248.826947,1978.3483285,1974.3851562,1955.857708,1663.936259,1667.0811352,1695.57228,370.1939011,368.6900006,373.659181,1293.7423579,1298.3911346,1321.913099,59.6109609,59.6728281,59.673255,70.8324111,70.9479495,70.8722399,48.7167602,48.7244185,48.7987759,568.841713,558.9179555,539.5823236,320.4821267,309.8280601,296.8099065,248.3595863,249.0898954,242.7724171,451.5273024,447.3502983,435.1645279,283.2315458,277.1034491,267.702582,168.2957566,170.2468492,167.4619459,117.3144106,111.5676573,104.4177957,37.2505809,32.7246111,29.1073245,80.0638297,78.8430462,75.3104712,6.7235304,6.6072838,6.3932773,6.4874775,6.2753136,6.033585,7.0547676,7.0726678,6.8958795,6.7601892,6.69639,6.5538315,6.2488111,6.1092013,5.9271744,7.8399469,7.9382779,7.8867987,6.5860697,6.2726075,5.8010206,9.1424924,8.1523218,7.2268483,5.8278839,5.7247378,5.3900086,8460.461659,8459.1183704,8439.839258,4940.0113863,4937.2521842,4919.296035,3520.4502727,3521.8661863,3520.543224,63.9078228,63.8945203,63.7488988,75.7464447,75.6982523,75.4229475,52.41448,52.4328175,52.4131216,4799.352973,1602.984249,3196.368724,13239.19223,6522.280283,6716.911948
1990-07-01,7887.4130885,7898.1446667,7919.444887,4614.3401962,4612.5482782,4628.759245,3273.0728923,3285.5963884,3290.685643,6223.2467939,6230.5191408,6258.207305,4245.1167732,4243.2676436,4260.704595,1978.1300207,1987.2514973,1997.50271,1664.1662946,1667.6255258,1661.237582,369.223423,369.2806346,368.0546491,1294.9428716,1298.3448912,1293.182933,59.5064258,59.587669,59.7483688,70.6700282,70.6417503,70.8900233,48.6693781,48.8552188,48.9308936,587.7500901,603.4136992,567.0410707,333.3858929,344.8053474,325.2216315,254.3641972,258.6083517,241.8194392,468.6316672,482.7655305,457.838591,295.3979337,304.3437265,290.7511428,173.2337335,178.421804,167.0874482,119.1184228,120.6481687,109.2024797,37.9879591,40.4616209,34.4704887,81.1304637,80.1865477,74.731991,6.9349708,7.0976834,6.6816946,6.7381639,6.9554317,6.5648544,7.2110201,7.2966539,6.8455511,7.0029913,7.1911971,6.8170855,6.5058248,6.6923864,6.3880912,8.0522754,8.2386297,7.7191263,6.6797198,6.7466277,6.1680981,9.3288058,9.8748958,8.5635617,5.8957951,5.8168095,5.4632046,8475.1631786,8501.5583658,8486.485958,4947.7260891,4957.3536257,4953.980876,3527.4370894,3544.2047402,3532.505082,63.9406943,64.1401325,64.0264186,75.7759348,75.9224871,75.870833,52.4516793,52.7005991,52.5266309,4768.176962,1575.512315,3192.664648,13254.66292,6529.493191,6725.169729
1990-08-01,7875.5671797,7869.2373492,7807.982887,4604.3455844,4601.4096731,4561.986679,3271.2215952,3267.827676,3245.996208,6211.5243765,6214.5427336,6141.532693,4236.2395081,4235.8410803,4196.92636,1975.2848684,1978.7016533,1944.606333,1664.0428032,1654.6946155,1666.450194,368.1060763,365.5685928,365.0603193,1295.9367269,1289.1260227,1301.389875,59.3446409,59.3007231,58.8391239,70.4350553,70.3939998,69.7908928,48.580443,48.5315955,48.2073691,607.2875804,611.5656848,584.565804,347.7138941,345.9919769,336.0043965,259.5736863,265.5737078,248.5614075,486.2129043,491.4010221,475.7303827,308.7347636,308.8482459,303.2973302,177.4781407,182.5527761,172.4330525,121.0746762,120.1646627,108.8354213,38.9791306,37.143731,32.7070663,82.0955456,83.0209317,76.128355,7.1590001,7.2111766,6.9652954,7.0216017,6.9934079,6.8600451,7.3517059,7.5160923,7.1128147,7.2593606,7.3278429,7.1892318,6.7928825,6.7958055,6.7396057,8.2442024,8.446612,8.1450092,6.7824486,6.7703769,6.1305866,9.5751774,9.2233907,8.2226617,5.9574472,6.0504403,5.5264862,8482.8547601,8480.8030339,8392.548691,4952.0594786,4947.4016501,4897.991075,3530.7952815,3533.4013839,3494.557616,63.9207257,63.9093384,63.2442744,75.7542145,75.687108,74.9312074,52.4353346,52.4757189,51.8988372,4877.504245,1638.659332,3238.844913,13270.05294,6536.650407,6733.402528
1990-09-01,7858.8661002,7844.1091218,7905.534512,4590.6794331,4593.7837338,4614.091668,3268.1866671,3250.325388,3291.442844,6193.1432582,6195.963243,6210.795982,4222.8039603,4226.5978017,4235.438968,1970.339298,1969.3654413,1975.357014,1665.7228419,1648.1458788,1694.73853,367.8754728,367.1859321,378.6527001,1297.8473691,1280.9599467,1316.08583,59.1466627,59.0418725,59.5042156,70.1440683,70.1989152,70.5092465,48.4743293,48.212118,48.8220137,626.554708,624.4996657,625.0224596,362.6389018,360.5578347,361.0938432,263.9158061,263.941831,263.9286164,503.3137077,500.0733477,491.1381823,322.5481324,319.6549598,318.3745832,180.7655754,180.4183879,172.7635991,123.2410002,124.426318,133.8842773,40.0907695,40.9028749,42.71926,83.1502308,83.5234431,91.1650173,7.3838967,7.3742888,7.3268658,7.3211305,7.2776136,7.2578971,7.4719182,7.5105794,7.4233767,7.5161195,7.4681991,7.3283051,7.0962189,7.0311744,6.9913838,8.4033827,8.3923967,8.0425465,6.8889598,7.0195346,7.3215907,9.8269821,10.0230328,10.1381354,6.0210265,6.1212503,6.478235,8485.4208082,8468.6087875,8530.556971,4953.3183349,4954.3415685,4975.185511,3532.1024732,3514.2672191,3555.37146,63.8621801,63.7424228,64.208701,75.6850711,75.708702,76.0272242,52.3887757,52.1271705,52.7368702,4755.114356,1568.767082,3186.347273,13285.67133,6543.952593,6741.718734
1990-10-01,7839.4223633,7829.6951094,7848.901359,4575.066068,4573.516228,4589.334658,3264.3562953,3256.1788813,3259.566701,6169.3728462,6151.7787767,6165.265445,4205.919591,4201.7233085,4215.178311,1963.4532552,1950.0554683,1950.087134,1670.0495172,1677.9163326,1683.635914,369.146477,371.7929195,374.1563467,1300.9030402,1306.1234131,1309.479568,58.9279684,58.8554995,58.9998721,69.8226137,69.7981015,70.0395123,48.3561998,48.2342724,48.2844567,646.2157686,647.4183528,603.0830995,377.8969667,377.3539854,351.7572049,268.318802,270.0643673,251.3258946,520.3199241,520.0362721,480.9872332,336.62721,335.9762796,312.9167319,183.6927141,184.0599926,168.0705013,125.8958445,127.3820806,122.0958663,41.2697566,41.3777059,38.840473,84.6260879,86.0043748,83.2553933,7.6154057,7.6372501,7.1354024,7.6297151,7.6219729,7.1190177,7.5953433,7.6586993,7.1584615,7.7779345,7.7945247,7.2369688,7.4105392,7.4041102,6.9105602,8.5552038,8.6246502,7.9347495,7.0100042,7.0560124,6.7615727,10.0555858,10.0146775,9.4045453,6.1078534,6.1779081,5.9778347,8485.6381319,8477.1134621,8451.984459,4952.9630346,4950.8702134,4941.091863,3532.6750973,3526.2432487,3510.892596,63.7854924,63.7221169,63.5332232,75.5899083,75.5570385,75.4078075,52.3309122,52.2347769,52.0073854,4851.267022,1611.401872,3239.86515,13303.25148,6552.493734,6750.757746
1990-11-01,7818.3769257,7809.8847237,7826.922723,4558.4610252,4553.1509921,4550.843186,3259.9159005,3256.7337316,3276.079537,6141.1780181,6133.2264427,6125.196024,4186.0396486,4181.1308702,4176.243225,1955.1383695,1952.0955725,1948.952799,1677.1989076,1676.658281,1701.726699,372.4213765,372.0201219,374.5999604,1304.7775311,1304.6381591,1327.126739,58.6972495,58.6295544,58.7574603,69.4854989,69.3975695,69.3623947,48.2286147,48.1782161,48.4644066,667.6272973,674.1251786,625.7790937,393.7118759,404.0501341,377.721568,273.9154214,270.0750444,248.0575257,538.3687709,546.9375578,511.9848728,351.2625639,360.9546268,341.6320233,187.106207,185.982931,170.3528495,129.2585264,127.1876207,113.7942209,42.449312,43.0955073,36.0895447,86.8092143,84.0921134,77.7046762,7.8673929,7.9458321,7.4033026,7.9502853,8.1507715,7.6639263,7.7512308,7.657774,7.0388161,8.0599596,8.187487,7.7138906,7.7416612,7.946892,7.5617852,8.7341198,8.6986016,8.0381445,7.1553597,7.0509139,6.2678551,10.2319381,10.381567,8.7875498,6.2381461,6.0553237,5.5312456,8486.004223,8484.0099022,8452.701817,4952.1729011,4957.2011262,4928.564754,3533.8313219,3526.808776,3524.137063,63.7095284,63.6902769,63.4552441,75.4869249,75.5559634,75.1194976,52.2810387,52.1735485,52.1340247,4868.028314,1632.401323,3235.626991,13320.73013,6560.966077,6759.764054
1990-12-01,7795.9843518,7812.9148309,7915.536125,4541.0005845,4551.5534604,4608.174629,3254.9837673,3261.3613705,3307.361496,6109.8597394,6130.4521757,6229.414603,4163.5504912,4178.5005341,4236.29557,1946.3092482,1951.9516416,1993.119033,1686.1246124,1682.4626552,1686.121523,377.4500933,373.0529263,371.8790592,1308.6745191,1309.4097289,1314.242463,58.4566767,58.5745444,59.343911,69.1359268,69.2823066,70.1441761,48.0936913,48.1819992,48.861586,691.7620681,681.2976961,700.8391514,410.1343582,401.7080292,414.5230738,281.6277099,279.589667,286.3160776,558.4228408,552.8279725,568.6771757,366.3137779,358.2794979,365.9414627,192.1090629,194.5484746,202.735713,133.3392273,128.4697237,132.1619757,43.8205803,43.4285313,48.5816111,89.518647,85.0411924,83.5803646,8.1501265,8.0207282,8.1338049,8.2836433,8.1099702,8.2529967,7.9632075,7.8958919,7.9672166,8.3743128,8.2718061,8.3652471,8.0866392,7.89722,7.9513823,8.9836989,9.0635203,9.2326559,7.3284901,7.0941204,7.2685022,10.4020011,10.4274825,11.554377,6.402452,6.0985432,5.9793246,8487.74642,8494.212527,8616.375277,4951.1349427,4953.2614895,5022.697703,3536.6114773,3540.9510375,3593.677574,63.6437204,63.682331,64.5982027,75.3801495,75.3969791,76.4539152,52.2548537,52.3125409,53.0915009,4722.038046,1546.877828,3175.160218,13338.41332,6569.575531,6768.837792
1991-01-01,7771.9399916,7748.2033568,7641.269189,4522.5344239,4514.229178,4494.353023,3249.4055677,3233.9741788,3146.916166,6076.4014364,6084.3318924,6104.58245,4138.9244625,4134.1193842,4135.367141,1937.4769738,1950.2125082,1969.215309,1695.5385553,1663.8714644,1536.686739,383.6099613,380.1097938,358.9858825,1311.9285939,1283.7616706,1177.700857,58.204952,58.0237987,57.2230032,68.7733457,68.6415576,68.3393288,47.9499596,47.7200809,46.4354647,718.1237449,710.1949914,763.3216342,427.071658,417.3056015,458.7694724,291.0520869,292.8893899,304.5521618,580.6672581,573.9625315,631.326283,381.7152538,378.8693396,415.8138084,198.9520043,195.0931919,215.5124746,137.4564868,136.2324599,131.9953512,45.3564042,38.4362619,42.955664,92.1000826,97.7961979,89.0396872,8.4584023,8.3963294,9.0821986,8.6283969,8.4619823,9.2622275,8.2207476,8.3045285,8.8238434,8.7225667,8.6202636,9.3725481,8.4438327,8.3950872,9.1363937,9.3123622,9.0939577,9.8645001,7.4990103,7.568033,7.9101557,10.5734174,9.1832814,10.6870425,6.559701,7.0786899,7.029039,8490.0637365,8458.3983482,8404.590823,4949.6060819,4931.5347795,4953.122496,3540.4576546,3526.8635687,3451.468328,63.5830633,63.3422202,62.939273,75.2677455,74.9869391,75.3151933,52.2448793,52.0419167,50.9293948,4948.901248,1623.402479,3325.498769,13353.49207,6576.524974,6776.967097
1991-02-01,7746.2764463,7758.0185017,7708.780594,4503.0576775,4515.6460017,4501.842334,3243.2187688,3242.3725,3206.93826,6042.4841273,6043.4783799,6044.310151,4113.0617655,4117.0903814,4123.665058,1929.4223617,1926.3879984,1920.645093,1703.7923191,1714.5401218,1664.470443,389.995912,398.5556203,378.1772761,1313.796407,1315.9845015,1286.293167,57.9431423,58.0320401,57.6637275,68.3988474,68.5908349,68.3811627,47.7986988,47.7869739,47.2647343,744.756412,731.4462292,807.5466346,443.6877793,433.5698096,468.3850336,301.0686326,297.8764196,339.161601,604.0183205,591.2798108,649.6809954,396.9206969,387.0205569,417.0009839,207.0976236,204.2592539,232.6800115,140.7380915,140.1664184,157.8656392,46.7670824,46.5492528,51.3840497,93.9710091,93.6171657,106.4815895,8.7710933,8.6159287,9.4823345,8.9692866,8.7603739,9.423815,8.4944757,8.4139965,9.5643556,9.087762,8.9118517,9.7054355,8.8009366,8.5926071,9.1836964,9.6932219,9.5867232,10.8056146,7.6300228,7.5573367,8.662817,10.7076568,10.4580416,11.9619823,6.67518,6.6413915,7.6452843,8491.0328583,8489.4647309,8516.327228,4946.7454569,4949.2158114,4970.227368,3544.2874014,3540.2489195,3546.099861,63.5140159,63.5034523,63.7043909,75.1382087,75.1765848,75.4957418,52.2358613,52.1771581,52.2633909,4852.181767,1613.226545,3238.955222,13368.509,6583.453913,6785.055082
1991-03-01,7719.6222077,7701.5819414,7715.386264,4483.0962312,4478.5880958,4480.95929,3236.5259765,3222.9938456,3234.426974,6009.9968609,5997.6037677,5987.272707,4087.6082475,4088.132833,4079.881804,1922.3886134,1909.4709347,1907.390902,1709.6253468,1703.9781737,1728.113557,395.4879837,390.4552629,401.0774856,1314.1373631,1313.5229108,1327.036072,57.6761935,57.5449289,57.6480724,68.0203014,67.9561371,67.9921166,47.6416523,47.444497,47.6127999,768.6121466,778.9580407,818.6676259,458.8327018,466.2767425,478.398242,309.7794448,312.6812983,340.2693839,626.5438409,631.9255418,644.4272787,411.2619714,416.7943403,421.3213455,215.2818695,215.1312015,223.1059332,142.0683057,147.032499,174.2403472,47.5707303,49.4824022,57.0768965,94.4975754,97.5500968,117.1634507,9.0550298,9.1852411,9.5929512,9.284486,9.4295144,9.6463753,8.7352726,8.8436094,9.5188332,9.4408197,9.531982,9.7173768,9.14145,9.2519662,9.360194,10.0708632,10.1257171,10.4720143,7.6723439,7.9433631,9.1591973,10.7368908,11.2475939,12.4580052,6.7084503,6.9131857,8.1126914,8488.2343543,8480.5399821,8534.05389,4941.928933,4944.8648383,4959.357532,3546.3054213,3535.6751438,3574.696358,63.4187832,63.3651727,63.7650197,74.9819942,75.0312165,75.2511223,52.2016047,52.0473625,52.6217793,4849.544101,1631.052529,3218.491572,13383.59799,6590.410061,6793.187929
1991-04-01,7694.0436577,7695.9462666,7717.20651,4463.69936,4462.1995549,4470.648651,3230.3442976,3233.7467117,3246.557858,5981.2594305,5975.4855763,5963.253069,4064.1645561,4055.3273836,4052.051922,1917.0948744,1920.1581927,1911.201147,1712.7842272,1720.4606903,1753.953441,399.5348039,406.8721713,418.5967294,1313.2494233,1313.588519,1335.356711,57.4190588,57.4372792,57.5959511,67.6523721,67.634028,67.7620919,47.4934292,47.5459815,47.7343446,788.3633693,841.9259009,849.4934822,472.0616491,503.0053951,498.3582794,316.3017202,338.9205058,351.1352028,646.927922,680.7279714,677.5991177,424.4096724,447.0699984,440.1377546,222.5182496,233.6579729,237.4613631,141.4354473,161.1979295,171.8943645,47.6519767,55.9353966,58.2205248,93.7834706,105.2625329,113.6738397,9.2940997,9.8610741,9.9162278,9.5641107,10.1306069,10.0293336,8.9183335,9.4864841,9.76001,9.760254,10.2269551,10.2034965,9.4553337,9.9295988,9.7978444,10.3999292,10.8485569,11.0515896,7.6277611,8.5667999,8.9256464,10.6559448,12.0861024,12.2102387,6.665336,7.4188572,7.8448201,8482.407027,8537.8721675,8566.699992,4935.7610091,4965.20495,4969.006931,3546.6460179,3572.6672175,3597.693061,63.3024518,63.7208383,63.9359895,74.806996,75.2581337,75.3157607,52.1437859,52.529151,52.8971076,4832.169824,1628.558947,3203.610878,13398.86982,6597.565878,6801.303939
1991-05-01,7672.2026483,7693.8490674,7703.716449,4446.6517007,4464.0095639,4460.384936,3225.5509476,3229.8395035,3243.331512,5959.1146666,5980.6928431,5959.294995,4044.7617242,4063.2245079,4052.891187,1914.3529424,1917.4683353,1906.403808,1713.0879817,1713.1562243,1744.421454,401.8899765,400.785056,407.4937494,1311.1980052,1312.3711683,1336.927704,57.1909864,57.3565077,57.4300676,67.3208427,67.5883881,67.5335086,47.366421,47.4321888,47.6303273,803.5148544,807.8993652,805.4079362,483.1437483,482.040093,480.8761857,320.3711061,325.8592722,324.5317505,664.2374144,670.6570776,667.8978475,436.1482478,432.1266301,431.3559771,228.0891667,238.5304475,236.5418704,139.27744,137.2422876,137.5100887,46.9955006,49.9134629,49.5202086,92.2819394,87.3288247,87.9898801,9.4801986,9.5027437,9.465227,9.8004827,9.7459615,9.7318513,9.0349168,9.1644229,9.0959694,10.0287197,10.083022,10.0781411,9.7334749,9.6127447,9.6193622,10.6462231,11.0635706,11.0381646,7.5188966,7.4169043,7.3068592,10.4693743,11.0746898,10.8356009,6.5752232,6.2391102,6.1750856,8475.7175027,8501.7484326,8509.124385,4929.795449,4946.0496569,4941.261122,3545.9220537,3555.6987758,3567.863263,63.1806362,63.3792781,63.4342647,74.6354799,74.8868297,74.8143278,52.0709918,52.2176336,52.3962766,4904.957779,1663.437831,3241.519948,13414.08216,6604.698953,6809.38321
1991-06-01,7656.2918664,7658.7933837,7678.064063,4433.8092255,4434.8671493,4449.428159,3222.4826409,3223.9262344,3228.635905,5944.9406197,5945.9665641,5930.488226,4030.8192436,4032.3824252,4033.813437,1914.1213761,1913.5841389,1896.674789,1711.3512467,1712.8268196,1747.575837,402.9899819,402.4847241,415.6147215,1308.3612648,1310.3420955,1331.961116,57.0078109,57.0304607,57.1739579,67.0534321,67.0746188,67.294845,47.2653678,47.2892438,47.3583262,814.3752593,809.2942759,757.6829427,491.9937206,490.1190108,456.4840184,322.3815387,319.1752651,301.1989243,678.1031181,678.6252167,638.2341609,446.2977274,449.2699167,422.5538368,231.8053907,229.3553,215.6803241,136.2721412,130.6690593,119.4487818,45.6959932,40.8490941,33.9301816,90.576148,89.8199651,85.5186002,9.6140628,9.5569898,8.9818121,9.9880918,9.951683,9.3047735,9.094327,9.0083579,8.5329467,10.2385421,10.2440307,9.7162602,9.9684179,10.024649,9.4820245,10.802111,10.7028363,10.2104198,7.3755367,7.0881124,6.397815,10.1844042,9.2140713,7.5476735,6.474639,6.4149692,6.0331445,8470.6671256,8468.0876596,8435.747006,4925.802946,4924.9861601,4905.912177,3544.8641796,3543.1014995,3529.834829,63.0715493,63.0567919,62.8159703,74.4939569,74.4873652,74.198883,51.9938594,51.9709753,51.7763769,4993.556023,1705.928832,3287.627191,13429.30303,6611.841009,6817.46202
1991-07-01,7646.1231433,7630.5043226,7582.980614,4425.5903639,4414.2123754,4398.224893,3220.5327794,3216.2919472,3184.755721,5936.9730897,5926.843959,5900.922159,4022.1310639,4014.8732993,4007.396183,1914.8420258,1911.9706597,1893.525975,1709.1500536,1703.6603636,1682.058456,403.4593,399.339076,390.82871,1305.6907536,1304.3212876,1291.229746,56.8686542,56.7518132,56.398356,66.8574436,66.6843271,66.4428085,47.1817996,47.1194403,46.6574271,823.2826523,817.378999,797.37907,499.4383337,494.9345589,484.7995752,323.8443186,322.4444401,312.5794948,689.601042,686.0610073,675.9121781,455.1761217,451.5169115,444.8662005,234.4249203,234.5440957,231.0459775,133.6816103,131.3179918,121.4668919,44.262212,43.4176474,39.9333747,89.4193983,87.9003444,81.5335172,9.720666,9.6755479,9.514855,10.1408208,10.0818852,9.9282643,9.1368472,9.1118525,8.9376475,10.4065997,10.3745784,10.2771659,10.166292,10.1092133,9.9919134,10.9072035,10.9267404,10.8749425,7.2541412,7.1563782,6.73497,9.8861035,9.8062085,9.2704015,6.4094866,6.3136747,5.939372,8469.4057956,8447.8833216,8380.359684,4925.0286976,4909.1469343,4883.024469,3544.3770979,3538.7363874,3497.335216,62.991885,62.8310628,62.3288563,74.4024641,74.1611712,73.7665461,51.9262188,51.8433278,51.2367908,5065.033316,1736.540531,3328.492784,13445.393,6619.565,6825.828
1991-08-01,7640.0777203,7635.6907077,7620.703211,4420.9818605,4420.3489342,4398.615719,3219.0958598,3215.3417736,3222.087492,5932.17756,5928.5987656,5902.195095,4017.2859086,4015.4105536,3993.300491,1914.8916514,1913.1882121,1908.894604,1707.9001603,1707.0919421,1718.508116,403.6959519,404.9383806,405.3152285,1304.2042084,1302.1535615,1313.192888,56.7621724,56.726081,56.6147378,66.7187111,66.7045072,66.3765459,47.107398,47.0500662,47.1487763,832.5832782,828.7198735,796.6144527,506.3729357,508.2621883,495.4711908,326.2103424,320.4576852,301.1432619,700.0661057,697.0227469,677.4126777,463.1304547,465.4345242,458.0857244,236.935651,231.5882227,219.3269532,132.5171725,131.6971266,119.201775,43.2424811,42.827664,37.3854664,89.2746914,88.8694626,81.8163086,9.8267035,9.7906389,9.4639942,10.2767703,10.3124831,10.123874,9.2011895,9.0632314,8.5473613,10.5554944,10.5201111,10.2956392,10.3367727,10.3872041,10.2908555,11.0109046,10.7977791,10.3056448,7.2003871,7.1621661,6.4864305,9.6752657,9.5647413,8.4448628,6.4066051999999996,6.3887844,5.8649297,8472.6609985,8464.4105812,8417.317664,4927.3547963,4928.6111224,4894.08691,3545.3062022,3535.7994588,3523.230754,62.9478733,62.8826989,62.5328424,74.3605768,74.3743494,73.8533678,51.8810739,51.7393206,51.5554028,5043.317336,1732.67509,3310.642246,13460.635,6626.762,6833.873
1991-09-01,7636.5644079,7645.1695132,7713.236218,4418.5697538,4423.2443039,4446.146165,3217.9946541,3221.9252093,3267.090052,5928.0096678,5934.3255049,5952.28717,4014.5478432,4015.5162326,4025.199787,1913.4618247,1918.8092723,1927.087383,1708.5547401,1710.8440083,1760.949048,404.0219107,407.7280712,420.9463783,1304.5328294,1303.115937,1340.002669,56.6771209,56.7322511,57.2373514,66.6165198,66.6756654,67.0208864,47.040015,47.0910338,47.7511544,843.3309392,852.5821584,854.1322661,513.1712506,513.0529774,514.9691928,330.1596886,339.529181,339.1630732,710.3742924,712.9915402,703.4434448,470.1168897,468.5484719,468.1712428,240.2574027,244.4430683,235.2722021,132.9566468,139.5906182,150.6888212,43.0543609,44.5045054,46.7979501,89.9022859,95.0861128,103.8908711,9.9450631,10.0330322,9.9695988,10.4054785,10.3934781,10.3801092,9.3051107,9.5334418,9.4048604,10.7010124,10.7260047,10.5689891,10.4827656,10.4491907,10.4191539,11.1554654,11.2997945,10.8803459,7.2199742,7.5436666,7.8827075,9.6302049,9.8410658,10.0050278,6.447219,6.8005989,7.1951891,8479.8953471,8497.7516716,8567.368484,4931.7410045,4936.2972813,4961.115358,3548.1543426,3561.4543903,3606.253126,62.9361619,63.0589787,63.5755819,74.3533406,74.4093889,74.7834948,51.8662246,52.0535264,52.7082961,4908.510516,1672.855642,3235.654874,13475.879,6633.971,6841.908
1991-10-01,7634.1057986,7616.2223962,7637.961584,4416.4784907,4410.8626545,4426.22451,3217.6273079,3205.3597416,3211.737074,5922.5109917,5939.5714451,5955.213006,4011.4895132,4021.0439788,4034.22272,1911.0214785,1918.5274663,1920.990286,1711.5948069,1676.6509511,1682.748577,404.9889775,389.8186757,392.0017892,1306.6058294,1286.8322754,1290.746788,56.6010033,56.4660812,56.6272539,66.5204833,66.4326664,66.6640336,46.984359,46.8035622,46.8966818,855.2464165,845.0865634,789.0317782,519.6464523,518.5785067,484.7555573,335.5999642,326.5080568,304.2762209,720.4582987,716.14418,665.2059578,476.0163769,476.1624297,444.6592784,244.4419219,239.9817504,220.5466793,134.7881178,128.9423834,123.8258204,43.6300755,42.416077,40.0962789,91.1580423,86.5263064,83.7295415,10.0743425,9.9876576,9.363147,10.5274169,10.5200263,9.8708517,9.4449338,9.2446285,8.6540122,10.8454257,10.7598374,10.0477925,10.6075934,10.5879603,9.9279079,11.340574,11.1179396,10.2985231,7.3001172,7.1412749,6.8541778,9.7254174,9.8132038,9.2794395,6.5217054,6.3003434,6.0917413,8489.3522151,8461.3089596,8426.993362,4936.124943,4929.4411612,4910.980067,3553.2272721,3531.8677984,3516.013295,62.9419955,62.7314874,62.4770742,74.3473375,74.2430554,73.96501,51.8848486,51.5711207,51.3396187,5061.143638,1728.618933,3332.524705,13488.137,6639.599,6848.538
1991-11-01,7631.8762641,7597.0949467,7614.94176,4414.1512444,4409.4436861,4408.287285,3217.7250197,3187.6512606,3206.654475,5914.5321202,5858.795769,5853.845014,4006.8783951,3983.5578096,3980.671149,1907.6537251,1875.2379594,1873.173864,1717.3441439,1738.2991777,1761.096746,407.2728493,425.8858765,427.6161362,1310.0712946,1312.4133012,1333.48061,56.5254764,56.2731142,56.4053089,66.4191267,66.3550099,66.3376079,46.9348774,46.4999729,46.7771829,866.6971094,862.7546147,806.1713059,525.2829946,522.0565344,491.3219057,341.4141148,340.6980802,314.8494002,729.7171598,732.2253628,688.7303544,480.7964575,482.3819952,458.0126167,248.9207023,249.8433675,230.7177377,136.9799496,130.5292519,117.4409514,44.4865371,39.6745392,33.3092889,92.4934125,90.8547127,84.1316625,10.1981482,10.1982264,9.5732156,10.6344769,10.5861606,10.0277775,9.5926038,9.6560189,8.9407654,10.9826879,11.1094373,10.5268998,10.7137097,10.8013546,10.3186584,11.5424119,11.756885,10.9662369,7.3870555,6.9845498,6.2517218,9.8473963,8.5218884,7.2266113,6.5945915,6.4745089,5.9347442,8498.5733735,8459.8495614,8421.113066,4939.4342391,4931.5002205,4899.609191,3559.1391344,3528.3493409,3521.503875,62.9446668,62.6637002,62.3767717,74.3229877,74.211118,73.7312095,51.9148647,51.4699179,51.3700594,5079.285934,1745.621809,3333.664125,13500.399,6645.231,6855.168
1991-12-01,7629.3808181,7616.8252477,7712.178014,4411.5431878,4406.1721134,4459.130256,3217.8376304,3210.6531343,3253.047758,5903.9548652,5897.5133815,5990.829068,4000.4113511,4001.541674,4056.436271,1903.5435141,1895.9717075,1934.392797,1725.4259529,1719.3118662,1721.348946,411.1318366,404.6304394,402.6939853,1314.2941163,1314.6814268,1318.654961,56.4449209,56.3680796,57.0737348,66.3091835,66.2496696,67.0459298,46.8836488,46.7902601,47.4080956,876.264318,891.3293242,906.0036808,530.1062397,536.7075547,546.2152072,346.1580783,354.6217695,359.7884736,737.9824132,742.0551877,753.4507283,485.1122402,487.0391855,491.4693272,252.870173,255.0160022,261.9814011,138.2819048,149.2741365,152.5529525,44.9939995,49.6683692,54.7458799,93.2879053,99.6057673,97.8070725,10.30215,10.4761769,10.5127011,10.7273138,10.8581958,10.9126375,9.7126402,9.9465477,9.9586156,11.1109513,11.1762561,11.1717003,10.8150638,10.8506274,10.806498,11.7264222,11.8557629,11.9279038,7.41972,7.9886147,8.1409252,9.864383,10.9329737,11.9678856,6.6275289,7.0428247,6.9050261,8505.6451361,8508.1545718,8618.181695,4941.6494274,4942.8796681,5005.345464,3563.9957087,3565.2749038,3612.836231,62.9278415,62.9643346,63.778587,74.2771237,74.3194175,75.2586315,51.9271456,51.9583191,52.6514513,4894.475305,1645.513536,3248.961769,13512.657,6650.859,6861.798
1992-01-01,7627.0394904,7633.6142332,7518.94813,4409.0878837,4407.5965526,4382.875246,3217.9516067,3226.0176807,3136.072884,5891.0777531,5896.9134978,5905.891429,3991.9214619,3993.2811769,3990.392565,1899.1562912,1903.632321,1915.498864,1735.9617373,1736.7007354,1613.056701,417.1664218,414.3153757,392.4826808,1318.7953155,1322.3853597,1220.57402,56.3628941,56.416965,55.5695141,66.197549,66.1815693,65.8103704,46.8308813,46.9522219,45.6431442,883.5204056,880.9677364,948.5523268,534.5762792,531.0607718,581.1363284,348.9441264,349.9069645,367.4159984,745.2688603,740.1922266,809.9397182,489.7396183,486.3082556,531.1386547,255.529242,253.883971,278.8010635,138.2515453,140.7755097,138.6126086,44.8366609,44.7525162,49.9976738,93.4148843,96.0229935,88.6149348,10.3814604,10.3465765,11.2022708,10.8133615,10.7531407,11.7069898,9.7828519,9.7850766,10.4871461,11.2301075,11.1523344,12.0601561,10.9276362,10.8560899,11.7468758,11.859236,11.7674185,12.7056953,7.3765108,7.4981247,7.9131722,9.7048402,9.7485616,11.299411,6.6148003,6.7697707,6.7686895,8510.559896,8514.5819696,8467.500457,4943.6641629,4938.6573244,4964.011574,3566.8957331,3575.9246452,3503.488883,62.8920024,62.9278423,62.5798819,74.2236171,74.1556284,74.5363311,51.9090686,52.0448504,50.9906032,5063.206543,1695.843426,3367.363117,13530.707,6659.855,6870.852
1992-02-01,7625.8124084,7650.192145,7597.175453,4407.286968,4417.3432877,4400.350163,3218.5254405,3232.8488573,3196.82529,5877.5108778,5883.9264877,5881.716007,3982.3790197,3972.3502441,3976.753912,1895.1318582,1911.5762436,1904.962095,1748.3015306,1766.2656573,1715.459446,424.9079483,444.9930437,423.5962507,1323.3935823,1321.2726137,1291.863196,56.2888685,56.464179,56.0728759,66.0947259,66.2384463,65.9836329,46.7850243,46.9897516,46.4661457,889.631194,888.3819304,982.7667093,539.5126169,538.49361,583.165801,350.118577,349.8883204,399.6009083,752.4522174,749.9031099,825.9210131,495.2739307,491.6288205,531.122905,257.1782868,258.2742894,294.7981081,137.1789765,138.4788205,156.8456962,44.2386863,46.8647895,52.042896,92.9402903,91.614031,104.8028002,10.4472678,10.4043359,11.4542347,10.9062962,10.8658461,11.7018949,9.8109695,9.76595,11.1110554,11.3492671,11.3042263,12.3131441,11.0610165,11.0132421,11.7821078,11.9489418,11.9028608,13.4013747,7.2755447,7.2702046,8.3771439,9.4296075,9.5281169,10.9416764,6.5620326,6.4841742,7.503784,8515.4436024,8538.5740754,8579.942162,4946.7995849,4955.8368977,4983.515964,3568.6440175,3582.7371777,3596.426199,62.8555569,63.0211066,63.3264343,74.1856305,74.3132047,74.7282547,51.8744065,52.0754101,52.2743812,4968.810838,1685.335036,3283.475801,13548.753,6668.851,6879.902
1992-03-01,7627.7086047,7631.0801478,7646.15694,4407.0266433,4408.5133698,4411.477884,3220.6819614,3222.566778,3234.679056,5865.3390629,5868.4965553,5858.016771,3973.4743301,3972.7711364,3964.838413,1891.8647328,1895.7254189,1893.178358,1762.3695418,1762.5835925,1788.14017,433.5523131,435.7422333,446.6394715,1328.8172287,1326.8413591,1341.500698,56.2408192,56.2481828,56.3593128,66.0181446,66.0168978,66.061291,46.7646616,46.7788006,46.9546225,895.4599676,895.1090367,935.272207,545.1086036,545.7005981,557.8116646,350.351364,349.4084386,377.4605425,759.5954579,757.6371605,772.4752784,501.5895574,503.3523023,509.0000304,258.0059005,254.2848582,263.4752479,135.8645097,137.4718762,162.7969287,43.5190462,42.3482958,48.8116342,92.3454635,95.1235804,113.9852945,10.5061863,10.4983483,10.8987931,11.0075468,11.0148775,11.2251794,9.810924,9.7819391,10.4497773,11.4657051,11.4340759,11.6503462,11.2085452,11.245273,11.3772555,12.0009965,11.8271462,12.2168552,7.1574161,7.2351507,8.3445504,9.1221251,8.8577985,9.8519579,6.4978812,6.6895869,7.831425,8523.1685723,8526.1891844,8581.429147,4952.1352469,4954.2139679,4969.289549,3571.0333254,3571.9752166,3612.139598,62.8432479,62.8459718,63.2531419,74.183981,74.1886912,74.414446,51.8518025,51.8508158,52.4338422,4985.373853,1708.566451,3276.807402,13566.803,6677.856,6888.947
1992-04-01,7632.6538521,7624.4759735,7644.08212,4407.76572,4408.2596126,4416.387089,3224.8881321,3216.2163608,3227.695031,5855.4110497,5851.1318384,5838.125415,3966.173929,3970.2793154,3966.734943,1889.2371206,1880.852523,1871.390472,1777.2428024,1773.3441351,1805.956705,441.591791,437.9802973,449.6521465,1335.6510115,1335.3638379,1356.304559,56.2203169,56.1557773,56.3001804,65.9626301,65.9636586,66.0852753,46.7780288,46.6489747,46.8154648,901.3629465,891.7726961,894.5883631,550.9760753,542.6876363,537.1720225,350.3868712,349.0850598,357.4163406,766.1602904,762.8451208,758.3536982,507.9704096,502.2448081,495.2583161,258.1898808,260.6003126,263.0953821,135.2026561,128.9275753,136.2346649,43.0056657,40.4428282,41.9137064,92.1969904,88.4847472,94.3209585,10.5620011,10.4714262,10.4769046,11.1112072,10.961289,10.844163,9.8002775,9.7911794,9.9694627,11.5706718,11.533834,11.4963405,11.353465,11.2295606,11.099486,12.0232204,12.169323,12.325937,7.0696215,6.7775584,7.014482,8.8745133,8.4533598,8.52657,6.4570592,6.2144773,6.5020887,8534.0167985,8516.2486696,8538.670483,4958.7417953,4950.947249,4953.559112,3575.2750032,3565.3014206,3585.111371,62.8595425,62.72386,62.8890011,74.208039,74.084247,74.12333,51.8605019,51.71221,51.9995395,5038.696517,1729.301888,3309.394629,13577.367,6682.861,6894.506
1992-05-01,7639.463681,7620.8344674,7631.400055,4409.0180914,4403.8918326,4401.408223,3230.4455896,3216.9426348,3229.991831,5847.5024693,5843.473811,5822.688786,3960.8628893,3951.5543644,3941.658019,1886.63958,1891.9194466,1881.030767,1791.9612116,1777.3606564,1808.711268,448.155202,452.3374682,459.7502038,1343.8060096,1325.0231882,1348.961064,56.218887,56.0853026,56.1630598,65.9215261,65.8486791,65.8115432,46.8150228,46.6221003,46.811218,908.072725,905.455218,901.6900915,556.9415743,556.9433466,555.534505,351.1311507,348.5118714,346.1555865,771.8233446,775.3710687,771.4967722,513.7541975,515.4789799,514.4584619,258.0691471,259.8920888,257.0383103,136.2493804,130.0841492,130.1933193,43.1873769,41.4643666,41.076043,93.0620035,88.6197826,89.1172763,10.6237948,10.619569,10.5669819,11.2151852,11.2268061,11.2072004,9.8038148,9.7746829,9.679567,11.6601504,11.714598,11.6996522,11.4815232,11.5396269,11.5449958,12.0328296,12.0778277,12.0219834,7.0661048,6.819812,6.7147873,8.7896671,8.3969649,8.2016554,6.476726,6.2688942,6.1969695,8547.536406,8526.2896853,8533.090146,4965.9596657,4960.8351791,4956.942728,3581.5767403,3565.4545062,3576.147418,62.901403,62.7489732,62.7990209,74.2486497,74.1763095,74.1181081,51.9035508,51.6729691,51.827938,5054.844854,1730.954272,3323.890582,13587.935,6687.897,6900.038
1992-06-01,7645.5294361,7633.5734423,7637.30849,4409.7257137,4404.0659478,4402.9057,3235.8037224,3229.5074946,3234.40279,5840.7438102,5828.7796014,5804.74177,3957.2689537,3949.5460252,3941.278044,1883.4748566,1879.2335762,1863.463726,1804.7856258,1804.7938409,1832.56672,452.45676,454.5199226,461.6276563,1352.3288658,1350.2739184,1370.939064,56.2156251,56.135412,56.1628786,65.8771196,65.8020286,65.7846931,46.8517436,46.7665281,46.8374169,915.9509467,925.1192857,894.7916715,562.8910255,567.4359006,547.507088,353.0599212,357.6833852,347.2845836,776.4806351,780.2567303,760.2758973,518.5090735,520.8596284,506.2900666,257.9715616,259.3971019,253.9858308,139.4703115,144.8625554,134.5157742,44.381952,46.5762722,41.2170214,95.0883596,98.2862832,93.2987528,10.6985113,10.809119,10.4873555,11.3198152,11.4137723,11.059827,9.8376521,9.9711277,9.6961166,11.7342345,11.8059077,11.5807137,11.5847808,11.6512833,11.3835259,12.0466036,12.129121,11.994894,7.1734543,7.4301582,6.8383392,8.9328691,9.2948764,8.1967699,6.5695197,6.7851017,6.3718306,8561.4803827,8558.692728,8532.100162,4972.6167392,4971.5018483,4950.412788,3588.8636435,3587.1908797,3581.687374,62.9503785,62.9385106,62.7429554,74.2861776,74.2802017,73.9651059,51.9637573,51.9461445,51.8664482,5066.398838,1742.490212,3323.908626,13598.499,6692.903,6905.596
1992-07-01,7648.0349349,7651.2458425,7668.259482,4408.7802038,4407.0463935,4421.127827,3239.2547311,3244.199449,3247.131655,5834.3361835,5842.653848,5868.131398,3954.388231,3957.2352525,3973.304346,1879.9479525,1885.4185955,1894.827052,1813.6987514,1808.5919945,1800.128084,454.3919728,449.8111411,447.8234815,1359.3067786,1358.7808534,1352.304602,56.1879348,56.2143875,56.3393882,65.8106794,65.7886047,65.998813,46.8619216,46.9355318,46.9779536,924.8083783,959.1899005,904.7739405,568.9943852,593.2491194,562.1898038,355.8139931,365.9407811,342.5841368,780.5543233,815.9931391,775.0390403,522.5433783,546.5460055,521.5789617,258.010945,269.4471336,253.4600785,144.254055,143.1967614,129.7349003,46.4510069,46.7031139,40.610842,97.8030481,96.4936475,89.1240582,10.7876505,11.1398532,10.55372,11.4306981,11.8642812,11.2814363,9.8972793,10.13647,9.5434891,11.7999583,12.2546388,11.6667041,11.6719089,12.1352698,11.6038377,12.0680966,12.5041264,11.7982403,7.3675961,7.3366936,6.7224928,9.2745648,9.406198,8.3144939,6.712126,6.6306149,6.1830364,8572.8433132,8610.435743,8573.033423,4977.774589,5000.2955129,4983.317631,3595.0687242,3610.14023,3589.715791,62.9822386,63.2616415,62.9868433,74.304164,74.6446566,74.39121,52.0094413,52.2297887,51.9342976,5037.798577,1715.481369,3322.317208,13610.832,6698.799,6912.033
1992-08-01,7645.4412257,7671.1126158,7613.399101,4405.6300169,4417.5442865,4381.936129,3239.8112089,3253.5683293,3231.462972,5827.839726,5838.1582039,5769.652127,3951.1011614,3958.2878701,3921.169173,1876.7385645,1879.8703339,1848.482954,1817.6014997,1832.9544118,1843.746974,454.5288554,459.2564164,460.7669563,1363.0726443,1373.6979954,1382.980018,56.1231606,56.3093276,55.8856852,65.712361,65.8869727,65.3558827,46.8302027,47.0275257,46.7080118,933.9383127,921.316243,886.2375365,575.2568978,566.2245129,551.9688624,358.6814149,355.0917301,334.2686741,784.8256048,771.310696,749.7798599,526.4398769,518.4028134,510.3786519,258.3857279,252.9078826,239.401208,149.1127079,150.005547,136.4576767,48.8170209,47.8216995,41.5902106,100.295687,102.1838475,94.8674661,10.8858491,10.7224192,10.4267697,11.5492865,11.361372,11.1872617,9.9675462,9.8399884,9.3744765,11.8685215,11.6697833,11.500693,11.7573434,11.5800454,11.5169388,12.1016715,11.8581426,11.4662112,7.5818188,7.564729,6.8910896,9.6985042,9.4308348,8.2790121,6.8537555,6.9235791,6.4193002,8579.3795385,8592.4288588,8499.636638,4980.8869147,4983.7687994,4933.904992,3598.4926238,3608.6600593,3565.731646,62.9789546,63.0721925,62.391057,74.2926296,74.3321216,73.5884108,52.0148021,52.1600706,51.5395774,5123.528362,1770.826008,3352.702354,13623.165,6704.731,6918.434
1992-09-01,7636.6390996,7635.1127467,7709.74096,4399.5079077,4397.6609496,4422.906319,3237.1311918,3237.4517971,3286.83464,5820.9187195,5821.3464943,5841.896402,3946.597447,3947.600242,3958.122659,1874.3212725,1873.7462523,1883.773744,1815.72038,1813.7662523,1867.844557,452.9104607,450.0607076,464.7836607,1362.8099193,1363.7055448,1403.060897,56.0127291,55.9943813,56.5416896,65.5700984,65.5328268,65.9090269,46.7512964,46.7510503,47.4641729,942.5856563,906.9271238,910.346127,581.5342516,554.8336691,557.4571388,361.0514047,352.0934547,352.8889882,789.8382692,761.7141227,753.3584516,530.6255563,512.3736074,512.4087592,259.2127129,249.3405154,240.9496924,152.7473871,145.2130011,156.9876754,50.9086953,42.4600617,45.0483795,101.8386917,102.7529393,111.9392958,10.9868395,10.6172195,10.5607533,11.6749514,11.203115,11.1931015,10.0342713,9.8088596,9.6954886,11.9477735,11.5708204,11.4227345,11.8516669,11.4882648,11.4619206,12.1494532,11.7442452,11.340285,7.7597098,7.412687,7.7531201,10.1045573,8.6209688,8.8359256,6.9531143,7.0068768,7.3887315,8579.2247558,8542.0398705,8620.087087,4981.0421593,4952.4946187,4980.363458,3598.1825965,3589.5452518,3639.723629,62.9263457,62.6456025,63.2179851,74.2372627,73.8008173,74.2161117,51.965673,51.8355241,52.5601347,5015.410913,1730.259542,3285.151371,13635.498,6710.623,6924.875
1992-10-01,7624.4815262,7644.3711833,7665.683759,4391.5079018,4400.1893647,4414.76584,3232.9736245,3244.1818186,3250.91792,5815.4074683,5813.1022527,5828.230564,3941.5425621,3945.3253442,3957.39169,1873.8649062,1867.7769085,1870.838874,1809.0740579,1831.2689306,1837.453195,449.9653397,454.8640205,457.3741501,1359.1087182,1376.4049101,1380.079045,55.8765219,56.0195662,56.1757493,65.3987431,65.5243587,65.7414207,46.6499735,46.8099024,46.9070968,949.0607581,953.6642641,893.7439917,586.5381963,588.6821721,551.6495813,362.5225618,364.982092,342.0944105,794.7350172,793.9976292,740.2666876,534.3938933,532.2524417,498.1782929,260.3411239,261.7451875,242.0883947,154.3257409,159.6666349,153.4773042,52.144303,56.4297304,53.4712884,102.181438,103.2369045,100.0060158,11.0696457,11.0916531,10.4416325,11.7824983,11.7999064,11.1076004,10.0826852,10.1126494,9.5211032,12.0229635,12.0173396,11.2699551,11.9392645,11.8870619,11.1810227,12.1985001,12.2912642,11.4574883,7.8601282,8.0196787,7.7088228,10.3850431,11.0366556,10.4672146,6.9925495,6.9771551,6.7567749,8573.5422843,8598.0354474,8559.427751,4978.046098,4988.8715368,4966.415421,3595.4961863,3609.1639106,3593.01233,62.831777,63.0082193,62.725294,74.1335244,74.2905773,73.9561774,51.8809682,52.0761843,51.8431352,5086.467249,1748.933579,3337.53367,13645.895,6715.349,6930.546
1992-11-01,7612.9784455,7569.3889746,7587.4465,4383.5218051,4347.7459556,4346.701772,3229.4566405,3221.643019,3240.744728,5813.6018027,5779.2783454,5774.636411,3937.3717228,3909.5037506,3907.171236,1876.2300798,1869.7745948,1867.465175,1799.3766429,1790.1106292,1812.81009,446.1500822,438.242205,439.5305362,1353.2265607,1351.8684242,1373.279554,55.7426002,55.4278576,55.5600862,65.224522,64.6978785,64.6823402,46.5559996,46.4467007,46.7220916,951.8841254,948.6472514,888.2382838,589.3054689,593.1663801,558.7865555,362.5786565,355.4808713,329.4517283,798.0988828,797.5206989,752.3544468,536.7515802,540.6072344,514.4551819,261.3473026,256.9134645,237.8992649,153.7852426,151.1265525,135.883837,52.5538888,52.5591457,44.3313736,101.2313538,98.5674068,91.5524634,11.1138284,11.1369244,10.4798409,11.8505115,12.0051994,11.3910485,10.0939614,9.937617,9.2278319,12.0710075,12.1262744,11.5268194,11.996799,12.1481742,11.6349762,12.2263318,12.0804489,11.2996715,7.8736557,7.7850638,6.9730723,10.5380931,10.7088429,9.1619887,6.9600745,6.7957096,6.2500316,8564.8625709,8518.036226,8475.684784,4972.827274,4940.9123357,4905.488328,3592.035297,3577.1238903,3570.196457,62.7123423,62.3744533,62.0643292,73.9930806,73.5246606,72.9975235,51.7829507,51.5716985,51.4718252,5180.605216,1814.586672,3366.018543,13656.29,6720.075,6936.215
1992-12-01,7605.5527439,7599.5335917,7693.386617,4377.3849977,4373.3419131,4424.512832,3228.1677462,3226.1916786,3268.873785,5816.6900496,5811.0891974,5904.326004,3935.4936393,3925.8408651,3980.243534,1881.1964103,1885.2483323,1924.08247,1788.8626943,1788.4443943,1789.060613,441.8913584,447.501048,444.2692974,1346.9713359,1340.9433463,1344.791316,55.6351141,55.6062606,56.2929891,65.073185,65.0330019,65.7939299,46.4918378,46.4743021,47.0891513,950.1335411,960.4552514,969.2024169,589.2941559,587.0876926,590.9585186,360.8393851,373.3675588,378.2438983,798.3291024,803.5553916,809.8581487,536.8637756,533.5634985,532.7982003,261.4653268,269.9918931,277.0599484,151.8044387,156.8998598,159.3442682,52.4303804,53.5241941,58.1603184,99.3740583,103.3756657,101.1839499,11.1052873,11.2202863,11.1883689,11.8649532,11.8354203,11.7827115,10.0540169,10.372591,10.3710363,12.0684322,12.1481265,12.0618996,12.0040445,11.9649051,11.805745,12.202828,12.5272297,12.5870978,7.8222811,8.0654033,8.1781908,10.6065294,10.6829336,11.5758141,6.8707004,7.1573984,6.9976266,8555.6862849,8559.9888431,8662.589034,4966.6791536,4960.4296056,5015.47135,3589.0071313,3599.5592374,3647.117684,62.5854029,62.6339715,63.3847035,73.8334946,73.7631849,74.5816733,51.6886205,51.8527788,52.5378731,5004.097966,1709.33265,3294.765316,13666.687,6724.804,6941.883
1993-01-01,7603.4550531,7651.1689032,7533.699516,4374.2647453,4397.7254052,4367.701924,3229.1903078,3253.4434979,3165.997592,5824.796504,5849.5309446,5848.854018,3937.1034189,3937.9809478,3931.612641,1887.6930851,1911.5499969,1917.241377,1778.6585491,1801.6379585,1684.845498,437.1613263,459.7444575,436.0892835,1341.4972227,1341.8935011,1248.756215,55.5640945,55.9174491,55.0589413,64.962991,65.3171317,64.8712086,46.4594884,46.8115305,45.5533323,944.4389992,929.6493291,998.9218324,587.0378809,575.6203742,626.1030102,357.4011183,354.0289549,372.8188222,795.1678778,795.7245445,866.5075137,534.8843593,536.11462,581.9647892,260.2835185,259.6099245,284.5427245,149.2711214,133.9247846,132.4143187,52.1535216,39.5057542,44.138221,97.1175998,94.4190304,88.2760977,11.0487916,10.8340406,11.707092,11.8323337,11.5741072,12.5375945,9.9649242,9.8137674,10.5351275,12.011664,11.9743258,12.9033636,11.9607742,11.9826368,12.8936481,12.1176142,11.9571996,12.92328,7.7425605,6.9191652,7.2864825,10.6584793,7.913017,9.1911064,6.7507715,6.5737107,6.6023908,8547.8940523,8580.8182322,8532.621349,4961.3026262,4973.3457794,4993.804934,3586.5914261,3607.4724528,3538.816414,62.4658119,62.7116553,62.3594154,73.681196,73.8665222,74.1703914,51.6015431,51.9054063,50.9175624,5150.350651,1739.077066,3411.273586,13682.972,6732.882,6950.09
1993-02-01,7605.8240657,7582.0436009,7530.959309,4374.6595261,4358.6095767,4343.875217,3231.1645395,3223.4340243,3187.084092,5836.0281166,5821.3684165,5819.346956,3941.8195181,3936.033487,3940.391579,1894.2085985,1885.3349295,1878.955376,1769.7959491,1760.6751844,1711.612353,432.8400081,422.5760897,403.4836376,1336.955941,1338.0990947,1308.128715,55.5257174,55.3464058,54.9735074,64.9042771,64.6587898,64.4402095,46.4413462,46.3249357,45.80254,936.739137,938.4300567,1039.33238,583.8836573,582.663181,631.6887396,352.8554797,355.7668757,407.6436406,789.9849163,793.5713228,874.817162,532.0596489,533.7046157,577.5087445,257.9252674,259.8667072,297.3084175,146.7542207,144.8587339,164.5152183,51.8240085,48.9585653,54.1799951,94.9302123,95.9001686,110.3352232,10.9655511,11.013825,12.1271529,11.7753065,11.7917632,12.6958219,9.845243,9.9398409,11.3400422,11.9224775,11.9966523,13.0683555,11.8925798,11.9404002,12.7826801,11.9846294,12.1138593,13.6614145,7.6572074,7.6020024,8.7688716,10.69277,10.3828138,11.8383877,6.6297318,6.6876024,7.7785004,8542.5632027,8520.4736576,8570.291689,4958.5431835,4941.2727577,4975.563957,3584.0200192,3579.2009,3594.727732,62.3643075,62.1966342,62.5602893,73.567019,73.3024399,73.8111405,51.5129182,51.437768,51.6609088,5128.960311,1765.375044,3363.585268,13699.252,6740.939,6958.313
1993-03-01,7609.8583993,7631.4849281,7645.743799,4377.4417269,4393.2190531,4395.79143,3232.4166724,3238.265875,3249.952369,5847.0707515,5860.4318511,5849.280153,3947.8835905,3958.0505024,3950.587689,1899.187161,1902.3813487,1898.692464,1762.7876478,1771.0530771,1796.463645,429.5581364,435.1685508,445.2037404,1333.2295114,1335.8845263,1351.259905,55.5024071,55.6411676,55.745129,64.8838604,65.0942449,65.1323598,46.4155246,46.4832372,46.6509894,930.2535922,929.6741619,972.3606533,581.4225788,570.452781,585.2131526,348.8310134,359.2213809,387.1475007,785.0070096,784.2096607,800.9879782,529.7468896,519.5385614,526.3124908,255.2601199,264.6710994,274.6754874,145.2465826,145.4645011,171.3726751,51.6756891,50.9142196,58.9006618,93.5708935,94.5502815,112.4720133,10.8927564,10.859209,11.2827671,11.7249141,11.4925563,11.7488981,9.7404883,9.9853413,10.6444012,11.836517,11.8021365,12.0444464,11.8309649,11.6030872,11.7561811,11.848056,12.2134146,12.6382414,7.6123678,7.5900426,8.7086854,10.7381664,10.474393,11.6842189,6.5580927,6.609898,7.6839216,8540.1119916,8561.15909,8618.104452,4958.8643057,4963.6718341,4981.004582,3581.2476858,3597.4872559,3637.09987,62.2872001,62.4194232,62.834612,73.5018944,73.5466332,73.8034522,51.4245244,51.6396306,52.2082443,5097.432548,1768.008418,3329.42413,13715.537,6749.013,6966.524
1993-04-01,7613.2375752,7612.4088238,7572.586102,4381.0893297,4378.6686451,4360.832473,3232.1482455,3233.7401787,3211.753629,5854.9215045,5858.0197943,5808.242005,3953.1305846,3955.5368813,3926.939252,1901.79092,1902.482913,1881.302753,1758.3160707,1754.3890295,1764.344097,427.9587452,423.1317638,433.8932213,1330.3573255,1331.2572657,1330.450876,55.4787066,55.4681328,55.1779629,64.8811274,64.8382733,64.5741595,46.3715362,46.390359,46.0749459,927.3037454,918.4704387,920.8740118,580.4363848,582.7277029,578.3835148,346.8673605,335.7427358,342.490497,782.4856331,775.1002133,770.6069073,528.7987256,528.2549546,521.9706,253.6869076,246.8452586,248.6363073,144.8181122,143.3702255,150.2671045,51.6376592,54.4727483,56.4129148,93.180453,88.8974772,93.8541897,10.8576694,10.7664217,10.8421538,11.6987479,11.7452359,11.7100268,9.6916973,9.4059208,9.6360994,11.7890257,11.6853036,11.7134003,11.798462,11.7814335,11.7325506,11.7694046,11.4847636,11.6734001,7.6094536,7.5547109,7.8484396,10.7668987,11.4054091,11.5056514,6.5456958,6.2597036,6.5894724,8540.5413206,8530.8792625,8493.460114,4961.5257146,4961.396348,4939.215988,3579.015606,3569.4829145,3554.244126,62.2360962,62.1606057,61.8879496,73.4770186,73.4671651,73.1387237,51.348032,51.2068332,50.9882217,5230.471886,1814.000012,3416.471874,13723.932,6753.216,6970.716
1993-05-01,7617.3092092,7613.1183402,7620.506789,4385.3159173,4382.2844312,4378.860635,3231.9932919,3230.833909,3241.646154,5859.1972893,5853.3581756,5831.140528,3956.611118,3954.7967649,3944.320222,1902.5861713,1898.5614108,1886.820307,1758.1119199,1759.7601646,1789.366261,428.7047993,427.4876663,434.5404131,1329.4071206,1332.2724983,1354.825848,55.4638366,55.4393942,55.4931975,64.8913889,64.851463,64.8007957,46.3321206,46.3208104,46.4758267,928.1898642,920.5515836,915.4072899,580.4382277,579.4278591,577.2050933,347.7516365,341.1237246,338.2021966,783.042512,774.8920922,770.2137985,528.9650549,526.9689535,525.4358213,254.0774571,247.9231388,244.7779772,145.1473521,145.6594914,145.1934915,51.4731728,52.4589056,51.769272,93.6741793,93.2005858,93.4242194,10.8617397,10.7872884,10.7241859,11.6888233,11.6779818,11.6464374,9.714425,9.5500496,9.4473889,11.7888323,11.6907489,11.6675119,11.7925777,11.7580656,11.7553579,11.7810424,11.5501944,11.4833071,7.6262522,7.6444835,7.5052472,10.7196031,10.9301553,10.6453303,6.5824897,6.5382214,6.4508348,8545.4990733,8533.6699238,8535.914079,4965.754145,4961.7122902,4956.065728,3579.7449283,3571.9576336,3579.848351,62.2222561,62.1429314,62.1592735,73.4803807,73.4261561,73.3425952,51.3173013,51.2115376,51.3246677,5196.411921,1801.352272,3395.059649,13732.326,6757.418,6974.908
1993-06-01,7624.4232467,7626.1795566,7627.940278,4390.158287,4395.6000479,4393.836934,3234.2649597,3230.5795087,3234.103344,5861.3102907,5878.4193735,5852.598378,3958.500384,3968.2407719,3959.162231,1902.8099068,1910.1786016,1893.436147,1763.112956,1747.7601831,1775.3419,431.6579031,427.359276,434.6747027,1331.4550529,1320.4009071,1340.667197,55.4725487,55.5005779,55.5133918,64.9126734,65.008052,64.9819767,46.3283494,46.2893625,46.3398538,932.3263448,941.6850601,911.1844007,580.3452588,585.93736,566.410961,351.981086,355.7477001,344.7734397,786.3029357,793.0374039,773.0567247,529.3781544,534.6836426,520.928729,256.9247813,258.3537613,252.1279957,146.0234091,148.6476562,138.127676,50.9671044,51.2537174,45.4822321,95.0563046,97.3939388,92.6454439,10.8958003,10.9908957,10.6707003,11.675784,11.7621793,11.4190051,9.8147501,9.919555,9.6335655,11.8283496,11.88702,11.667627,11.7957327,11.8741421,11.6276373,11.896127,11.9137609,11.7511283,7.6486631,7.8383802,7.2187025,10.5603944,10.7088019,9.472368,6.6635505,6.8693957,6.4637289,8556.7495916,8567.8646167,8539.124679,4970.5035459,4981.5374079,4960.247895,3586.2460457,3586.3272088,3578.876784,62.2558183,62.3538213,62.1446624,73.4936311,73.6736827,73.3588247,51.3702068,51.3866938,51.2799404,5201.596321,1801.376105,3400.220216,13740.721,6761.624,6979.097
1993-07-01,7636.9020725,7628.1321365,7646.525974,4396.4623106,4399.5943536,4413.533818,3240.4397619,3228.5377829,3232.992156,5864.0939879,5853.4607216,5880.713267,3960.5961412,3957.2511494,3973.550853,1903.4978467,1896.2095722,1907.162414,1772.8080846,1774.6714149,1765.812708,435.8661694,442.3432042,439.9829659,1336.9419152,1332.3282107,1325.829742,55.5195429,55.461255,55.5949896,64.9553378,65.0060765,65.2120386,46.379354,46.214331,46.2780923,938.3292667,937.7660691,885.1702863,579.3874725,578.8761025,548.787822,358.9417942,358.8899666,336.3824643,791.0063148,793.3340644,754.3106376,529.229792,531.7631113,507.7274443,261.7765229,261.5709531,246.5831933,147.3229519,144.4320047,130.8596487,50.1576805,47.1129912,41.0603776,97.1652713,97.3190135,89.7992711,10.9423201,10.9476677,10.3750797,11.6439904,11.6275894,11.0590941,9.9723185,10.004103,9.4241289,11.8857159,11.9355884,11.3686197,11.787312,11.8458771,11.3299691,12.0897622,12.1222224,11.4490399,7.6725468,7.5260147,6.8994335,10.320004,9.6255787,8.5356919,6.7753144,6.8072047,6.3434184,8575.2313392,8565.8982056,8531.69626,4975.8497831,4978.4704562,4962.32164,3599.3815561,3587.4277494,3569.37462,62.3411064,62.2793963,62.030727,73.5154724,73.5592432,73.3206369,51.5167704,51.3515977,51.0931794,5222.28774,1805.65236,3416.63538,13753.984,6767.974,6986.01
1993-08-01,7654.8199414,7651.7506011,7589.403131,4404.7020074,4397.5597181,4360.55057,3250.1179341,3254.1908829,3228.852562,5869.4750346,5868.1953414,5796.775754,3964.5285891,3961.7386349,3922.414221,1904.9464455,1906.4567066,1874.361534,1785.3449068,1783.5552596,1792.627377,440.1734183,435.8210833,438.136349,1345.1714886,1347.7341764,1354.491028,55.6041752,55.5793725,55.1265044,65.025351,64.9154814,64.3691632,46.4782903,46.5352157,46.1728755,943.8457864,944.1143286,909.4997134,577.2881464,576.9390105,562.2641697,366.55764,367.1753181,347.2355437,794.9405521,791.2750035,769.7702299,528.0338925,525.2697178,517.1664276,266.9066596,266.0052856,252.6038023,148.9052343,152.8393251,139.7294835,49.2542539,51.6692926,45.0977421,99.6509804,101.1700325,94.6317415,10.976654,10.9833546,10.7013779,11.5875007,11.5979326,11.4215992,10.1352093,10.139138,9.709927,11.928136,11.881951,11.7226047,11.7535125,11.7064573,11.6489928,12.2893514,12.2444161,11.8762538,7.6983442,7.8929845,7.2310393,10.063643,10.5990385,9.3324835,6.897109,6.9825204,6.5302777,8598.6657279,8595.8649297,8498.902845,4981.9901538,4974.4987286,4922.814739,3616.6755741,3621.3662011,3576.088106,62.4602171,62.4370557,61.7327604,73.5476901,73.4320851,72.6691413,51.7202454,51.7858551,51.1383743,5268.346155,1851.470261,3416.875894,13767.249,6774.285,6992.964
1993-09-01,7676.8990578,7670.2691554,7747.578881,4414.8355937,4413.0670021,4438.939852,3262.0634641,3257.2021533,3308.639029,5878.125774,5862.0420768,5885.652921,3970.4696586,3960.4058904,3971.865936,1907.6561154,1901.6361864,1913.786985,1798.7732839,1808.2270787,1861.92596,444.3659351,452.6611117,467.0739165,1354.4073488,1355.565967,1394.852044,55.7173251,55.6602625,56.2212702,65.1223344,65.083417,65.4649869,46.6076339,46.532257,47.2670821,947.1412492,923.1213718,927.4446442,574.2149418,555.9141922,559.6748165,372.9263074,367.2071796,367.7698277,796.3180983,780.4367923,773.5149502,525.6711701,509.1080079,509.7904532,270.6469281,271.3287844,263.724497,150.823151,142.6845795,153.929694,48.5437717,46.8061843,49.8843633,102.2793793,95.8783952,104.0453306,10.9825698,10.7422253,10.6909756,11.5095034,11.1876896,11.1965985,10.2593496,10.1315041,10.0035073,11.9308532,11.7491799,11.6157899,11.6916082,11.3906796,11.3750455,12.4246683,12.4865696,12.1112793,7.7361216,7.3137386,7.6359482,9.8484106,9.371221,9.6495917,7.021371,6.6057231,6.9414579,8624.040307,8593.3905273,8675.023525,4989.0505355,4968.9811943,4998.614669,3634.9897716,3624.4093329,3676.408856,62.5914778,62.3590076,62.9513876,73.5924612,73.2819772,73.7190083,51.9359217,51.7781638,52.5210269,5105.488475,1782.017331,3323.471144,13780.512,6780.632,6999.88
1993-10-01,7701.1530489,7719.2317972,7738.764732,4426.3876461,4431.0974328,4444.859603,3274.7654028,3288.1343644,3293.905129,5889.5681683,5902.2528954,5916.593847,3977.5622712,3983.2413615,3994.23905,1912.0058971,1919.0115339,1922.354797,1811.5848806,1816.9789018,1822.170885,448.8253749,447.8560713,450.6205529,1362.7595057,1369.1228305,1371.550332,55.8443577,55.9716839,56.113316,65.2384733,65.3028207,65.5056392,46.7459506,46.934091,47.0164616,946.7552681,949.941158,892.5944961,570.5532575,572.1748515,537.2374013,376.2020105,377.7663065,355.3570948,794.0717651,795.9852791,744.5033587,522.2767016,522.9798642,490.6395526,271.7950635,273.0054149,253.863806,152.683503,153.9558789,148.0911374,48.2765559,49.1949873,46.5978487,104.406947,104.7608916,101.4932887,10.9477949,10.9576907,10.341297,11.4180509,11.4360127,10.7833589,10.3041733,10.3048702,9.7377791,11.880828,11.8835022,11.1768878,11.6065643,11.6057299,10.9398625,12.4459632,12.4545303,11.6653633,7.7730469,7.8113127,7.5163169,9.711601,9.897371,9.3717064,7.1162305,7.1078125,6.8900396,8647.908317,8669.1729552,8631.359228,4996.9409036,5003.2722843,4982.097004,3650.9674134,3665.9006709,3649.262224,62.7096854,62.8596499,62.5854649,73.647593,73.7351859,73.4231175,52.116082,52.3262424,52.088749,5159.956772,1803.363996,3356.592776,13791.316,6785.461,7005.855
1993-11-01,7724.7357753,7729.7530893,7744.926055,4437.9166492,4441.403315,4438.287333,3286.819126,3288.3497743,3306.638721,5902.0763017,5908.8019738,5902.913827,3984.2479268,3992.2065116,3988.650988,1917.8283748,1916.5954622,1914.262838,1822.6594736,1820.9511155,1842.012228,453.6687224,449.1968034,449.6363449,1368.9907512,1371.7543121,1392.375883,55.9639361,56.0041162,56.1140484,65.3508655,65.4080188,65.3621301,46.8731059,46.8972895,47.1581201,942.3485578,950.4497373,892.8823594,566.3797401,563.9557792,533.5694856,375.9688177,386.493958,359.3128738,788.297004,791.6701215,749.1251577,518.0031763,515.5254234,492.3210736,270.2938277,276.1446981,256.8040841,154.0515538,158.7796157,143.7572017,48.3765637,48.4303558,41.2484121,105.67499,110.3492599,102.5087897,10.8727286,10.9496259,10.3369086,11.3178696,11.2670394,10.7317951,10.2645532,10.5172896,9.8013535,11.7825563,11.8151394,11.261587,11.5054262,11.4364703,10.9869258,12.3527757,12.5935897,11.8284739,7.793327,8.0202632,7.2393703,9.6358964,9.7322574,8.4028708,7.16603,7.4454486,6.8573042,8667.0843331,8680.2028265,8637.808414,5004.2963893,5005.3590942,4971.856819,3662.7879438,3674.8437323,3665.951595,62.7910349,62.8903773,62.5832185,73.6911316,73.7133285,73.2199445,52.2347718,52.4093306,52.2825141,5164.307586,1818.447181,3345.860405,13802.116,6790.304,7011.812
1993-12-01,7746.8719864,7745.4777751,7842.103563,4449.1211775,4449.6143416,4502.437234,3297.7508089,3295.8634334,3339.666329,5914.7108988,5927.6473732,6024.214148,3990.2903863,4002.9644021,4059.486172,1924.4205125,1924.6829711,1964.727976,1832.1610877,1817.8304019,1817.889415,458.8307912,446.6499395,442.9510623,1373.3302965,1371.1804624,1374.938353,56.069673,56.0741521,56.7736841,65.4533234,65.4823538,66.2597172,46.9822434,46.9644401,47.5886099,933.5248912,933.8242908,939.282759,560.8264366,564.5496826,566.189385,372.6984545,369.2746082,373.093374,779.1556826,781.283977,785.6485754,512.3825332,517.6524222,515.641434,266.7731494,263.6315548,270.0071415,154.3692086,152.5403138,153.6341836,48.4439034,46.8972604,50.5479511,105.9253052,105.6430534,103.0862325,10.7544033,10.7592095,10.6962924,11.1942575,11.2590988,11.1704694,10.1540282,10.0753261,10.0489502,11.6398448,11.6454311,11.5369224,11.3795193,11.4509246,11.2705367,12.1747865,12.0472424,12.0822884,7.7707956,7.7417063,7.7926627,9.5498364,9.5020822,10.2427664,7.1607169,7.1533973,6.9745953,8680.3968776,8679.3020659,8781.386322,5009.9476141,5014.1640243,5068.626619,3670.4492635,3665.1380416,3712.759703,62.8262627,62.8346654,63.5737145,73.7039312,73.790499,74.5919929,52.2919864,52.2264225,52.9050078,5031.533678,1726.508381,3305.025297,13812.92,6795.135,7017.785
1994-01-01,7767.7787368,7765.2824144,7646.79607,4459.6179678,4464.8084876,4433.61709,3308.1607689,3300.4739268,3213.17898,5927.4845319,5918.4302231,5911.003925,3996.327777,3993.3176057,3985.915213,1931.1567549,1925.1126174,1925.088712,1840.2942049,1846.8521913,1735.792145,463.2901909,471.4908819,447.7018764,1377.004014,1375.3613094,1288.090268,56.1636277,56.149839,55.2930783,65.5407437,65.6234924,65.165043,47.0825003,46.9758304,45.7333565,920.7361888,917.7145539,983.463237,553.4343537,549.1908219,596.3812557,367.3018351,368.5237321,387.0819813,767.2894455,760.8428398,827.1390405,505.0431287,499.1943486,540.8610738,262.2463168,261.6484912,286.2779666,153.4467433,156.8717141,156.3241965,48.391225,49.9964733,55.5201819,105.0555183,106.8752408,100.8040147,10.5971641,10.5690991,11.3955236,11.0398679,10.9531491,11.8564901,9.9933498,10.0442618,10.7514979,11.4610209,11.3911025,12.2754748,11.2197626,11.1116977,11.9480407,11.9561388,11.9651154,12.9457484,7.6964233,7.8290085,8.2618702,9.4572958,9.5872839,11.0329388,7.0884817,7.2104038,7.2578609,8688.5149256,8682.9969683,8630.259307,5013.0523215,5013.9993094,5029.998345,3675.462604,3668.9976588,3600.260961,62.820857,62.7857244,62.4043847,73.6742877,73.6954667,73.9306196,52.310024,52.2210493,51.242716,5199.312693,1773.675655,3425.637039,13829.572,6803.674,7025.898
1994-02-01,7789.0946634,7789.8291472,7738.597918,4470.0653792,4466.1447876,4450.65264,3319.0292842,3323.6843596,3287.945279,5940.8652508,5938.5469358,5937.271887,4003.5699795,3995.0242173,3999.846182,1937.2952713,1943.5227185,1937.425705,1848.2294127,1851.2822114,1801.326031,466.4953997,471.1205704,450.8064578,1381.7340129,1380.1616411,1350.519574,56.2595898,56.2595759,55.8895745,65.6255141,65.5606774,65.3332607,47.1892459,47.251717,46.7436264,905.4518893,904.0517696,1005.079581,544.11521,544.0622815,591.1252797,361.3366794,359.989488,413.9543013,753.3952786,753.3744278,833.056559,495.771664,496.0125425,538.0568765,257.6236146,257.3618853,294.9996825,152.0566107,150.6773418,172.023022,48.343546,48.0497391,53.0684032,103.7130647,102.6276027,118.9546188,10.4140208,10.3987135,11.4949297,10.851528,10.8590778,11.7245402,9.8179551,9.7725668,11.1822131,11.2543465,11.2579689,12.3045221,11.0187601,11.0444997,11.8569496,11.7372727,11.6935656,13.2143132,7.6017434,7.5264928,8.7173134,9.3900328,9.2551015,10.5320601,6.9819428,6.9212535,8.0950465,8694.5465528,8693.8809168,8743.677499,5014.1805892,5010.2070692,5041.777919,3680.3659636,3683.6738476,3701.89958,62.7995478,62.7888037,63.1484438,73.6137284,73.5472281,74.0106717,52.3266533,52.3695681,52.6286773,5102.550501,1770.453081,3332.09742,13846.228,6812.231,7033.997
1994-03-01,7812.0374529,7808.8532466,7824.238563,4481.5759704,4477.6162048,4481.123199,3330.4614825,3331.2370418,3343.115365,5955.7525709,5949.726715,5937.506007,4013.1113065,4002.661969,3995.813972,1942.6412644,1947.0647459,1941.692035,1856.284882,1859.1265317,1886.732556,468.4646639,474.9542358,485.309227,1387.8202181,1384.1722959,1401.423329,56.3685549,56.3292318,56.4402139,65.7275481,65.6467078,65.6981242,47.3052558,47.3045905,47.4732664,889.8408428,901.9298089,945.0006625,533.8534785,545.1010719,559.8152341,355.9873643,356.828737,385.1854284,738.8822839,747.8627796,764.171017,485.4381614,490.6496542,496.817759,253.4441225,257.2131254,267.353258,150.9585589,154.0670293,180.8296455,48.4153171,54.4514176,62.9974751,102.5432418,99.6156116,117.8321705,10.2258479,10.354176,10.776313,10.6442227,10.8527126,11.1053773,9.6566473,9.675227,10.3313936,11.0369318,11.1661484,11.4026835,10.7909931,10.9195554,11.0585018,11.5407226,11.6688158,12.1026608,7.5206901,7.6528672,8.7460317,9.3668393,10.2853865,11.4894592,6.8804184,6.7136018,7.7559153,8701.8782956,8710.7830555,8769.239226,5015.4294489,5022.7172767,5040.938433,3686.4488468,3688.0657789,3728.300793,62.7892925,62.8353104,63.2569845,73.5571332,73.6384805,73.9056224,52.3616341,52.3716683,52.9430179,5093.639774,1779.839567,3313.800207,13862.879,6820.778,7042.101
1994-04-01,7837.1533071,7811.697308,7827.36176,4495.0107136,4489.0829327,4496.207111,3342.1425934,3322.6143752,3331.154649,5972.2342061,5950.8900536,5935.984215,4025.1114773,4023.8603784,4019.503269,1947.1227288,1927.0296752,1916.480946,1864.919101,1860.8072544,1891.377545,469.8992364,465.2225543,476.7038416,1395.0198647,1395.5847,1414.673703,56.4959308,56.3089178,56.4218316,65.8614981,65.7681536,65.8725278,47.4268004,47.1472514,47.2684362,875.7984012,874.0598967,876.4264531,523.8496285,521.9958238,517.8832196,351.9487727,352.0640729,358.5432335,724.736445,728.720731,724.7202502,475.0740509,479.2770317,473.7882952,249.6623942,249.4436993,250.9319551,151.0619562,145.3391658,151.7062029,48.7755776,42.7187922,44.0949244,102.2863786,102.6203736,107.6112784,10.0516843,10.0631399,10.0694828,10.4376211,10.4168354,10.3285578,9.5273435,9.5808131,9.7174144,10.8218549,10.9096286,10.8805345,10.5567659,10.6431803,10.5443479,11.3648983,11.4609121,11.5774874,7.493223,7.2446938,7.4253541,9.403884,8.4101821,8.4667874,6.8313599,6.8495545,7.0690626,8712.9517083,8685.7572047,8703.788213,5018.8603421,5011.0787566,5014.090331,3694.0913662,3674.6784481,3689.697882,62.809326,62.6093881,62.7393607,73.5370129,73.4157516,73.4598732,52.4211427,52.1429721,52.3560949,5169.142787,1811.527669,3357.615118,13872.931,6825.618,7047.313
1994-05-01,7864.0124008,7853.2836195,7857.908786,4510.2326373,4508.1908691,4504.037285,3353.7797635,3345.0927504,3353.871501,5989.3418873,5981.8506715,5957.317377,4038.2686897,4043.7776212,4032.27074,1951.0731977,1938.0730504,1925.046637,1874.6705135,1871.4329479,1900.59141,471.9639476,464.4132479,471.7665447,1402.7065659,1407.0197,1428.824865,56.638336,56.5677082,56.6010236,66.0249457,66.0010168,65.9402073,47.5492235,47.4313516,47.5558289,863.6472554,850.1026823,844.4419787,514.5066521,508.7548188,506.4827827,349.1406033,341.3478635,337.959196,711.1275071,702.8733034,698.0485944,465.1086722,462.7638203,461.1047939,246.018835,240.1094831,236.9438005,152.5197482,147.2293789,146.3933843,49.3979799,45.9909985,45.3779888,103.1217684,101.2383804,101.0153955,9.8955194,9.7674934,9.7036077,10.2394696,10.1407281,10.1083875,9.4287905,9.2595514,9.1542442,10.6130998,10.5146197,10.488508,10.3279969,10.2687133,10.2618798,11.1974752,11.0233867,10.9595212,7.5237017,7.2934129,7.1516596,9.4747962,9.0107006,8.7747208,6.8481756,6.7122717,6.6030028,8727.6596562,8703.3863017,8702.350765,5024.7392894,5016.9456879,5010.520068,3702.9203668,3686.4406138,3691.830697,62.8585123,62.6910527,62.6835936,73.5567687,73.4493117,73.3552391,52.4992697,52.2714537,52.3478818,5180.629235,1819.966932,3360.662303,13882.98,6830.487,7052.493
1994-06-01,7890.4616275,7875.4155484,7878.448923,4525.9116065,4524.8226405,4523.426856,3364.550021,3350.5929079,3355.022067,6005.3497474,6016.3198576,5988.641676,4050.385925,4054.8349686,4044.365524,1954.9638224,1961.484889,1944.276152,1885.11188,1859.0956908,1889.807247,475.5256814,469.9876719,479.061332,1409.5861986,1389.1080189,1410.745915,56.7785071,56.6860823,56.7079161,66.1960312,66.1975353,66.1771152,47.659434,47.4743026,47.5370591,852.6158437,857.3958544,828.6124326,505.9607678,508.2015669,491.3961084,346.6550759,349.1942875,337.2163242,697.8519817,699.5879518,681.5290916,455.7297174,455.245013,444.1231657,242.1222643,244.3429388,237.405926,154.763862,157.8079026,147.083341,50.2310504,52.9565539,47.2729427,104.5328116,104.8513487,99.8103982,9.7518962,9.8180965,9.5165567,10.0551193,10.09734,9.7988725,9.3407685,9.4382263,9.1331135,10.4107262,10.4168784,10.2175659,10.1135824,10.0939454,9.894715,11.0201537,11.0771537,10.8817838,7.5869259,7.824266,7.2209741,9.554048,10.1266161,8.9815437,6.9038702,7.0183534,6.6075258,8743.0774712,8732.8114028,8707.061356,5031.8723743,5033.0242075,5014.822964,3711.2050969,3699.7871954,3692.238391,62.9137951,62.8574915,62.6721464,73.5962187,73.6324546,73.366173,52.5698632,52.4220106,52.3150522,5185.970644,1820.511036,3365.459609,13893.032,6835.334,7057.698
1994-07-01,7915.6721086,7948.2815972,7966.018243,4540.8769031,4559.702533,4571.258282,3374.7952055,3388.5790642,3394.759962,6019.5067262,6024.3022299,6053.232366,4060.0802921,4069.0558924,4084.688781,1959.426434,1955.2463375,1968.543585,1896.1653824,1923.9793674,1912.785877,480.7966109,490.6466406,486.5695005,1415.3687715,1433.3327267,1426.216377,56.9092641,57.148633,57.2761606,66.3560078,66.6358485,66.8047251,47.7614156,47.9603908,48.0478724,841.9131896,847.3119711,798.7352939,497.7663503,492.2584425,466.6081458,344.1468393,355.0535286,332.1271481,684.8916611,684.9594684,651.409566,446.7386287,440.4247409,421.1983934,238.1530324,244.5347275,230.2111725,157.0215285,162.3525028,147.3257279,51.0277216,51.8337016,45.4097523,105.9938069,110.5188011,101.9159756,9.6135311,9.6333689,9.1130377,9.8789759,9.7439083,9.262019,9.2538909,9.484198,8.9116503,10.2155573,10.2091631,9.7157995,9.9125045,9.76664,9.347735,10.8370612,11.1163211,10.4700705,7.6476977,7.7817199,7.1513469,9.5948452,9.5549456,8.5360006,6.9670313,7.1586418,6.669316,8757.5852981,8795.5935684,8764.753537,5038.6432533,5051.9609755,5037.866427,3718.9420448,3743.6325928,3726.88711,62.96215,63.2408581,63.0191164,73.6298865,73.8297518,73.623773,52.6319156,52.9856553,52.7486474,5143.333463,1804.850573,3338.48289,13908.087,6842.717,7065.37
1994-08-01,7939.0250184,7932.6370426,7861.693875,4554.1242101,4554.3893806,4517.005446,3384.9008083,3378.247662,3344.688429,6031.0872952,6027.2066711,5955.501296,4067.070038,4065.0225046,4024.146792,1964.0172572,1962.1841666,1931.354504,1907.9377231,1905.4303715,1906.192578,487.0541721,489.3668761,492.8586534,1420.8835511,1416.0634954,1413.333925,57.0258873,56.9744749,56.4649407,66.4899588,66.4866888,65.9409441,47.8605424,47.7621464,47.2876812,831.1888306,827.3746581,796.0985108,489.5641365,487.5727323,474.6201411,341.6246942,339.8019258,321.4783697,672.7662205,674.4361679,655.0024365,438.0996186,436.6262982,429.8518177,234.6666019,237.8098697,225.1506188,158.4226102,152.9384901,141.0960743,51.4645179,50.9464341,44.7683234,106.9580923,101.992056,96.3277509,9.4774067,9.4449036,9.1951675,9.7064708,9.6702974,9.5083282,9.1673784,9.1392521,8.7687873,10.0355149,10.0637438,9.9085102,9.7243756,9.6992528,9.6509194,10.6730488,10.8095688,10.4405325,7.6667466,7.4300818,6.8918506,9.5566818,9.4290541,8.3270233,7.0006007,6.7185984,6.3807509,8770.213849,8760.0117007,8657.792385,5043.6883466,5041.962113,4991.625587,3726.5255025,3718.0495877,3666.166799,62.9963031,62.916917,62.1827486,73.6375678,73.6044589,72.8696274,52.6909182,52.5663144,51.8327882,5265.349615,1858.451413,3406.898201,13923.142,6850.077,7073.065
1994-09-01,7960.2977731,7981.3632101,8054.408395,4565.6426716,4564.6647145,4588.099806,3394.6551015,3416.6984956,3466.308589,6040.9365686,6084.1208031,6104.674194,4072.9979035,4099.6431709,4109.271259,1967.938665,1984.4776322,1995.402935,1919.3612045,1897.242407,1949.734201,492.6447681,465.0215436,478.8285464,1426.7164364,1432.2208634,1470.905654,57.1275191,57.2625226,57.7865874,66.5988179,66.564997,66.9067432,47.9544205,48.2533963,48.9540304,820.5013012,823.6688465,829.3238282,481.5689944,479.3844844,483.6482121,338.9323068,344.2843621,345.6756161,661.9129004,656.7766634,650.9449982,430.0922589,425.3523697,425.8233633,231.8206415,231.4242937,225.121635,158.5884007,166.8921832,178.37883,51.4767354,54.0321147,57.8248489,107.1116653,112.8600684,120.5539812,9.3442669,9.3545241,9.3353087,9.5412879,9.5039613,9.5361246,9.0779261,9.1541061,9.0681282,9.8750972,9.7431635,9.6356082,9.551047,9.4000616,9.3895144,10.5384549,10.4437968,10.1382186,7.6319657,8.0853344,8.3820186,9.4605222,10.4097358,10.775083,6.9832901,7.3044762,7.5750574,8780.7990742,8805.0320566,8883.732223,5047.211666,5044.0491989,5071.748018,3733.5874083,3760.9828577,3811.984205,63.0158923,63.1719587,63.7365954,73.6234425,73.5557025,73.9596252,52.7423303,53.1156602,53.8359427,5054.464777,1785.706982,3268.757795,13938.197,6857.455,7080.742
1994-10-01,7980.4106495,7978.4427245,7997.155274,4576.1773668,4576.6011021,4590.228247,3404.2332827,3401.8416223,3406.927027,6050.2636449,6045.3712853,6059.43408,4079.665888,4073.6240923,4083.797416,1970.5977569,1971.747193,1975.636664,1930.1470046,1933.0714391,1937.721193,496.5114788,502.9770098,506.4308307,1433.6355258,1430.0944293,1431.290363,57.220328,57.198505,57.3326578,66.6933725,66.6912612,66.889839,48.0453631,48.0057511,48.0775148,810.3200107,798.0172589,750.9426262,473.9499557,467.1382067,439.2515989,336.3700551,330.8790522,311.6910273,652.2780716,647.7329677,606.6598138,422.7236727,420.043481,394.7934925,229.554399,227.6894867,211.8663214,158.0419391,150.2842912,144.2828123,51.226283,47.0947257,44.4581064,106.8156561,103.1895655,99.8247059,9.2178915,9.0927009,8.5840675,9.384911,9.2617437,8.7335393,8.9924011,8.8642864,8.3819049,9.7318017,9.6776166,9.1006791,9.3888738,9.3474534,8.8151274,10.4335693,10.3521728,9.6853043,7.5683735,7.2135684,6.9299969,9.3523373,8.5615607,8.0702485,6.9340501,6.7299708,6.519739,8790.7306603,8776.4599834,8748.0979,5050.1273225,5043.7393088,5029.479846,3740.6033378,3732.7206745,3718.618054,63.030402,62.9195957,62.7162642,73.6007361,73.4985043,73.2907122,52.7926938,52.6750154,52.4760035,5200.5931,1832.890154,3367.702946,13948.691,6862.37,7086.321
1994-11-01,8001.9791273,7990.0963547,8003.253372,4587.1972621,4576.331139,4572.205076,3414.7818653,3413.7652157,3431.048297,6061.4607809,6073.2230985,6065.569205,4088.6402203,4087.7535865,4083.981819,1972.8205607,1985.469512,1981.587386,1940.5183464,1916.8732562,1937.684167,498.5570418,488.5775525,488.2232564,1441.9613046,1428.2957037,1449.46091,57.3215187,57.2390012,57.3332547,66.793267,66.6398991,66.579816,48.1485343,48.135926,48.3796268,800.578413,804.0858056,755.0441625,466.5426938,472.0910318,445.8619685,334.0357192,331.9947738,309.182194,643.4985891,641.5803077,607.8253359,415.8170496,417.6026781,399.03273,227.6815396,223.9776296,208.7926059,157.0798238,162.5054979,147.2188266,50.7256442,54.4883537,46.8292385,106.3541796,108.0171442,100.3895881,9.0948387,9.1433836,8.620901,9.2316324,9.351259,8.8851337,8.9104287,8.8632153,8.2663941,9.5973526,9.5547147,9.1081882,9.2312353,9.2690268,8.9009912,10.3467995,10.1372703,9.532255,7.4885565,7.8150985,7.0611835,9.2348886,10.0334698,8.7522699,6.8690251,7.0309341,6.4773724,8802.5575403,8794.1821603,8758.297535,5053.7399559,5048.4221708,5018.067044,3748.8175844,3745.7599895,3740.230491,63.0563963,62.9992657,62.7421975,73.5865024,73.5144232,73.0723961,52.8584487,52.8172309,52.739262,5200.884465,1849.186956,3351.697509,13959.182,6867.254,7091.928
1994-12-01,8026.8324067,8034.2652924,8135.531279,4599.5890155,4604.3395848,4658.908179,3427.2433912,3429.9257076,3476.6231,6076.4642431,6070.4444007,6171.992446,4100.1348726,4098.3080006,4157.180077,1976.3293706,1972.1364001,2014.81237,1950.3681635,1963.8208918,1963.538832,499.454143,506.0315842,501.7281023,1450.9140206,1457.7893075,1461.81073,57.4419214,57.5121806,58.2370792,66.9080434,66.9997624,67.793814,48.2755636,48.3258085,48.9837496,791.447679,788.4736257,791.0159059,459.916528,456.9532357,458.1258502,331.5311511,331.52039,332.8900557,635.5498009,636.4372684,638.8831367,409.677137,410.5880309,408.6245113,225.8726638,225.8492375,230.2586254,155.8978782,152.0363573,152.1327692,50.239391,46.3652047,49.501339,105.6584872,105.6711526,102.6314302,8.9750798,8.9368351,8.8613872,9.0901477,9.0283896,8.9529569,8.8201925,8.8136419,8.7383884,9.468839,9.4893171,9.3803378,9.0841289,9.1061765,8.9496715,10.2566731,10.2752827,10.2561846,7.4016233,7.1855678,7.1907554,9.1395274,8.3934602,8.9801696,6.7878937,6.7587992,6.5602572,8818.2800857,8822.7389181,8926.547184,5059.5055435,5061.2928205,5117.034029,3758.7745422,3761.4460976,3809.513155,63.1057092,63.1563604,63.8994575,73.5982314,73.6490892,74.4602039,52.9454547,52.9967525,53.6739915,5043.128816,1755.138971,3287.989845,13969.676,6872.173,7097.503
1995-01-01,8055.546424,8047.9852143,7928.420297,4612.998187,4612.1403767,4580.036743,3442.5482369,3435.8448376,3348.383554,6096.2596764,6083.3680038,6074.124258,4113.129825,4111.6598915,4104.004097,1983.1298514,1971.7081123,1970.120161,1959.2867476,1964.6172105,1854.296039,499.868362,500.4804852,476.0326463,1459.4183856,1464.1367253,1378.263393,57.584515,57.5361131,56.6813276,67.0307551,67.0247466,66.5582088,48.4386467,48.348184,47.1174549,782.8029019,782.1396025,836.3557256,454.6184794,459.7469711,499.7211361,328.1844226,322.3926314,336.6345895,628.5510004,630.8585658,684.9822251,404.8369813,408.8660447,443.5273389,223.7140192,221.992521,241.4548862,154.2519015,151.2810367,151.3735005,49.7814981,50.8809264,56.1937972,104.4704034,100.4001103,95.1797033,8.8568903,8.8576279,9.5422373,8.9710511,9.0646132,9.8374991,8.7034657,8.5782933,9.135222,9.3467464,9.3958486,10.1342127,8.9606011,9.0446565,9.7531451,10.1372835,10.1195449,10.9177795,7.2982768,7.1497312,7.5472802,9.0569473,9.2282349,10.5582498,6.6801683,6.4172417,6.4596796,8838.3493259,8830.1248168,8764.776023,5067.6166664,5071.8873478,5079.757879,3770.7326595,3758.237469,3685.018144,63.1803272,63.1277327,62.6605456,73.6367451,73.7059015,73.820278,53.0563916,52.8847969,51.8544764,5222.934977,1801.492121,3421.442856,13987.711,6881.25,7106.461
1995-02-01,8086.4613093,8099.0802314,8049.875932,4625.8241037,4647.0569081,4632.225559,3460.6372056,3452.0233233,3417.650373,6119.5991799,6141.7366061,6143.147659,4126.050195,4150.0695373,4156.25356,1993.5489849,1991.6670688,1986.894099,1966.8621294,1957.3436253,1906.728273,499.7739087,496.9873708,475.9719993,1467.0882207,1460.3562545,1430.756274,57.7381248,57.826831,57.475516,67.1387232,67.4431103,67.2278617,48.6373017,48.5147357,48.0316582,774.2007837,783.7662732,873.7268519,450.8094483,452.7694419,491.9799498,323.3913354,330.9968312,381.746902,622.4589475,624.6529325,691.3691486,401.3836148,399.7131615,433.4086174,221.0753327,224.939771,257.9605312,151.7418362,159.1133407,182.3577033,49.4258336,53.0562805,58.5713324,102.3160027,106.0570603,123.7863709,8.7375049,8.8233684,9.7911894,8.8800865,8.8781345,9.6010972,8.5462182,8.7495392,10.0475648,9.2324767,9.2317022,10.1158453,8.8655877,8.7853242,9.4431486,9.9825208,10.1479327,11.4911909,7.1623502,7.5179105,8.7290665,8.9996098,9.6458309,10.9572656,6.5194168,6.7706945,7.9628804,8860.662093,8882.8465046,8923.602784,5076.633552,5099.8263501,5124.205509,3784.028541,3783.0201545,3799.397275,63.2659941,63.422864,63.7138608,73.681724,74.0141896,74.3680063,53.1823843,53.1665651,53.3967292,5082.145216,1766.130491,3316.014725,14005.748,6890.336,7115.412
1995-03-01,8117.6391637,8102.294572,8118.13777,4636.8397233,4636.2183061,4640.246539,3480.7994404,3466.0762659,3477.891232,6144.7164822,6123.0352899,6110.00257,4137.5462678,4137.5784952,4131.062067,2007.1702144,1985.4567948,1978.940503,1972.9226816,1979.259282,2008.135201,499.2934556,498.6398109,509.1844721,1473.629226,1480.6194711,1498.950729,57.8911041,57.7753847,57.8883584,67.2172202,67.197296,67.2556812,48.8629907,48.6509794,48.8168181,765.6539776,764.0403782,804.0564894,448.2791612,438.5398435,450.7145114,317.3748164,325.5005347,353.3419779,617.1341232,612.543683,627.0235575,398.97642,391.1335286,396.0561717,218.1577032,221.4101544,230.9673858,148.5198544,151.4966953,177.0329319,49.3027412,47.406315,54.6583397,99.2171132,104.0903803,122.3745922,8.6190331,8.6173191,9.0118693,8.8155099,8.641591,8.8532304,8.3559836,8.584833,9.2226695,9.1267045,9.0941504,9.3071267,8.794763,8.6367498,8.7485272,9.8033958,10.0327822,10.4514485,7.0008898,7.1099974,8.1015703,8.9870731,8.6817418,9.6938967,6.308125,6.5684188,7.5478123,8883.2931414,8866.3349502,8922.19426,5085.1188846,5074.7581496,5090.96105,3798.1742568,3791.5768006,3831.23321,63.3513806,63.2235606,63.6218791,73.7156288,73.5534876,73.7883323,53.3182553,53.2198113,53.7764416,5101.58874,1808.45095,3293.13779,14023.783,6899.412,7124.371
1995-04-01,8147.3575603,8160.0009449,8174.623475,4646.2158417,4656.7286582,4664.204025,3501.1417186,3503.2722868,3510.41945,6169.1814718,6179.6931515,6163.679562,4147.2502862,4154.2421652,4149.866106,2021.9311857,2025.4509863,2013.813457,1978.1760885,1980.3077934,2010.943913,498.9655555,502.486493,514.337919,1479.210533,1477.8213004,1496.605994,58.0336981,58.1223805,58.2265345,67.2720963,67.4194377,67.527665,49.0907066,49.1188016,49.2190108,757.6432643,735.4279612,737.7760684,446.65198,437.8458341,434.7286756,310.9912843,297.582127,303.0473927,612.3697213,596.4884762,593.352763,397.1103028,392.6920264,388.2346355,215.2594186,203.7964498,205.1181276,145.273543,138.939485,144.4233054,49.5416773,45.1538078,46.4940402,95.7318657,93.7856772,97.9292652,8.5080651,8.2674817,8.2780857,8.7701467,8.5943553,8.5258759,8.1579337,7.8293482,7.9467688,9.0299358,8.8027227,8.7812628,8.7385298,8.6364132,8.5550026,9.6218632,9.1419394,9.2440041,6.8413934,6.5560771,6.7006357,9.0320919,8.2451579,8.2901909,6.078436,5.967502,6.1415553,8905.0008246,8895.4289061,8912.399543,5092.8678218,5094.5744923,5098.932701,3812.1330029,3800.8544138,3813.466843,63.4303976,63.3607162,63.4815953,73.7391258,73.7585058,73.8216033,53.4512219,53.2911514,53.4679882,5126.944457,1808.1683,3318.776157,14039.344,6907.101,7132.243
1995-05-01,8173.0315222,8166.0562424,8165.2016,4654.308614,4648.4134336,4642.460701,3518.7229082,3517.6428089,3522.740899,6190.567687,6191.5824149,6161.964727,4155.4357635,4151.8993208,4138.430649,2035.1319235,2039.6830941,2023.534078,1982.4638352,1974.4738275,2003.236873,498.8728506,496.5141127,504.0300521,1483.5909847,1477.9597148,1499.206821,58.1489412,58.101113,58.0950323,67.3105618,67.2242948,67.1382077,49.2800545,49.2658573,49.3372579,751.2298032,756.1547417,750.8307972,445.9842502,453.5847497,451.6986585,305.245553,302.5699919,299.1321387,608.7006201,613.8340554,609.7634086,395.8375123,401.7356578,400.5505545,212.8631078,212.0983976,209.2128541,142.5291831,142.3206862,141.0673886,50.1467379,51.8490919,51.148104,92.3824452,90.4715943,89.9192847,8.4178374,8.4749704,8.4211313,8.7442871,8.8903354,8.8669911,7.9824286,7.9202392,7.8268466,8.952443,9.0197868,9.0045465,8.6972917,8.822307,8.8246797,9.4690204,9.4191376,9.3702,6.7072777,6.7234059,6.5787021,9.1338704,9.4552464,9.2129172,5.8619291,5.7682854,5.6584109,8924.2613254,8922.2109841,8916.032398,5100.2928642,5101.9981833,5094.15936,3823.9684612,3820.2128008,3821.873038,63.493741,63.4811191,63.4371588,73.7603813,73.7839339,73.6705707,53.555048,53.5034593,53.5267115,5138.872602,1820.62264,3318.249962,14054.905,6914.782,7140.123
1995-06-01,8194.7756073,8201.0630303,8205.637713,4662.0675653,4659.1881168,4657.370957,3532.708042,3541.8749135,3548.266756,6207.9109491,6211.978989,6180.580855,4162.6818962,4159.5449595,4147.046842,2045.2290529,2052.4340295,2033.534013,1986.8646581,1989.0840413,2025.056857,499.3856691,499.6431573,510.3241146,1487.4789891,1489.440884,1514.732743,58.237242,58.2856533,58.318166,67.3459071,67.3053232,67.2790731,49.4189185,49.5505724,49.6399938,747.7471086,747.4227146,723.4592261,446.0271712,447.5974394,434.1860223,301.7199374,299.8252752,289.2732038,606.3896678,609.5404472,594.2033715,394.9493624,397.8291656,389.3297925,211.4403054,211.7112817,204.873579,141.3574407,137.8822674,129.2558545,51.0778088,49.7682738,44.8562298,90.279632,88.1139935,84.3996248,8.3617021,8.3525049,8.1022665,8.7317717,8.7647589,8.5275688,7.8687079,7.8044944,7.5379855,8.8987807,8.9355525,8.7708088,8.6656717,8.7293506,8.5823957,9.369574,9.3506049,9.1526485,6.6420436,6.4825788,5.999865,9.279055,9.0584708,8.0795781,5.722018,5.5854788,5.2778386,8942.5227158,8948.4857449,8929.096939,5108.0947365,5106.7855562,5091.556979,3834.4279794,3841.7001887,3837.539959,63.5512043,63.5976502,63.4598523,73.7889935,73.7711902,73.5512024,53.6396673,53.7451062,53.6869049,5141.369061,1830.909021,3310.460041,14070.466,6922.466,7148.0
1995-07-01,8212.8230787,8207.746424,8229.022081,4669.9504161,4662.3265788,4675.087276,3542.8726626,3545.4198452,3553.934805,6220.6577038,6205.696895,6238.294014,4169.1711543,4166.3383181,4183.090319,2051.4865496,2039.3585769,2055.203696,1992.1653748,2002.049529,1990.728067,500.7792618,495.9882607,491.9969576,1491.386113,1506.0612683,1498.731109,58.2992421,58.2646785,58.4157089,67.383858,67.2735374,67.4576637,49.5033714,49.5405618,49.6595423,746.5658613,755.4162754,708.7947423,445.977188,453.771017,427.4838226,300.5886733,301.6452584,281.3109198,605.2125971,612.7217216,579.9785691,394.2500669,398.9111089,379.5500721,210.9625302,213.8106126,200.428497,141.3532642,142.6945538,128.8161732,51.7271211,54.8599081,47.9337505,89.6261431,87.8346457,80.8824227,8.3327766,8.4280103,7.9302894,8.7174257,8.8694754,8.3778122,7.8207805,7.840919,7.3348865,8.8664532,8.9862732,8.5062391,8.639353,8.7379915,8.3186497,9.3245206,9.4893279,8.8856906,6.6253588,6.6532205,6.0775411,9.3622667,9.9591705,8.8777596,5.6689088,5.5106889,5.1203931,8959.38894,8963.1626993,8937.816824,5115.9276041,5116.0975958,5102.571099,3843.4613359,3847.0651036,3835.245725,63.5987869,63.6271841,63.4472603,73.8189721,73.8210799,73.6259037,53.7033961,53.7554859,53.5903324,5149.185176,1827.830901,3321.354275,14087.002,6930.402,7156.6
1995-08-01,8228.3834706,8236.8224164,8165.918717,4677.839885,4686.6339767,4647.23398,3550.5435856,3550.1884397,3518.684738,6230.739715,6236.8076808,6160.870986,4175.482037,4178.0175696,4134.550417,2055.257678,2058.7901113,2026.320569,1997.6437556,2000.0147356,2005.047732,502.3578479,508.6164071,512.6835626,1495.2859077,1491.3983284,1492.364169,58.3425044,58.4025341,57.899797,67.421865,67.5468473,66.9789887,49.5512386,49.5477222,49.1080451,747.1720877,747.5124761,718.9452359,445.8197474,439.57632,427.1996946,301.3523404,307.9361561,291.7455413,604.7726941,599.0315046,581.1098673,393.8556066,389.4827434,382.8452429,210.9170875,209.5487613,198.2646244,142.3993936,148.4809714,137.8353686,51.9641408,50.0935766,44.3544517,90.4352529,98.3873948,93.4809169,8.3245219,8.320176,8.0917979,8.7011976,8.5750739,8.4186674,7.8234809,7.9814985,7.6564986,8.8475107,8.7631012,8.619275,8.6195339,8.5272625,8.4749106,9.3071854,9.2379831,8.9124312,6.6540431,6.9109271,6.4322393,9.3743604,8.9659355,7.9625538,5.7030993,6.1887205,5.8947067,8975.5555583,8984.3348925,8884.863953,5123.6596323,5126.2102967,5074.433675,3851.895926,3858.1245958,3810.430279,63.640251,63.7027118,62.997421,73.8474802,73.8823099,73.1360713,53.7568993,53.8453913,53.1797521,5218.672047,1863.912325,3354.759721,14103.536,6938.346,7165.19
1995-09-01,8243.1978568,8224.4289737,8300.390696,4685.8634087,4689.289151,4713.672303,3557.3344481,3535.1398227,3586.718392,6239.4732903,6241.1951587,6263.640893,4181.7383117,4186.7523286,4197.399082,2057.7349785,2054.4428301,2066.241811,2003.7245665,1983.2338149,2036.749803,504.125097,502.5368224,516.2732212,1499.5994695,1480.6969925,1520.476582,58.3794705,58.2463712,58.7843411,67.4620379,67.5079492,67.858974,49.5852435,49.2785243,49.9975103,748.5266124,750.5993584,756.7674555,445.3617544,450.5814133,455.3637203,303.164858,300.0179451,301.4037352,604.8284293,602.1977483,598.0811879,393.8648085,393.6263216,394.1976639,210.9636207,208.5714267,203.8835239,143.6981831,148.4016101,158.6862676,51.4969459,56.9550917,61.1660564,92.2012372,91.4465184,97.5202112,8.3246169,8.3631976,8.3554625,8.6794428,8.7663961,8.8094515,7.852996,7.8228319,7.7519102,8.8369633,8.7996957,8.7161966,8.6079321,8.5937507,8.5851978,9.2988827,9.2165317,8.9811572,6.6916579,6.9618664,7.2280068,9.268341,10.1797882,10.5926387,5.7922601,5.8166775,6.0272191,8991.7244691,8975.0283321,9057.158151,5131.2251631,5139.8705643,5169.036024,3860.4993061,3835.1577677,3888.122128,63.6806397,63.562204,64.143857,73.873879,73.9946098,74.4144817,53.8110209,53.4606621,54.1989654,5062.912849,1777.240976,3285.671872,14120.071,6946.277,7173.794
1995-10-01,8257.7871872,8214.2438096,8232.594094,4693.7606011,4660.2978904,4673.68769,3564.026586,3553.9459192,3558.906405,6247.3480468,6214.7543574,6228.531094,4187.7284096,4157.5173878,4167.00325,2059.6196372,2057.2369696,2061.527845,2010.4391404,1999.4894522,2004.063,506.0321915,502.7805026,506.6844401,1504.4069488,1496.7089496,1497.37856,58.4133527,58.10333,58.2331304,67.4998587,67.0154395,67.2079858,49.6161888,49.4755487,49.5446051,749.6261892,770.4498661,725.7475482,445.0855147,457.6227589,430.763811,304.5406745,312.8271072,294.9837372,605.1792511,624.7136057,585.9891524,394.5290805,406.9373067,382.9613884,210.6501706,217.776299,203.027764,144.4469381,145.7362604,139.7583959,50.5564341,50.6854522,47.8024226,93.890504,95.0508082,91.9559732,8.3223247,8.5751378,8.1013605,8.6611956,8.9415759,8.4389833,7.8721825,8.0901337,7.6541813,8.8314752,9.1339503,8.5991256,8.6099282,8.9153543,8.4167992,9.2786404,9.5725287,8.9654572,6.7032285,6.7935164,6.519125,9.0832676,9.1578266,8.6210199,5.8744074,5.9714293,5.7858161,9007.4133763,8984.6936758,8958.341643,5138.8461158,5117.9206493,5104.451501,3868.5672606,3866.7730265,3853.890142,63.7160056,63.5530955,63.3666948,73.900528,73.5960897,73.4024023,53.855817,53.8305088,53.6511623,5178.961357,1849.614499,3329.346858,14137.303,6954.066,7183.237
1995-11-01,8271.2084958,8288.0542948,8300.26211,4700.8383284,4705.9789206,4699.952098,3570.3701674,3582.0753741,3600.310012,6254.3054439,6252.7232843,6244.649625,4192.9699323,4186.9761829,4182.224924,2061.3355116,2065.7471014,2062.424701,2016.9030519,2035.3310104,2055.612485,507.8683961,519.0027377,517.7271738,1509.0346558,1516.3282727,1537.885311,58.4371415,58.5540515,58.6402981,67.524299,67.5966333,67.5100641,49.6407139,49.8016647,50.0551813,750.990556,765.2219345,719.9429847,445.9361881,442.7395362,419.216593,305.0543678,322.4823983,300.7263917,606.0389832,617.1900263,585.4024931,396.0961343,393.7880077,376.7007984,209.9428489,223.4020186,208.7016947,144.9515727,148.0319082,134.5404916,49.8400538,48.9515285,42.5157946,95.1115189,99.0803797,92.024697,8.3238083,8.4524311,7.9814481,8.6643817,8.599024,8.1891537,7.8715084,8.2591273,7.7088845,8.833944,8.9839565,8.5709813,8.6313016,8.5965571,8.2629291,9.2433782,9.7591728,9.1893474,6.7049639,6.7799955,6.1429723,8.9365786,8.6189208,7.5888136,5.9291055,6.133456,5.6459986,9022.1990517,9053.2762293,9020.205095,5146.7745165,5148.7184569,5119.168691,3875.4245352,3904.5577724,3901.036404,63.7429854,63.9602473,63.7266039,73.9298646,73.9561395,73.531687,53.8820434,54.2851439,54.2361862,5134.330905,1842.685309,3291.645596,14154.536,6961.854,7192.682
1995-12-01,8282.3793208,8289.4996306,8395.661049,4706.4961213,4700.6922985,4757.46585,3575.8831994,3588.8073321,3638.195199,6259.7734149,6254.1757798,6360.14054,4196.9848004,4196.7095824,4257.639984,2062.7886145,2057.4661975,2102.500556,2022.6059059,2035.3238507,2035.520509,509.511321,503.9827161,499.8258653,1513.094585,1531.3411346,1535.694643,58.4429883,58.4930562,59.2421612,67.5257361,67.4452959,68.25988,49.6524279,49.829805,50.5155447,753.0496942,735.0559987,736.0367399,447.7142708,440.3599964,440.0185728,305.3354233,294.6960023,296.0181671,607.0631737,598.4905573,599.9495054,397.9792996,394.4373758,391.4807837,209.0838742,204.0531815,208.4687218,145.9865204,136.5654414,136.0872345,49.7349713,45.9226207,48.5377892,96.2515492,90.6428208,87.5494453,8.3344099,8.1450659,8.0602398,8.6863794,8.5655615,8.4659912,7.8669988,7.5884061,7.5242022,8.8405071,8.7336889,8.6198526,8.6612059,8.5912601,8.4205338,9.2031518,9.0228359,9.0208348,6.731856,6.2878638,6.2666582,8.8932143,8.3510047,8.851387,5.9807861,5.5883919,5.3934862,9035.4290149,9024.5556293,9131.697789,5154.2103922,5141.0522949,5197.484422,3881.2186228,3883.5033344,3934.213366,63.756736,63.6798194,64.4358448,73.9492484,73.7635589,74.5732442,53.8921203,53.9215945,54.6256922,5040.069211,1772.152578,3267.916634,14171.767,6969.637,7202.13
1996-01-01,8290.8742518,8287.8700754,8166.718519,4711.149138,4699.3391967,4666.625839,3579.7251138,3588.5308786,3500.09268,6263.225704,6280.8078935,6265.503622,4199.7972372,4207.9574123,4198.218311,2063.4284669,2072.8504813,2067.285311,2027.6485478,2007.0621818,1901.214897,511.3519008,491.3817845,468.4075283,1516.296647,1515.6803974,1432.807369,58.4289786,58.4074755,57.5536787,67.510684,67.3420427,66.8732568,49.6408799,49.7617237,48.5353619,755.5651236,765.470155,817.7147073,449.4456699,457.1214673,497.2690978,306.1194537,308.3486876,320.4456095,607.6024588,611.5404648,663.8904462,399.1671218,403.9797207,438.9737544,208.435337,207.5607441,224.9166918,147.9626648,153.9296902,153.8242611,50.2785481,53.1417466,58.2953434,97.6841168,100.7879436,95.5289177,8.3520719,8.4551131,9.1014612,8.7091835,8.8650238,9.6297292,7.87781,7.9127077,8.3874466,8.8432201,8.8727446,9.5807864,8.6795002,8.7594368,9.4663699,9.1746405,9.1018998,9.8122544,6.80097,7.1231036,7.4852229,8.9522475,9.7593113,11.0679752,6.0523718,6.2350707,6.2505169,9046.4393754,9053.3402303,8984.433226,5160.5948079,5156.460664,5163.894937,3885.8445676,3896.8795663,3820.538289,63.7537366,63.8020073,63.3163959,73.9512325,73.8926432,73.9991771,53.8859095,54.0375577,52.9789424,5205.308774,1814.419063,3390.889711,14189.742,6978.314,7211.428
1996-02-01,8296.4357391,8292.929577,8246.603478,4715.0469264,4717.4251995,4703.46696,3581.3888127,3575.5043775,3543.136518,6264.9551066,6255.3280057,6259.603563,4201.4754294,4199.7899299,4207.485273,2063.4796773,2055.5380758,2052.11829,2031.4806325,2037.6015713,1986.999915,513.5714971,517.6352696,495.9816874,1517.9091354,1519.9663017,1491.018227,58.3950389,58.3692,58.043137,67.4843631,67.5171776,67.3174032,49.6005503,49.5173176,49.0690537,758.5547026,753.2810621,839.7218402,450.3935231,444.9596931,483.737971,308.1611795,308.321369,355.9838692,607.3659982,606.514391,670.8624007,399.0443185,395.7895486,429.5426799,208.3216797,210.7248423,241.3197208,151.1887043,146.7666711,168.8594395,51.3492046,49.1701445,54.1952911,99.8394998,97.5965266,114.6641485,8.3772005,8.3270343,9.2416,8.7193634,8.6192661,9.3255998,7.9227978,7.9385994,9.1298507,8.8378583,8.8389438,9.6799033,8.6738964,8.612397,9.2633188,9.1698897,9.2983405,10.522182,6.9267801,6.7189528,7.8325814,9.0896305,8.6749603,9.8505196,6.1715088,6.033554,7.1411476,9054.9904417,9046.210639,9086.325318,5165.4404495,5162.3848926,5187.204931,3889.5499922,3883.8257464,3899.120387,63.7341789,63.6711156,63.9534599,73.9306447,73.8855717,74.2408034,53.8684377,53.7872738,53.9990899,5121.389682,1799.795069,3321.594613,14207.715,6987.0,7220.715
1996-03-01,8299.8737187,8266.3165269,8280.439708,4718.3432762,4685.8941046,4689.428625,3581.5304426,3580.4224223,3591.011082,6265.3824476,6234.5820717,6220.238569,4201.9431163,4170.3828461,4163.745587,2063.4393313,2064.1992256,2056.492983,2034.4912712,2031.7344552,2060.201138,516.4001599,515.5112585,525.6830387,1518.0911113,1516.2231968,1534.5181,58.348543,58.1083655,58.2076449,67.4514415,66.9827493,67.0332737,49.5416782,49.5216253,49.6680794,762.0126806,760.1478559,799.1970913,450.253254,454.3121034,466.9733824,311.7594267,305.8357525,332.223709,606.6030361,606.2191931,620.5187444,397.4726619,399.7204283,404.397625,209.1303742,206.4987648,216.1211194,155.4096446,153.9286628,178.6783469,52.780592,54.5916751,62.5757574,102.6290525,99.3369878,116.1025896,8.4089851,8.4213245,8.8020822,8.7113252,8.8384023,9.0561865,8.0076089,7.8696715,8.4681067,8.8271874,8.8618156,9.0709072,8.6418076,8.74642,8.8525601,9.2023745,9.0940656,9.5098028,7.0966519,7.0426527,7.9807041,9.273081,9.5757576,10.6374538,6.3323117,6.1487643,7.0338746,9061.8863994,9026.4643828,9079.636799,5168.5965301,5140.206208,5156.402008,3893.2898693,3886.2581749,3923.234791,63.7055317,63.4518519,63.8256293,73.8880718,73.4769365,73.7084482,53.8541043,53.7517082,54.26314,5146.054201,1839.270992,3306.783209,14225.691,6995.673,7230.018
1996-04-01,8301.5291292,8296.2519144,8248.036481,4720.855771,4714.4171524,4695.627699,3580.6733581,3581.834762,3552.408782,6264.3559257,6262.2530083,6207.567788,4200.845546,4196.5777346,4166.007515,2063.5103797,2065.6752737,2041.560273,2037.1732035,2033.9989061,2040.468692,520.010225,517.8394179,529.6201841,1517.1629785,1516.1594883,1510.848508,58.2925449,58.2567309,57.9181595,67.4106866,67.319667,67.0513625,49.4715928,49.4877842,49.0812254,765.6237876,778.4618232,782.1743214,449.0996481,458.3316641,455.3725547,316.5241395,320.1301591,326.8017666,606.0037855,615.3317529,612.5810908,394.9062696,403.0729151,398.3748275,211.0975159,212.2588378,214.2062633,159.6200021,163.1300703,169.5932306,54.1933785,55.258749,56.9977272,105.4266236,107.8713213,112.5955034,8.4439272,8.5783623,8.6617504,8.6867219,8.8605049,8.8404685,8.1218399,8.2043321,8.42444,8.820554,8.9469163,8.9819314,8.5928546,8.7631202,8.7279022,9.2806112,9.3180411,9.4959412,7.2660459,7.4246925,7.6736868,9.4380074,9.6421088,9.7163292,6.49743,6.6421967,6.9355951,9067.1529168,9074.7137376,9030.210802,5169.9554191,5172.7488165,5151.000254,3897.1974977,3901.9649211,3879.210548,63.668682,63.723132,63.41063,73.8235315,73.8644284,73.5538691,53.8447795,53.9108057,53.596424,5210.636198,1852.030746,3358.605452,14240.847,7003.031,7237.816
1996-05-01,8302.4149281,8301.5694813,8297.125431,4722.3769441,4722.2518997,4715.790965,3580.037984,3579.3175816,3581.334466,6262.4790784,6262.636661,6230.55112,4198.0001269,4199.6451133,4185.802541,2064.4789515,2062.9915477,2044.748579,2039.9358497,2038.9328203,2066.574311,524.3768172,522.6067864,529.9884239,1515.5590324,1516.3260339,1536.585887,58.2337255,58.2320928,58.2009196,67.3593107,67.3606435,67.2684814,49.4062853,49.3998647,49.4277006,769.3431215,762.7221839,758.0569203,447.7175221,440.5999319,438.8813011,321.6255994,322.122252,319.1756192,606.2390573,598.6999658,594.9906891,392.3890875,387.05502,385.9107428,213.8499698,211.6449457,209.0799463,163.1040642,164.0222182,163.0662312,55.3284346,53.5449119,52.9705584,107.7756296,110.4773063,110.0956729,8.4806398,8.4145812,8.3715257,8.6597552,8.5340418,8.5142426,8.243294,8.2564967,8.18292,8.8260873,8.7257046,8.7171203,8.548057,8.438638,8.4412718,9.3862641,9.3045612,9.2766572,7.403591,7.4455545,7.3135659,9.5442355,9.293544,9.0864984,6.6391504,6.7910671,6.6859116,9071.7580496,9064.2916653,9055.182351,5170.0944662,5162.8518316,5154.672266,3901.6635834,3901.4398337,3900.510085,63.6299525,63.582275,63.5183769,73.7454896,73.6455888,73.5289113,53.8448768,53.8456271,53.8327952,5200.821649,1855.729734,3345.091915,14256.004,7010.402,7245.602
1996-06-01,8302.5876739,8305.3244419,8311.679073,4722.6928262,4726.714243,4724.386722,3579.8948476,3578.6101989,3587.292351,6260.0333786,6256.1715634,6222.894242,4193.8498345,4196.0577565,4181.479343,2066.1835441,2060.1138069,2041.414899,2042.5542953,2049.1528785,2088.784831,528.8429917,530.6564865,542.9073789,1513.7113036,1518.496392,1545.877452,58.1712231,58.1965618,58.2410895,67.293299,67.3536515,67.3204853,49.347931,49.3369693,49.4566669,772.7870974,747.2354496,723.8099243,447.123426,436.8182954,424.3065247,325.6636714,310.4171542,299.5033996,607.65014,582.690206,568.7068171,391.0360422,380.5545054,373.2246722,216.6140978,202.1357006,195.4821449,165.1369574,164.5452436,155.1031072,56.0873838,56.26379,51.0818525,109.0495736,108.2814536,104.0212547,8.5152086,8.2544104,8.0107443,8.6487296,8.4596793,8.2410527,8.3384661,7.9818712,7.7056635,8.8479636,8.5202805,8.3736782,8.5288064,8.3152009,8.1942684,9.488975,8.9351639,8.7389871,7.4800748,7.433048,6.9122484,9.5887282,9.5862747,8.5997944,6.7200026,6.6561918,6.3047055,9075.3747713,9052.5598915,9035.488998,5169.8162522,5163.5325384,5148.693247,3905.5585191,3889.0273531,3886.795751,63.5856761,63.4325443,63.3129262,73.6643275,73.5781249,73.3666714,53.837121,53.6165753,53.585809,5235.671002,1869.061753,3366.609249,14271.16,7017.755,7253.405
1996-07-01,8301.6722527,8307.508576,8332.100772,4721.7037383,4725.3747302,4739.161023,3579.9685144,3582.1338458,3592.939749,6257.5256692,6269.4998557,6303.832948,4189.155194,4194.1620828,4211.360894,2068.3704752,2075.3377729,2092.472054,2044.1465835,2038.0087203,2028.267825,532.5485443,531.2126473,527.8001295,1511.5980392,1506.796073,1500.467695,58.1014406,58.143953,58.3160729,67.2104803,67.2628228,67.4590622,49.2916581,49.3230974,49.471886,775.82253,778.5442546,727.3223828,447.8633118,442.5217294,415.5190848,327.9592183,336.0225252,311.803298,609.8603349,609.2866643,574.5376214,391.2510617,385.5095267,365.7011908,218.6092732,223.7771376,208.8364306,165.9621951,169.2575903,152.7847614,56.6122501,57.0122027,49.817894,109.3499451,112.2453876,102.9668674,8.5466591,8.568564,8.028352,8.6634588,8.5628985,8.0610062,8.3921516,8.5760366,7.985245,8.8805309,8.8574731,8.3528158,8.5418419,8.4178421,7.9898674,9.5588635,9.7331863,9.0746822,7.509232,7.6681998,7.005093,9.6089642,9.6922465,8.6247125,6.746049,6.9328297,6.4216445,9077.4947827,9086.0528306,9059.423155,5169.5670501,5167.8964596,5154.680108,3907.9277327,3918.1563711,3904.743047,63.531239,63.5929561,63.406576,73.5855326,73.5618493,73.3737226,53.8072435,53.9498569,53.7651662,5228.405845,1870.559892,3357.845953,14287.829,7025.24,7262.589
1996-08-01,8300.999785,8302.5836292,8265.864857,4720.3479769,4721.6687919,4694.153836,3580.651808,3580.9148373,3571.711021,6255.3282199,6247.8917032,6208.363741,4184.8760713,4182.3615049,4150.268883,2070.4521485,2065.5301982,2058.094858,2045.6715651,2054.691926,2057.501115,535.4719056,539.307287,543.8849527,1510.1996595,1515.384639,1513.616163,58.0331878,58.0417727,57.7850788,67.123717,67.1384718,66.7472305,49.2424642,49.2440946,49.1175254,778.1046317,793.3751151,763.6328692,449.4540544,465.7256099,452.1023163,328.6505773,327.6495051,311.5305529,611.8127851,627.6238114,608.929909,392.3117531,405.9235724,398.8268017,219.501032,221.7002389,210.1031073,166.2918465,165.7513037,154.7029602,57.1423013,59.8020375,53.2755146,109.1495453,105.9492662,101.4274456,8.5702796,8.7222814,8.4570913,8.6938349,8.9780258,8.7850722,8.4068855,8.3828607,8.0224356,8.9092795,9.1283891,8.9321355,8.5710215,8.8469562,8.7671667,9.5853939,9.692956,9.2629969,7.5178389,7.4647846,6.9931595,9.6424116,9.9818239,8.9214738,6.740334,6.5346975,6.2801676,9079.1044166,9095.9587443,9029.497726,5169.8020313,5187.3944019,5146.256152,3909.3023853,3908.5643424,3883.241574,63.4730014,63.5881062,63.12349,73.5149888,73.7607291,73.1757751,53.76219,53.7498715,53.4016373,5274.999274,1886.475848,3388.523426,14304.497,7032.732,7271.765
1996-09-01,8301.4723539,8295.6854334,8372.97349,4719.068705,4717.7242032,4742.953745,3582.4036489,3577.9612301,3630.019745,6253.3218316,6250.5897303,6273.93482,4181.7329644,4176.1947907,4187.689082,2071.5888671,2074.3949397,2086.245738,2048.1505224,2045.095703,2099.03867,537.3357406,541.5294125,555.2646628,1510.8147818,1503.5662905,1543.774007,57.9731856,57.9260476,58.4657247,67.0395699,67.0110528,67.3694159,49.2072857,49.1414199,49.8564163,779.4671686,778.2438147,785.3668098,451.0797506,449.6174185,454.3192225,328.387418,328.6263962,331.0475873,613.055258,618.9800536,615.404057,393.5117742,397.4453546,398.0953372,219.5434838,221.534699,217.3087198,166.4119106,159.263761,169.9627527,57.5679764,52.1720639,56.2238853,108.8439342,107.0916972,113.7388675,8.583552,8.5767014,8.5754273,8.7246963,8.7011359,8.7414924,8.3969563,8.4121087,8.357535,8.9283657,9.0104631,8.9327012,8.6008902,8.6899131,8.681074,9.5823135,9.6490195,9.4336263,7.5144375,7.2249451,7.4906411,9.6768561,8.7875921,9.1945933,6.7201771,6.6489409,6.8620202,9080.9395225,9073.929248,9158.3403,5170.1484556,5167.3416217,5197.272967,3910.7910669,3906.5876263,3961.067333,63.4165808,63.3602686,63.9496833,73.4476547,73.3974661,73.8226141,53.7179592,53.654931,54.4031812,5162.8257,1842.945033,3319.880667,14321.166,7040.218,7280.948
1996-10-01,8304.8939366,8301.7833766,8319.388073,4718.8086822,4708.1918976,4720.948753,3586.0852545,3593.591479,3598.439321,6252.0846898,6251.5562013,6264.611372,4180.5417468,4175.6297084,4184.212812,2071.5429429,2075.9264929,2080.39856,2052.8092469,2050.2271753,2054.776701,538.2669353,532.5621892,536.7359406,1514.5423116,1517.6649861,1518.040761,57.933284,57.9094854,58.0322878,66.9699564,66.816528,66.9975675,49.1978275,49.2992439,49.3657498,780.5612678,797.0136063,751.8673334,452.5192123,462.4832932,435.5433349,328.0420554,334.5303131,316.3239985,613.8129186,624.9024543,586.8553239,394.6120463,401.2265312,377.8851348,219.2008724,223.675923,208.9701891,166.7483491,172.1111521,165.0120095,57.907166,61.256762,57.6582002,108.8411831,110.8543901,107.3538094,8.5913281,8.7595493,8.2884595,8.7505419,8.9443501,8.4465045,8.3809756,8.5162918,8.0802841,8.9400244,9.0875622,8.565397,8.62511,8.766422,8.2831438,9.5689824,9.7267215,9.1278519,7.512684,7.7445972,7.4336809,9.7131301,10.3157304,9.7003312,6.7045885,6.8070661,6.6047845,9085.4552044,9098.7969829,9071.255407,5171.3278945,5170.6751908,5156.492088,3914.1273099,3928.1217921,3914.763319,63.3783237,63.4690918,63.2769742,73.3921688,73.3798815,73.1786013,53.698266,53.8885501,53.7052898,5264.536593,1889.955912,3374.580681,14335.792,7046.448,7289.344
1996-11-01,8311.2064164,8300.6721947,8314.369852,4719.689172,4720.3085686,4714.628083,3591.5172444,3580.3636261,3599.741769,6250.5039134,6246.7291019,6240.421392,4180.6122819,4181.8765659,4177.96355,2069.8916315,2064.852536,2062.457843,2060.7025029,2053.9430928,2073.94846,539.0768901,538.4320027,536.6645335,1521.6256129,1515.5110901,1537.283926,57.9120294,57.8427408,57.9381921,66.914604,66.9291085,66.8485651,49.2113175,49.0614407,49.3269779,781.4886921,768.2391852,722.8594813,453.6019353,447.7817506,423.5947921,327.8867568,320.4574346,299.2646892,614.5047678,607.5823527,576.8213739,395.4338886,392.5777711,375.377088,219.0708792,215.0045815,201.4442859,166.9839243,160.6568326,146.0381074,58.1680466,55.2039795,48.2177042,108.8158776,105.4528531,97.8204033,8.5946871,8.471129,7.9986847,8.7681502,8.6643561,8.2439941,8.36573,8.2151278,7.6754089,8.9512599,8.8642361,8.4612122,8.6413876,8.5819585,8.2439931,9.57075,9.4306165,8.8981005,7.4958451,7.2544404,6.5783329,9.7393955,9.2992981,8.2440021,6.674013,6.5055644,5.9825175,9092.6951084,9068.9113799,9037.229334,5173.2911072,5168.0903192,5138.222875,3919.4040012,3900.8210607,3899.006458,63.3573996,63.1961699,62.9753954,73.3456618,73.2781921,72.8547025,53.7040536,53.4526437,53.4277783,5313.183667,1914.476125,3398.707542,14350.413,7052.699,7297.714
1996-12-01,8319.1831959,8324.3339357,8431.382046,4721.0911483,4725.331609,4782.642629,3598.0920475,3599.0023266,3648.739417,6248.1948541,6258.78914,6366.022148,4180.6401028,4185.1691973,4246.996342,2067.5547513,2073.6199427,2119.025806,2070.9883418,2065.5447956,2065.359898,540.4510456,540.1624117,535.646287,1530.5372962,1525.3823839,1529.713611,57.8999235,57.9485648,58.6937637,66.8629667,66.9411502,67.7530436,49.2391538,49.2602054,49.940966,782.7505423,786.3385427,786.889119,454.7813542,451.7066641,451.9669034,327.9691881,334.6318786,334.9222155,615.7846082,609.6044074,611.7425712,396.3866113,390.3573892,387.8030649,219.3979969,219.2470182,223.9395064,166.9659341,176.7341353,175.1465478,58.3947429,61.3492749,64.1638386,108.5711912,115.3848604,110.9827092,8.5998269,8.6309605,8.5361898,8.7865641,8.7251946,8.6342047,8.3536442,8.5069394,8.4073962,8.9712478,8.875502,8.7670278,8.6603517,8.53142,8.3672028,9.5934644,9.5621343,9.5579523,7.4606499,7.8818979,7.8172749,9.7512154,10.1991825,10.6973584,6.6237953,7.0323723,6.7643663,9101.9337382,9110.6724783,9218.271165,5175.8725025,5177.0382731,5234.609532,3926.0612357,3933.6342053,3983.661633,63.3477176,63.4225391,64.1715708,73.3038571,73.3402278,74.1558078,53.7273451,53.8403733,54.5251079,5146.767835,1824.324468,3322.443367,14365.039,7058.934,7306.105
1997-01-01,8326.5764751,8335.6579499,8235.213736,4722.3445574,4730.750626,4714.152346,3604.2319177,3604.9073239,3521.06139,6244.4373343,6244.7290949,6264.251398,4179.3147859,4185.0338401,4193.225431,2065.1225483,2059.6952549,2071.025967,2082.1391408,2090.928855,1970.962338,543.0297714,545.7167859,520.9269147,1539.1093694,1545.2120691,1450.035424,57.8824837,57.9503031,57.2520052,66.8064401,66.9313401,66.6965053,49.260911,49.2737279,48.1276786,784.2890393,780.9410937,833.1217712,456.126064,449.1199508,488.3166496,328.1629754,331.8211429,344.8051217,617.7275501,615.6823382,667.8744156,397.5782379,390.2776699,424.0235823,220.1493122,225.4046683,243.8508332,166.5614892,165.2587556,165.2473557,58.547826,58.8422809,64.2930673,108.0136632,106.4164747,100.9542884,8.6082825,8.566145,9.187152,8.808123,8.670486,9.3862481,8.3451175,8.4288552,8.9192195,9.0019339,8.974423,9.634482,8.6866404,8.5300786,9.1834679,9.6333971,9.8641055,10.5340739,7.4070104,7.3246903,7.73554,9.7323814,9.7330905,10.9861367,6.5577168,6.443124,6.5090237,9110.8655144,9116.5990437,9068.335507,5178.4706213,5179.8705768,5202.468995,3932.3948931,3936.7284669,3865.866512,63.334496,63.3794814,63.0439486,73.2592006,73.2855538,73.6052795,53.746085,53.80923,52.8406524,5315.813493,1865.596005,3450.217488,14384.149,7068.065,7316.084
1997-02-01,8332.0108437,8335.0046689,8291.38755,4723.1403904,4717.4139978,4704.049857,3608.8704533,3617.5906711,3587.337693,6239.7769654,6238.8524959,6245.975424,4176.5522442,4174.9679259,4183.964435,2063.2247213,2063.88457,2062.01099,2092.2338783,2096.152173,2045.412126,546.5881463,542.4460719,520.0854222,1545.645732,1553.7061011,1525.326704,57.8527536,57.868872,57.5660439,66.7435827,66.6567097,66.4678754,49.2641375,49.3796026,48.9666537,785.0697736,794.5439751,886.8586258,457.1349485,462.0264007,502.6202277,327.9348251,332.5175744,384.2383981,619.4395441,630.3878853,697.6675667,398.6454237,406.7874834,441.7969404,220.7941204,223.6004019,255.8706263,165.6302295,164.1560897,189.1910591,58.4895248,55.2389173,60.8232874,107.1407047,108.9171725,128.3677718,8.6109776,8.702993,9.6626154,8.8245299,8.9203923,9.6533911,8.3299732,8.4179358,9.6747082,9.0307624,9.1769665,10.0475725,8.7131847,8.8784199,9.550794,9.6669133,9.7749452,11.038986,7.3357041,7.2625532,8.4664275,9.6664491,9.2421457,10.4703693,6.4824288,6.5509231,7.7624842,9117.0806173,9129.5486439,9178.246176,5180.2753389,5179.4403985,5206.670085,3936.8052784,3950.1082455,3971.576091,63.3038324,63.3852892,63.72339,73.2034424,73.1851085,73.569862,53.7407255,53.9184206,54.2114537,5225.014824,1870.507915,3354.506909,14403.261,7077.178,7326.083
1997-03-01,8333.8481598,8337.9890964,8347.487502,4723.0303697,4725.7173722,4727.658506,3610.8177902,3612.2717242,3619.828996,6234.1850667,6234.7807902,6218.296766,4172.5806142,4176.1723409,4168.241442,2061.6044524,2058.6084494,2050.055324,2099.6630931,2103.2083061,2129.190737,550.4497554,549.5450313,559.4170641,1549.2133377,1553.6632748,1569.773672,57.802217,57.8128873,57.8787462,66.6718255,66.6879665,66.7153592,49.2348077,49.2399492,49.3429646,784.8387161,783.7991,823.7247357,457.4538348,464.0057975,477.0590438,327.3848814,319.7933025,346.6656919,620.4367367,621.6541007,636.8033747,399.3911698,404.698377,409.4074852,221.0455668,216.9557237,227.3958895,164.4019795,162.1449993,186.9213611,58.0626649,59.3074206,67.6515586,106.3393145,102.8375788,119.2698025,8.6069269,8.5926036,8.9816342,8.8303297,8.9408584,9.1658969,8.3130532,8.1329607,8.7398501,9.0513635,9.0667251,9.2894832,8.7356438,8.8345295,8.9436191,9.6837257,9.534151,9.9846657,7.2613628,7.1576031,8.0704799,9.5417387,9.7408527,10.7885415,6.4231913,6.2081211,7.0613814,9118.6868759,9121.7881964,9171.212238,5180.4842044,5189.7231697,5204.71755,3938.2026715,3932.0650267,3966.494688,63.2457308,63.2474937,63.5901839,73.1293919,73.2358831,73.4474795,53.6988191,53.5991467,54.0684677,5251.158762,1881.59445,3369.564312,14422.371,7086.312,7336.059
1997-04-01,8333.5058624,8330.8798975,8343.062501,4722.4248144,4719.82164,4726.92543,3611.081048,3611.0582575,3616.137071,6229.6763063,6226.5197362,6208.410048,4168.9111113,4163.9280539,4158.478174,2060.765195,2062.5916823,2049.931874,2103.8295562,2104.3601613,2134.652452,553.5137031,555.8935861,568.4472551,1550.315853,1548.4665752,1566.205197,57.7422668,57.7194835,57.8038892,66.599132,66.5566603,66.6568346,49.1877374,49.1838521,49.2530273,783.2108318,780.7338536,785.1125851,456.6529949,455.9546725,453.4847408,326.5578369,324.779181,331.6278443,619.9674087,617.8427667,615.5348998,399.2472302,395.7777128,391.1780074,220.7201786,222.0650539,224.3568924,163.2434231,162.8910869,169.5776853,57.4057647,60.1769597,62.3067334,105.8376583,102.7141271,107.2709519,8.5909309,8.5685574,8.6009808,8.8172646,8.8093968,8.7538385,8.2932398,8.2518444,8.4003949,9.0510899,9.0270316,9.0202208,8.7397853,8.6798959,8.5979685,9.6744069,9.7198433,9.8649255,7.200625,7.1845186,7.3594075,9.3966174,9.7678683,9.8781355,6.3905705,6.2206473,6.4100676,9116.7166942,9111.6137511,9128.175086,5179.0778094,5175.7763125,5180.41017,3937.6388849,3935.8374386,3947.764915,63.1690788,63.1287027,63.2434459,73.0391907,72.9863144,73.0516588,53.6358904,53.607456,53.7699123,5305.217914,1911.02383,3394.194085,14433.393,7091.434,7341.959
1997-05-01,8332.9349114,8334.9671601,8330.18644,4721.9473609,4724.3533717,4718.255854,3610.9875505,3610.6137884,3611.930586,6227.1675694,6235.6063716,6202.974808,4166.8837232,4167.6107596,4153.927969,2060.2838462,2067.9956121,2049.046839,2105.767342,2099.3607884,2127.211632,555.0636377,556.7426121,564.3278853,1550.7037043,1542.6181764,1562.883747,57.6858916,57.7037324,57.6706351,66.5340096,66.5725651,66.4866428,49.1403331,49.1382439,49.1561647,779.4487902,779.038361,774.9469481,454.2982897,451.7438293,449.7292176,325.1505005,327.2945317,325.2177304,617.5089856,612.8879534,609.0268716,397.5906127,396.8719969,395.3646484,219.9183728,216.0159566,213.6622232,161.9398047,166.1504076,165.9200765,56.707677,54.8718324,54.3645692,105.2321277,111.2785752,111.5555073,8.553731,8.5477056,8.5110993,8.7765983,8.727499,8.7022159,8.2606478,8.3113802,8.2602357,9.0217409,8.9492365,8.940498,8.7105455,8.6947858,8.6906841,9.6446873,9.4577435,9.4427616,7.1411251,7.3339036,7.2355232,9.269424,8.9716378,8.7870102,6.3548433,6.7282661,6.6622606,9112.3837017,9114.0055211,9105.133388,5176.2456506,5176.097201,5167.985072,3936.1380511,3937.9083202,3937.148317,63.0817334,63.0970856,63.035663,72.9352429,72.9382501,72.8239392,53.5651625,53.5925221,53.582179,5339.282612,1928.561929,3410.720683,14444.416,7096.547,7347.869
1997-06-01,8335.8862658,8336.2050174,8345.585772,4723.3295429,4732.7873238,4731.940121,3612.5567229,3603.4176936,3613.645651,6228.258652,6220.8535219,6187.27372,4167.7924909,4170.7699813,4155.807409,2060.4661612,2050.0835405,2031.466311,2107.6276138,2115.3514955,2158.312052,555.537052,562.0173425,576.1327123,1552.0905618,1553.334153,1582.17934,57.6565987,57.6682977,57.733192,66.4982428,66.6432636,66.631334,49.1178241,49.0009972,49.1400819,773.333129,757.6245854,735.2092682,450.4542015,439.1236423,427.5022884,322.8789275,318.5009431,307.7069798,613.3516022,601.0782289,587.2598261,394.5403421,383.4923977,376.8565157,218.8112601,217.5858312,210.4033104,159.9815268,156.5463565,147.9494421,55.9138594,55.6312446,50.6457727,104.0676674,100.9151119,97.3036694,8.4895653,8.331194,8.0963095,8.7064753,8.4905491,8.2858234,8.2044011,8.1210492,7.8469602,8.9650182,8.8109681,8.6686385,8.6477764,8.4205161,8.3142391,9.6000275,9.5951303,9.3851716,7.0550751,6.8905544,6.41512,9.144456,9.0069411,8.0803304,6.283679,6.1003571,5.793668,9109.2193948,9093.8296027,9080.795041,5173.7837444,5171.9109661,5159.442409,3935.4356504,3921.9186367,3921.352631,63.005491,62.909402,62.8192314,72.8400431,72.8266457,72.6510737,53.5078203,53.3321254,53.3244286,5374.642959,1942.231591,3432.411369,14455.438,7101.674,7353.764
1997-07-01,8345.1003575,8347.1117255,8374.861974,4727.4728259,4724.934958,4739.65225,3617.6275316,3622.1767675,3635.209724,6233.391741,6240.9824435,6276.483557,4171.5748844,4174.2486333,4192.034897,2061.8168566,2066.7338101,2084.44866,2111.7086165,2106.1292821,2098.378417,555.8979415,550.6863247,547.617353,1555.810675,1555.4429574,1550.761064,57.6708579,57.6874672,57.8792511,66.502011,66.4697207,66.6767615,49.1428405,49.2067432,49.3837941,765.8168997,784.3724945,731.4210942,446.0910083,464.1374393,435.7254792,319.7258914,320.2350551,295.695615,608.4568865,625.5744144,588.2103264,390.7350165,408.6255938,386.9764213,217.72187,216.9488205,201.2339051,157.3600132,158.7980801,143.2107678,55.3559918,55.5118455,48.7490579,102.0040214,103.2862346,94.4617099,8.4054863,8.5897591,8.0320487,8.622509,8.9445165,8.4192015,8.1203249,8.122821,7.5223286,8.893165,9.1104527,8.5686316,8.564412,8.9163606,8.4510912,9.5511371,9.4999549,8.8041055,6.9350046,7.0111776,6.3888053,9.0561367,9.157376,8.1743467,6.1529206,6.2268293,5.7415756,9110.9172572,9131.48422,9106.283069,5173.5638342,5189.0723973,5175.377729,3937.353423,3942.4118227,3930.905339,62.963223,63.1083199,62.934153,72.7772346,72.999141,72.8064863,53.4860843,53.5570898,53.4007759,5363.257931,1933.024271,3430.233661,14469.541,7108.402,7361.139
1997-08-01,8360.3930241,8333.7128314,8250.306053,4734.911638,4721.4805949,4681.442159,3625.4813861,3612.2322365,3568.863894,6241.9999948,6222.5723407,6143.809838,4177.9436565,4165.8207897,4120.813922,2064.0563383,2056.7515509,2022.995916,2118.3930293,2111.1404908,2106.496214,556.9679815,555.6598052,560.6282364,1561.4250478,1555.4806856,1545.867978,57.7255848,57.5387853,56.9629166,66.5510768,66.3585232,65.795799,49.2038435,49.022387,48.4338259,757.2822107,770.7126976,743.4329501,441.6447043,445.3840415,432.9222825,315.6375064,325.3286561,310.5106676,603.1302646,611.9976535,594.3901812,386.6118705,391.7625095,384.9877404,216.5183941,220.235144,209.4024407,154.1519461,158.715044,149.042769,55.0328338,53.621532,47.9345421,99.1191123,105.0935121,101.1082269,8.3056502,8.4652535,8.2661166,8.5316314,8.620006,8.4648305,8.0088299,8.2621873,8.0041425,8.8110853,8.9544427,8.8212012,8.4698689,8.5958387,8.5442674,9.4940276,9.6722192,9.3801557,6.7832297,6.9922972,6.607856,8.9922811,8.8007836,7.8766799,5.9690742,6.3287453,6.1390217,9117.6752348,9104.425529,8993.739003,5176.5563423,5166.8646364,5114.364441,3941.1188926,3937.5608926,3879.374561,62.9543531,62.8600477,62.0958303,72.7585698,72.618218,71.8803487,53.4875722,53.4374928,52.6478335,5489.904997,2000.743559,3489.161439,14483.644,7115.108,7368.536
1997-09-01,8379.9249322,8395.9072349,8473.995632,4745.5169602,4746.1748395,4771.152912,3634.4079721,3649.7323954,3702.842719,6253.0535825,6266.3079535,6290.69097,4186.0873855,4191.9162857,4204.336035,2066.9661971,2074.3916678,2086.354935,2126.8713497,2129.5992815,2183.304662,559.4295747,554.2585538,566.8168775,1567.441775,1575.3407276,1616.487784,57.8072002,57.9118068,58.4504312,66.6426958,66.6425461,66.9932712,49.2767596,49.4818048,50.2018561,748.18688,736.8440918,744.6723833,437.2261554,436.6781652,442.768659,310.9607246,300.1659266,301.9037243,596.9965927,590.5873392,588.4290927,382.1226754,379.3990036,380.8074068,214.8739173,211.1883356,207.621686,151.1902874,146.2567526,156.2432906,55.1034801,57.2791616,61.9612523,96.0868073,88.977591,94.2820383,8.1965131,8.0681502,8.077874,8.4361919,8.4254399,8.4920468,7.8816645,7.599333,7.5386477,8.7152149,8.613043,8.5538425,8.3648228,8.2995589,8.3052452,9.4166947,9.2400325,9.0507324,6.6367953,6.4264501,6.6783538,8.9667235,9.3664152,9.8542315,5.7760839,5.3461883,5.5110885,9128.1118123,9132.7513267,9218.668015,5182.7431156,5182.8530047,5213.921571,3945.3686967,3949.898322,4004.746444,62.9684145,62.9942799,63.5869009,72.7827918,72.7740827,73.2103263,53.4928897,53.5513502,54.294962,5279.078985,1907.917429,3371.161556,14497.747,7121.839,7375.908
1997-10-01,8400.2783404,8388.9571631,8405.240341,4758.1152554,4754.8850344,4766.431632,3642.163085,3634.0721287,3638.808709,6264.4799671,6256.7858742,6267.198149,4194.7658337,4193.9287939,4200.815815,2069.7141334,2062.8570803,2066.382334,2135.7983733,2132.1712889,2138.042192,563.3494217,560.9562405,565.6158171,1572.4489516,1571.2150484,1572.426375,57.8910469,57.8102037,57.9224147,66.7587975,66.7092003,66.8711946,49.3305399,49.2193275,49.283479,739.1926952,732.7766935,692.0659114,432.9661849,428.3116998,403.4458891,306.2265103,304.4649937,288.6200223,590.5406063,589.3151627,554.4933171,377.5146362,375.5910237,354.031214,213.0259701,213.724139,200.462103,148.6520889,143.4615308,137.5725944,55.4515487,52.7206761,49.4146751,93.2005402,90.7408548,88.1579193,8.0879155,8.0333049,7.6073718,8.3405778,8.263466,7.8037804,7.7557319,7.7304081,7.348829,8.6147168,8.6080407,8.1283846,8.256594,8.2194856,7.7726258,9.3320291,9.3879426,8.8432228,6.5071268,6.3042477,6.0455133,8.9611283,8.5909498,8.0345082,5.5954473,5.4598834,5.3088494,9139.4710356,9121.7338566,9097.306253,5191.0814403,5183.1967341,5169.877521,3948.3895953,3938.5371225,3927.428732,62.9852399,62.8599338,62.6915977,72.8335351,72.718248,72.5313845,53.4781628,53.3429556,53.1925053,5413.898747,1957.902479,3455.996268,14511.205,7127.78,7383.425
1997-11-01,8418.7403619,8447.2746194,8462.084729,4770.8328751,4789.5621883,4783.912643,3647.9074868,3657.7124312,3678.172086,6275.1964189,6288.8347136,6283.811929,4203.088841,4211.3567699,4207.537767,2072.1075779,2077.4779437,2076.274162,2143.543943,2158.4399058,2178.272799,567.7440341,578.2054184,576.3748761,1575.7999089,1580.2344875,1601.897923,57.9573201,58.1581413,58.2601066,66.8711238,67.1399535,67.0607583,49.3534342,49.4889697,49.7657895,731.5508549,733.2837616,690.7709965,429.2124006,430.7846102,408.2572623,302.3384543,302.4991514,282.5137342,584.8934225,585.1223819,556.4788128,373.6517801,374.5114762,358.7800077,211.2416425,210.6109057,197.6988051,146.6574324,148.1613797,134.2921836,55.5606205,56.273134,49.4772546,91.0968118,91.8882457,84.8149291,7.9948369,7.9873547,7.5470544,8.2540128,8.2520305,7.8629411,7.6536615,7.6384593,7.1329499,8.5260315,8.5121623,8.1353094,8.1641459,8.1666427,7.8570968,9.2513944,9.2046647,8.6939822,6.4036916,6.4233633,5.8070664,8.9138786,8.869194,7.9055822,5.4650544,5.4953051,5.0284154,9150.2912168,9180.558381,9152.855725,5200.0452757,5220.3467984,5192.169906,3950.2459411,3960.2115826,3960.68582,62.9935518,63.2066833,63.015955,72.8872464,73.1786805,72.7836976,53.4438453,53.5817932,53.5882097,5371.808275,1941.529094,3430.27918,14524.664,7133.699,7390.965
1997-12-01,8433.879218,8432.8229039,8540.480651,4781.899028,4781.6259461,4839.900082,3651.9801899,3651.1969579,3700.580568,6284.0878479,6270.8123169,6379.363123,4210.2367016,4197.6643468,4260.603091,2073.8511463,2073.1479702,2118.760032,2149.7913701,2162.010587,2161.117528,571.6623264,583.9615993,579.2969916,1578.1290436,1578.0489877,1581.820536,57.9955471,58.0048985,58.7454188,66.9533869,66.9729279,67.7891334,49.3500114,49.350623,50.018106,725.6173773,724.4039018,720.4636632,426.237067,424.5000566,421.3177116,299.3803103,299.9038452,299.1459515,580.8775759,578.2688078,575.7409155,371.0988384,367.1424743,361.7075377,209.7787375,211.1263335,214.0333778,144.7398014,146.135094,144.7227477,55.1382286,57.3575822,59.6101739,89.6015728,88.7775117,85.1125737,7.9220225,7.9107345,7.7795918,8.1840616,8.1538568,8.0079884,7.5766387,7.5903871,7.4791601,8.4614785,8.443013,8.2779627,8.1002327,8.0428918,7.8252538,9.1861969,9.2425999,9.1749821,6.3080338,6.3312769,6.2763561,8.7967741,8.9436873,9.3300212,5.3726646,5.3261399,5.1059382,9159.4965953,9157.2268057,9260.944314,5208.136095,5206.1260026,5261.217794,3951.3605003,3951.1008031,3999.72652,62.985253,62.9876872,63.7011047,72.921312,72.9186066,73.6902392,53.3956034,53.4042092,54.0614483,5277.177686,1878.422206,3398.75548,14538.122,7139.64,7398.482
1998-01-01,8445.5270172,8440.138727,8334.725487,4789.740793,4792.2832706,4771.510097,3655.7862242,3647.8554563,3563.21539,6289.8183165,6293.1106456,6306.12598,4215.008711,4223.2445851,4228.518805,2074.8096054,2069.8660605,2077.607175,2155.7087007,2147.0280814,2028.599507,574.7320819,569.0386855,542.9912921,1580.9766188,1577.9893959,1485.608215,58.0061173,57.9734367,57.2493766,66.9850283,67.0265251,66.7359843,49.3408697,49.2367921,48.094366,721.5869801,720.5146636,770.0699041,424.3928755,414.6936623,451.1575585,297.1941046,305.8210013,318.9123456,578.9487413,579.7866031,630.3207797,370.1630229,367.5769635,400.0912181,208.7857184,212.2096396,230.2295616,142.6382389,140.7280605,139.7491244,54.2298526,47.1166988,51.0663404,88.4083862,93.6113617,88.6827841,7.8714738,7.8653196,8.4578496,8.1392788,7.9641924,8.6384505,7.5182288,7.7351044,8.2148854,8.4287142,8.4358398,9.0870845,8.073046,8.0067796,8.643874,9.142851,9.2989746,9.97599,6.206123,6.1513576,6.4449564,8.62212,7.6468858,8.596193,5.2958656,5.6001029,5.6331888,9167.1139974,9160.6533905,9104.795391,5214.1336685,5206.9769329,5222.667655,3952.9803289,3953.6764576,3882.127736,62.9621679,62.9224918,62.5388156,72.9202073,72.8265736,73.0460294,53.3519947,53.3645996,52.3988735,5453.835609,1927.163345,3526.672264,14558.631,7149.831,7408.8
1998-02-01,8455.1402914,8453.3574597,8412.996584,4794.1268693,4793.4841738,4781.529814,3661.0134221,3659.8732858,3631.46677,6293.1649934,6289.3952587,6301.092896,4217.3217347,4213.5424468,4225.081788,2075.8432587,2075.8528118,2076.011108,2161.975298,2163.962201,2111.903688,576.8051347,579.941727,556.448026,1585.1701633,1584.020474,1555.455662,58.0023036,57.9825601,57.7057202,66.9668269,66.9479253,66.7809654,49.351415,49.330295,48.9474124,719.762178,712.4281909,794.682036,423.749463,418.5282163,455.3306367,296.012715,293.8999747,339.3513993,579.2507066,572.4316048,634.054726,370.9057518,364.054285,395.5378063,208.3449548,208.3773198,238.5169197,140.5114714,139.9965861,160.62731,52.8437112,54.4739313,59.7928304,87.6677602,85.5226549,100.8344796,7.8449028,7.7726909,8.6306448,8.1211097,8.0300695,8.6947254,7.4806864,7.4334049,8.5461329,8.4286331,8.3422624,9.1426277,8.0838571,7.9529567,8.5602764,9.1211816,9.1224311,10.3052077,6.1025963,6.0763494,7.0682121,8.3925686,8.5864733,9.7028345,5.2406607,5.1225185,6.087972,9174.9024694,9165.7856506,9207.67862,5217.8763323,5212.0123901,5236.860451,3957.0261371,3953.7732605,3970.818169,62.9398757,62.8691878,63.1565366,72.8859771,72.793276,73.140315,53.3417436,53.2916814,53.5214244,5371.45938,1923.158549,3448.300831,14579.138,7160.019,7419.119
1998-03-01,8465.199669,8456.2427255,8459.959189,4796.2734142,4791.6244469,4791.462444,3668.9262548,3664.6182786,3668.496745,6295.7984404,6295.2474804,6275.943585,4217.9945556,4216.7985268,4207.484337,2077.8038847,2078.4489536,2068.459249,2169.4012286,2160.9952451,2184.015603,578.2788585,574.82592,583.9781068,1591.1223701,1586.1693251,1600.037497,58.0047896,57.9208711,57.946327,66.9206829,66.8267797,66.8245203,49.4012591,49.3256924,49.3778964,718.9087954,723.7297868,757.876651,423.7027578,426.7562102,437.6005605,295.2060375,296.9735766,320.2760904,580.624565,590.3778575,604.8155125,372.4666019,376.6408788,380.6784934,208.1579632,213.7369787,224.1370191,138.2842303,133.3519293,153.0611385,51.236156,50.1153314,56.9220672,87.0480744,83.2365979,96.1390713,7.8277472,7.8837903,8.2218502,8.1169481,8.1779433,8.3686228,7.446927,7.4963193,8.0294392,8.4437005,8.574063,8.7899533,8.1139256,8.1995395,8.29697,9.1059246,9.3245917,9.7765587,5.9923344,5.8121949,6.549256,8.1389887,8.0192068,8.8815809,5.1870818,4.9860011,5.6679872,9184.1084643,9179.9725123,9217.83584,5219.976172,5218.3806571,5229.063004,3964.1322923,3961.5918552,3988.772836,62.9308581,62.8780443,63.1373885,72.8324555,72.7785698,72.927552,53.3761413,53.322951,53.6888065,5381.81116,1941.152996,3440.658164,14599.647,7170.216,7429.431
1998-04-01,8477.586108,8488.6154862,8499.940711,4797.5958134,4804.0291689,4810.718745,3679.9902946,3684.5863173,3689.221966,6299.7164251,6313.1331666,6292.742611,4218.0249863,4225.7610045,4218.929984,2081.6914388,2087.3721621,2073.812628,2177.8696829,2175.4823196,2207.198099,579.5708271,578.2681644,591.7887615,1598.2988559,1597.2141553,1615.409338,58.0286211,58.0972351,58.1747465,66.8695828,66.9498943,67.0431216,49.4978551,49.5540485,49.6163934,718.7149296,698.596328,702.9068089,424.0040695,401.703993,400.0853028,294.7108601,296.892335,302.8215061,582.4951427,558.0234574,556.0290398,374.2865991,353.5529002,349.9364731,208.2085436,204.4705572,206.0925667,136.2197869,140.5728706,146.8777691,49.7174704,48.1510928,50.1488297,86.5023165,92.4217778,96.7289394,7.815261,7.6040081,7.6379274,8.1201946,7.716569,7.6779955,7.4146671,7.456836,7.5856265,8.4637785,8.1212449,8.1186681,8.1502875,7.7206522,7.659153,9.0924733,8.9216662,9.0395235,5.8865393,6.0694957,6.2392963,7.9005872,7.6867198,7.8121036,5.1342745,5.4699226,5.6495986,9196.3010376,9187.2118142,9202.84752,5221.5998829,5205.7331619,5210.804048,3974.7011547,3981.4786524,3992.043472,62.9481862,62.8785231,62.9855359,72.7794127,72.5481201,72.618789,53.4618752,53.5469573,53.6890437,5408.20148,1964.754952,3443.446528,14611.049,7175.559,7435.49
1998-05-01,8492.3469906,8486.7855933,8482.540018,4799.374106,4801.0993167,4795.107887,3692.9728846,3685.6862766,3687.432132,6305.7757577,6281.1966266,6248.342957,4218.3691957,4210.9025139,4196.929084,2087.406562,2070.2941127,2051.413873,2186.571233,2205.5889667,2234.197061,581.0049103,590.1968028,598.1788021,1605.5663227,1615.3921639,1636.018259,58.073844,58.039407,58.0103724,66.8315496,66.8592326,66.7757971,49.6239127,49.5284956,49.5519565,718.4783191,714.4893504,711.1953804,423.8747939,421.7545297,419.1892049,294.6035251,292.7348206,292.0061754,583.575006,584.2243335,580.1696427,375.3869555,372.155139,369.698617,208.1880505,212.0691944,210.4710256,134.9033131,130.2650169,131.0257377,48.4878384,49.5993907,49.4905879,86.4154746,80.6656262,81.5351498,7.8003685,7.7651125,7.735652,8.115156,8.0751739,8.0392275,7.3880346,7.3580653,7.3378742,8.4706822,8.5096651,8.4962814,8.1716779,8.1202369,8.0956592,9.0690251,9.2916493,9.3051165,5.8111046,5.576762,5.5396785,7.7026842,7.7523735,7.641335,5.1073525,4.7560659,4.7471682,9210.8253097,9201.2749437,9193.735399,5223.2488999,5222.8538464,5214.297091,3987.5764098,3978.4210973,3979.438307,62.9870674,62.9256549,62.8740935,72.7340296,72.7325092,72.6133494,53.5826148,53.4622854,53.4759548,5428.718601,1966.609909,3462.108693,14622.454,7180.907,7441.547
1998-06-01,8508.9224255,8506.6844217,8516.778015,4802.7608806,4802.0095518,4801.824827,3706.1615449,3704.6748699,3714.953187,6313.9700331,6303.9094466,6268.879289,4220.0064405,4217.0153553,4200.935311,2093.9635926,2086.8940913,2067.943978,2194.9523924,2202.7749751,2247.898726,582.7544401,584.9941965,600.8895162,1612.1979523,1617.7807786,1647.009209,58.1340921,58.1301635,58.1991378,66.8197613,66.8220866,66.8195161,49.7541591,49.7432375,49.8812461,717.4769279,722.8925207,702.7840789,422.9876278,430.2034363,419.9072739,294.4893001,292.6890844,282.8768051,582.6677878,583.817323,571.2442311,375.0460342,381.797951,375.8015885,207.6217536,202.019372,195.4426425,134.8091402,139.0751977,131.5398479,47.9415937,48.4054853,44.1056853,86.8675465,90.6697124,87.4341626,7.7763481,7.8323473,7.622749,8.0942974,8.222208,8.0415323,7.3610348,7.3220524,7.0757587,8.4485775,8.4761975,8.351373,8.1619532,8.3020972,8.211125,9.0208149,8.8259943,8.634965,5.7863922,5.938689,5.5281884,7.6013787,7.6421708,6.8381416,5.1126661,5.3071314,5.0410503,9226.3993535,9229.5769424,9219.562093,5225.7485084,5232.2129881,5221.732101,4000.650845,3997.3639543,3997.829992,63.03599,63.0700271,63.0015909,72.7046956,72.8085577,72.6627115,53.7075938,53.6732187,53.6794763,5414.293906,1964.528899,3449.765008,14633.856,7186.261,7447.595
1998-07-01,8525.4924233,8519.0073187,8541.872332,4807.8233691,4796.3081062,4811.028952,3717.6690543,3722.6992125,3730.843379,6322.6754303,6329.9310775,6365.220982,4222.611526,4216.9209192,4234.750438,2100.0639043,2113.0101583,2130.470544,2202.8169931,2189.0762413,2176.65135,585.2118431,579.387187,576.2785139,1617.60515,1609.6890542,1600.372836,58.1939056,58.1531898,58.3092729,66.8315568,66.6754538,66.8800944,49.8607764,49.9306603,50.0398938,714.6183116,738.2658318,686.71768,420.8915923,439.9720161,412.6331136,293.7267193,298.2938156,274.0845664,578.9163996,602.7930099,564.628546,372.8543023,393.6236933,371.8021869,206.0620973,209.1693166,192.8263592,135.7019119,135.4728218,122.0891339,48.03729,46.3483228,40.8309268,87.6646219,89.124499,81.2582072,7.7338717,7.9749816,7.4411983,8.0496182,8.4023774,7.8993072,7.3223071,7.4184117,6.8436828,8.3881576,8.694894,8.147775,8.1135257,8.5374663,8.071159,8.9354223,9.007457,8.2996865,5.8028999,5.8279184,5.3111317,7.5858438,7.407015,6.6164807,5.1408067,5.246279,4.8321068,9240.1107349,9257.2731505,9228.590012,5228.7149614,5236.2801223,5223.662066,4011.3957735,4020.9930282,4004.927946,63.0717975,63.1928043,62.997005,72.6821961,72.791686,72.6162772,53.8001916,53.9315226,53.7160499,5420.661988,1969.851934,3450.810054,14649.252,7193.514,7455.738
1998-08-01,8541.6431401,8531.2515096,8455.233464,4814.567243,4797.2039476,4757.034443,3727.0758971,3734.0475619,3698.199022,6331.1487528,6336.734933,6257.023574,4225.5045042,4223.9676185,4178.624438,2105.6442486,2112.7673145,2078.399137,2210.4943873,2194.5165766,2198.20989,589.0627388,573.2363291,578.4100051,1621.4316485,1621.2802475,1619.799885,58.2482403,58.1756389,57.6572627,66.8642935,66.6204673,66.0626192,49.9364519,50.0284379,49.5481423,709.2999408,717.2716639,690.2203426,417.4083204,430.8258644,416.6618931,291.8916204,286.4457995,273.5584495,572.4020193,574.3900868,556.2040241,368.8861258,371.9685558,363.9810521,203.5158935,202.421531,192.222972,136.8979215,142.8815771,134.0163185,48.5221946,58.8573086,52.680841,88.3757269,84.0242685,81.3354775,7.6673257,7.7555265,7.5471415,7.978025,8.2406926,8.0534663,7.2628509,7.124643,6.887592,8.2914146,8.3110939,8.1635908,8.0290545,8.093423,8.0126054,8.8134162,8.7431974,8.4656523,5.8319149,6.1128472,5.746283,7.6103107,9.3114857,8.3475844,5.1687534,4.9272296,4.7812466,9250.943081,9248.5231734,9145.453807,5231.9755634,5228.029812,5173.696336,4018.9675175,4020.4933615,3971.757471,63.0851871,63.0668014,62.3639589,72.6612242,72.6034984,71.8489503,53.8473011,53.8662133,53.2132542,5519.192193,2027.099664,3492.092529,14664.646,7200.796,7463.85
1998-09-01,8556.3959025,8575.049517,8653.182243,4822.1419966,4842.0641316,4867.28625,3734.2539059,3732.9853853,3785.895993,6338.5635757,6357.0415927,6381.366214,4227.8718502,4247.5022628,4260.574268,2110.6917254,2109.5393299,2120.791946,2217.8323268,2218.0079243,2271.81603,594.2701464,594.5618688,606.7119823,1623.5621805,1623.4460554,1665.104047,58.2898616,58.4129767,58.9452145,66.9053882,67.1758031,67.5257192,49.9791999,49.9596946,50.6678136,701.7166734,708.7246334,716.0703934,412.8597083,413.5216434,418.9755448,288.8569651,295.20299,297.0948486,563.9117312,570.6376236,568.8957837,363.7667094,365.4316756,366.864865,200.1450218,205.205948,202.0309187,137.8049422,138.0870098,147.1746097,49.0929989,48.0899678,52.1106798,88.7119433,89.997042,95.06393,7.5794787,7.6340142,7.6427696,7.8865248,7.8682313,7.9257434,7.1799405,7.3284306,7.2764025,8.169703,8.2370676,8.1852423,7.9223725,7.9218927,7.9280322,8.6611493,8.8651633,8.6976464,5.8500069,5.8608424,6.0841331,7.6306825,7.4830515,7.9096672,5.1809428,5.2524091,5.4008442,9258.1125759,9283.7741503,9369.252636,5235.0017049,5255.585775,5286.261795,4023.110871,4028.1883753,4082.990842,63.0702584,63.2407874,63.8230642,72.6336598,72.9127466,73.3383268,53.8452573,53.9104873,54.6439256,5310.789363,1921.786205,3389.003158,14680.042,7208.048,7471.994
1998-10-01,8568.6476489,8585.4862949,8601.021357,4829.7223458,4837.7453873,4848.328184,3738.9253031,3747.7409076,3752.693173,6344.3531133,6351.7831064,6360.720387,4229.7947219,4241.0575163,4246.763849,2114.5583915,2110.7255901,2113.956539,2224.2945356,2233.7031884,2240.30097,599.927624,596.6878709,601.564335,1624.3669116,1637.0153175,1638.736635,58.3107719,58.4229308,58.5286446,66.9424872,67.0504189,67.1970949,49.9852329,50.1013514,50.1675553,692.8064268,677.4750987,640.4187194,407.454934,396.3994234,373.8797056,285.3514929,281.0756753,266.5390138,554.1659237,535.9445063,504.535653,357.897508,346.2222299,326.9274952,196.2684157,189.7222763,177.6081577,138.6405032,141.5305924,135.8830664,49.557426,50.1771935,46.9522104,89.0830772,91.353399,88.930856,7.4805362,7.3138068,6.9298585,7.7800485,7.573337,7.1594183,7.0907521,6.9766312,6.6315903,8.0331144,7.7811513,7.3491163,7.8012537,7.5474409,7.1480008,8.4934282,8.2471887,7.750519,5.8673007,5.9585963,5.7185413,7.6302643,7.75698,7.2399402,5.1990474,5.2855272,5.1474521,9261.4540757,9262.9613936,9241.440076,5237.1772798,5234.1448107,5222.207889,4024.2767959,4028.8165829,4019.232187,63.0254105,63.033046,62.8865967,72.5900264,72.5444549,72.379011,53.8000619,53.8588873,53.7307592,5453.964924,1992.878111,3461.086813,14695.405,7215.086,7480.319
1998-11-01,8578.1966388,8564.6700405,8554.294864,4836.6294455,4837.2481856,4822.150785,3741.5671933,3727.4218549,3732.144079,6348.6505471,6328.9531293,6324.070326,4231.5483277,4227.5190777,4223.497771,2117.1022194,2101.4340516,2100.572555,2229.5460917,2235.7169112,2230.224538,605.0811178,609.7291079,598.6530141,1624.4649739,1625.9878033,1631.571524,58.309273,58.2203864,58.1498586,66.9653075,66.9781471,66.7691035,49.9610287,49.7743097,49.8373682,683.3758797,707.1042594,665.3496727,401.382759,410.5059914,389.1073916,281.9931207,296.5982679,276.2422811,543.9394706,552.5368482,525.6763511,351.5190529,357.232414,342.250814,192.4204177,195.3044342,183.4255371,139.4364091,154.5674112,139.6733216,49.8637061,53.2735774,46.8565776,89.5727031,101.2938338,92.816744,7.3786161,7.6264179,7.2166521,7.6628832,7.822508,7.4666689,7.0085471,7.3706954,6.8916082,7.8916557,8.02932,7.6743911,7.6699517,7.7917509,7.4960504,8.3316099,8.5035556,8.0308971,5.8859198,6.4664864,5.8936431,7.6134209,8.0351978,7.2588507,5.2258305,5.8643496,5.3825896,9261.5725185,9271.7742998,9219.644537,5238.0122044,5247.754177,5211.258177,4023.5603141,4024.0201228,4008.38636,62.9544394,63.0270961,62.6727316,72.5226321,72.6621496,72.1568138,53.7264739,53.7349492,53.526183,5491.130463,2010.870823,3480.25964,14710.775,7222.129,7488.646
1998-12-01,8585.2835786,8586.1681422,8696.544725,4842.7488305,4832.6368265,4892.957184,3742.5347481,3753.5313157,3803.587542,6351.9689213,6347.6802637,6460.381536,4233.9824837,4219.1103848,4284.299885,2117.9864376,2128.5698789,2176.081651,2233.3146573,2238.4878785,2236.16319,608.7663467,613.5264416,608.6572988,1624.5483105,1624.9614368,1627.505891,58.2870839,58.3056341,59.0551625,66.9719703,66.8491056,67.6835077,49.911724,50.0673381,50.7350246,674.541151,664.566318,659.091475,395.312779,391.6012924,387.2899901,279.228372,272.9650256,271.8014849,534.1272922,529.2871132,525.3095575,345.1991893,343.2589108,337.0631633,188.928103,186.0282023,188.2463943,140.4138588,135.2792048,133.7819174,50.1135898,48.3423815,50.2268268,90.3002691,86.9368233,83.5550907,7.2845996,7.1839303,7.04486,7.5469288,7.4958546,7.3346943,6.9429343,6.7792195,6.6693384,7.7566051,7.6965192,7.5197937,7.5384471,7.5236985,7.2935876,8.1896446,8.0371709,7.9619406,5.9153293,5.698925,5.6449374,7.6058758,7.3039218,7.6230136,5.2657867,5.0783873,4.8832328,9259.8247296,9250.7344602,9355.6362,5238.0616095,5224.2381189,5280.247174,4021.7631201,4026.4963414,4075.389027,62.8666689,62.8184692,63.5308198,72.4388811,72.2660648,73.0408292,53.6356091,53.7083447,54.360511,5370.5018,1948.924826,3421.576973,14726.138,7229.172,7496.966
1999-01-01,8591.240585,8586.0894452,8477.42116,4848.5883362,4845.9575426,4819.763737,3742.6522488,3740.1319026,3657.657424,6355.9160884,6364.1238519,6373.096415,4238.1346972,4235.6996134,4237.861171,2117.7813911,2128.4242386,2135.235244,2235.3244967,2221.9655933,2104.324745,610.453639,610.2579292,581.9025653,1624.8708577,1611.7076641,1522.42218,58.2549243,58.2239997,57.4870982,66.9712181,66.9401328,66.578302,49.8498202,49.8192106,48.7206362,666.8565944,658.1233551,702.5281191,389.5659924,381.7174828,415.4453431,277.2906021,276.4058723,287.082776,524.9956066,525.1842515,570.8151952,339.0817724,336.921216,367.2889769,185.9138341,188.2630355,203.5262184,141.8609879,132.9391035,131.7129239,50.4842199,44.7962667,48.1563663,91.3767679,88.1428368,83.5565576,7.2029552,7.1193012,7.652854,7.437085,7.3018594,7.9356017,6.8978742,6.8816948,7.2776092,7.629739,7.6231785,8.2203695,7.4080344,7.3682299,7.9756135,8.0702444,8.1263897,8.7023077,5.9676028,5.645201,5.8904609,7.6382703,6.8385589,7.6431527,5.3242182,5.1853288,5.2028433,9258.0971794,9244.2128003,9179.949279,5238.1543286,5227.6750253,5235.20908,4019.9428508,4016.5377749,3944.7402,62.776702,62.6868665,62.2510827,72.3521057,72.2130265,72.317099,53.54316,53.5009852,52.5446289,5566.700721,2004.03192,3562.6688,14746.65,7239.241,7507.409
1999-02-01,8597.8896958,8594.389037,8556.474181,4854.7113353,4856.1831649,4845.409717,3743.1783606,3738.2058721,3711.064464,6361.1748624,6361.8349046,6377.318526,4244.0184052,4249.498362,4262.799164,2117.1564572,2112.3365426,2114.519362,2236.7148334,2232.5541324,2179.155655,610.6929301,606.6848029,582.6105527,1626.0219033,1625.8693295,1596.545103,58.2279964,58.199324,57.9425729,66.9742217,66.9882769,66.8396633,49.7943408,49.7243347,49.363309,659.6108373,658.3645556,735.7690122,383.9221386,383.9205165,418.5843148,275.6886987,274.4440391,317.1846973,516.2433941,512.7424097,568.4922358,332.8638939,333.2178796,363.0434343,183.3795002,179.5245301,205.4488016,143.3674432,145.6221459,167.2767763,51.0582448,50.7026369,55.5408805,92.3091985,94.919509,111.7358958,7.1251504,7.1153365,7.918099,7.3286696,7.3265824,7.9518387,6.8598611,6.8394713,7.8740089,7.5063545,7.45853,8.1846779,7.2727213,7.2711873,7.848158,7.9711643,7.8331332,8.8556733,6.0236339,6.1232696,7.1289833,7.7156259,7.712748,8.7034014,5.3720263,5.5160463,6.5408382,9257.5005331,9252.7535926,9292.243194,5238.6334739,5240.1036814,5263.994032,4018.8670593,4012.6499112,4028.249162,62.6951178,62.6576248,62.9250398,72.2707027,72.2842414,72.6137952,53.4617421,53.3748954,53.5823913,5474.919806,1985.308968,3489.610838,14767.163,7249.303,7517.86
1999-03-01,8606.976377,8620.9343473,8618.891695,4861.8230623,4880.3423133,4879.024188,3745.1533148,3740.592034,3739.867507,6368.2847268,6379.6406052,6358.397205,4251.6103251,4270.9932762,4261.028229,2116.6744018,2108.6473289,2097.368976,2238.6916502,2241.2937422,2260.49449,610.2127372,609.3490371,617.9959585,1628.478913,1631.9447051,1642.498531,58.2209989,58.2981053,58.2842921,66.9944904,67.2281335,67.2099759,49.7613045,49.6870746,49.6774505,652.3213652,650.1796066,683.5448656,378.4737568,371.5301216,381.3512961,273.8476085,278.6494849,302.1935696,507.5608663,500.1979666,512.2945947,326.7042129,318.0718183,320.9485169,180.8566534,182.1261484,191.3460778,144.7604989,149.9816399,171.250271,51.7695439,53.4583034,60.4027792,92.990955,96.5233365,110.8474918,7.0450415,7.012961,7.3480196,7.2223725,7.0742412,7.2495071,6.813823,6.9328873,7.4762247,7.3817956,7.2704899,7.4562302,7.1359058,6.931081,7.0045863,7.8717828,7.9504216,8.360415,6.0735643,6.2720355,7.0422798,7.8203821,8.0654362,8.9037281,5.4018346,5.5843287,6.3220545,9259.2977423,9271.1139539,9302.43656,5240.2968191,5251.872435,5260.375484,4019.0009232,4019.2415189,4042.061077,62.6335591,62.6948723,62.9066879,72.2097474,72.3460688,72.4632008,53.3998776,53.3884346,53.6915516,5485.23844,1998.999516,3486.238923,14787.675,7259.375,7528.3
1999-04-01,8618.7873101,8622.7353409,8631.905028,4869.8528246,4870.894506,4876.3132,3748.9344855,3751.8408349,3755.591828,6377.7229136,6380.9779191,6356.554938,4260.8807178,4262.0677249,4253.092668,2116.8421958,2118.9101943,2103.46227,2241.0643965,2241.7574217,2275.35009,608.9721068,608.8267811,623.2205321,1632.0922896,1632.9306406,1652.129558,58.2372933,58.2591823,58.321137,67.0331164,67.0414865,67.1160677,49.7563598,49.7911699,49.8409499,645.7319298,647.0035943,652.7793847,373.8809275,374.8378995,375.0370229,271.8510023,272.1656947,277.7423618,499.5809387,504.6882985,503.6718783,321.3150569,323.5428835,321.1242663,178.2658817,181.1454149,182.547612,146.1509911,142.3152958,149.1075064,52.5658706,51.295016,53.9127566,93.5851206,91.0202798,95.1947498,6.9699454,6.9797391,7.0307116,7.1300517,7.145578,7.1417256,6.7611417,6.76355,6.8861728,7.2641976,7.3295493,7.3419129,7.0122507,7.0556118,7.0203113,7.7672108,7.8756972,7.9854253,6.1222373,5.9694193,6.1501388,7.9460095,7.7705381,7.961912,5.4230947,5.2797489,5.4480298,9264.5192399,9269.7389351,9284.684413,5243.7337521,5245.7324055,5251.350223,4020.7854878,4024.0065296,4033.33419,62.600515,62.6306374,62.731616,72.1795561,72.2006395,72.2779614,53.3644026,53.4031164,53.526905,5515.961587,2014.142777,3501.81881,14800.646,7265.493,7535.153
1999-05-01,8633.5160882,8610.8613705,8606.520123,4878.041328,4861.7443141,4856.174321,3755.4747603,3749.1170563,3750.345801,6389.7589829,6361.5158779,6327.783138,4270.8888975,4251.8111034,4237.588769,2118.8700855,2109.7047745,2090.194369,2243.7571053,2249.3454926,2278.736985,607.1524305,609.9332107,618.5855525,1636.6046748,1639.4122819,1660.151432,58.2775208,58.1280219,58.0987161,67.0791722,66.8593843,66.782785,49.7913629,49.709727,49.726019,640.7919372,650.6361164,649.0186814,370.8171025,378.3675332,375.8515821,269.9748347,272.2685832,273.1670993,493.3998117,496.9779069,493.5694644,317.3958681,321.2012757,318.648958,176.0039437,175.7766312,174.9205064,147.3921254,153.6582095,155.4492169,53.4212344,57.1662575,57.2026241,93.970891,96.491952,98.2465929,6.9093234,7.0251719,7.0122193,7.0647191,7.2206003,7.183672,6.7067002,6.7705166,6.7892686,7.1682178,7.2461669,7.2356539,6.9175277,7.0238444,6.993686,7.6694381,7.6910112,7.722368,6.1640705,6.3944225,6.3860857,8.0870972,8.5693754,8.464579,5.4300369,5.5585988,5.5872784,9274.3080254,9261.4974868,9255.538804,5248.8584305,5240.1118474,5232.025903,4025.449595,4021.3856395,4023.512901,62.602962,62.5201714,62.479947,72.1783714,72.0627473,71.9515482,53.3707812,53.3197495,53.347955,5558.076196,2039.570097,3518.506099,14813.615,7271.596,7542.019
1999-06-01,8650.4955384,8662.0134742,8673.209473,4885.6864724,4895.7248614,4897.753551,3764.8090661,3766.2886127,3775.455922,6403.9542056,6404.6586598,6368.188704,4280.8358598,4272.5497325,4256.351609,2123.1183458,2132.1089274,2111.837095,2246.5413328,2257.3548143,2305.020769,604.8506125,623.1751289,641.401942,1641.6907203,1634.1796854,1663.618827,58.3347446,58.4221713,58.4976843,67.1203224,67.2700822,67.2979576,49.8645925,49.8920781,50.0135175,637.9438389,617.3884009,600.5734614,369.326703,356.9276314,348.5769043,268.6171359,260.4607695,251.9965571,489.6870947,487.9421657,477.8439372,315.0837078,312.7735952,308.2525705,174.6033869,175.1685705,169.5913667,148.2567442,129.4462352,122.7295242,54.2429952,44.1540362,40.3243339,94.013749,85.292199,82.4051904,6.8681488,6.6533211,6.4760354,7.0280833,6.7951884,6.6442041,6.6597756,6.4682637,6.2569716,7.1034606,7.0792169,6.9798665,6.8557272,6.8211895,6.7531063,7.5989788,7.5920027,7.4335606,6.1907827,5.4234196,5.0552779,8.229938,6.6165303,5.915033,5.4164606,4.9603718,4.7195909,9288.4393773,9279.4018751,9273.782935,5255.0131754,5252.6524928,5246.330456,4033.426202,4026.7493823,4027.452479,62.6367283,62.5862345,62.5483367,72.1941902,72.1744736,72.0876052,53.4224048,53.3424055,53.3517195,5552.803065,2031.384544,3521.418521,14826.586,7277.715,7548.871
1999-07-01,8669.6520014,8680.1255961,8706.657946,4892.4651633,4895.9520237,4911.50006,3777.1868381,3784.1735724,3795.157886,6420.0535291,6423.9691862,6460.82555,4290.4418712,4289.9595058,4308.87043,2129.6116578,2134.0096804,2151.95512,2249.5984723,2256.1564099,2245.832396,602.0232921,605.992518,602.6296293,1647.5751803,1650.163892,1643.202766,58.4058568,58.4789757,58.6577271,67.1493158,67.2003864,67.4137941,49.9769589,50.0713997,50.2167419,636.4254334,620.8888072,575.4814914,368.9320117,360.6810411,337.3188126,267.4934218,260.2077662,238.1626788,487.9323582,476.3057814,445.538255,313.9895088,308.8131144,291.7341834,173.9428495,167.492667,153.8040716,148.4930752,144.5830258,129.9432364,54.9425029,51.8679266,45.5846291,93.5505723,92.7150991,84.3586073,6.8388151,6.6754956,6.1998798,7.012054,6.861446,6.4265661,6.6134627,6.4338089,5.9048785,7.0633086,6.9027073,6.4511263,6.8192896,6.7151203,6.341214,7.5510629,7.2775362,6.6704308,6.1921354,6.0224372,5.4695079,8.363069,7.8843358,7.0323398,5.3729934,5.3196521,4.8831033,9306.0774348,9301.0144033,9282.139437,5261.397175,5256.6330648,5248.818872,4044.6802599,4044.3813386,4033.320565,62.6933383,62.661973,62.5348102,72.2129251,72.1509875,72.0437322,53.5162352,53.5144149,53.368061,5561.016563,2036.782128,3524.234435,14843.156,7285.601,7557.555
1999-08-01,8690.28078,8688.1882234,8603.623589,4898.6157574,4902.9128899,4862.097649,3791.6650226,3785.2753335,3741.52594,6436.1374607,6438.0402463,6356.902475,4298.8641782,4306.6462034,4260.891991,2137.2732825,2131.3940429,2096.010484,2254.1433193,2250.1479771,2246.721114,599.7515792,596.2666865,601.2056585,1654.3917401,1653.8812906,1645.515456,58.4842703,58.4680283,57.8989422,67.1674585,67.2232676,66.6636546,50.1142759,50.0284267,49.450209,635.9683251,644.5145906,619.6948093,369.5157269,376.7948896,363.3023557,266.4525983,267.719701,256.3924536,487.7426008,484.9598959,468.8461308,313.9460387,312.9961557,305.8896342,173.7965621,171.9637403,162.9564966,148.2257243,159.5546946,150.8486785,55.5696882,63.7987339,57.4127215,92.6560362,95.7559607,93.435957,6.8191222,6.90598,6.7187837,7.0141705,7.1366618,6.9526229,6.5659161,6.6054781,6.4131488,7.0443537,7.005054,6.868787,6.8059604,6.7753331,6.6981445,7.5201778,7.465785,7.2137618,6.1699814,6.6213436,6.2917325,8.4797627,9.6655168,8.7171454,5.3035777,5.4729036,5.3731206,9326.2491051,9332.7028139,9223.318399,5268.1314843,5279.7077795,5225.400005,4058.1176209,4052.9950345,3997.918393,62.7642406,62.8053535,62.0692402,72.23408,72.3894585,71.6448509,53.6359686,53.5667678,52.8388425,5636.406601,2068.075995,3568.330606,14859.725,7293.476,7566.249
1999-09-01,8711.9052925,8701.6528522,8777.065178,4904.6693117,4901.7319305,4925.195992,3807.2359809,3799.9209217,3851.869185,6450.4455864,6444.8035207,6466.873856,4305.1842841,4308.0884948,4320.541139,2145.2613023,2136.7150259,2146.332717,2261.4597061,2256.8493315,2310.191322,599.4850276,593.6434357,604.6548534,1661.9746786,1663.2058958,1705.536469,58.5662851,58.4934142,59.0003437,67.1814506,67.1344595,67.4558249,50.2627927,50.1644361,50.8502281,635.2511235,659.1400546,668.8212084,370.0702581,379.0309978,386.304722,265.1808655,280.1090568,282.5164864,487.5250185,502.4108356,501.6565239,313.8842955,318.2117593,320.4124512,173.640723,184.1990763,181.2440727,147.726105,156.729219,167.1646844,56.1859626,60.8192384,65.8922708,91.5401424,95.9099806,101.2724137,6.7961966,7.0414981,7.0805553,7.0158963,7.1775803,7.2729864,6.5116336,6.8653676,6.8333365,7.026911,7.2318315,7.1988855,6.7954024,6.8783205,6.9040219,7.4880578,7.9364883,7.7868139,6.1317854,6.4936448,6.7477054,8.5692311,9.2930034,9.8266428,5.2203803,5.4521696,5.6050429,9347.1564161,9360.7929068,9445.886386,5274.7395697,5280.7629283,5311.500714,4072.4168463,4080.0299785,4134.385672,62.8367974,62.9242221,63.4962293,72.2504686,72.3256943,72.7466811,53.763687,53.8622796,54.5798532,5430.408614,1989.864286,3440.544328,14876.295,7301.365,7574.93
1999-10-01,8733.4575947,8741.5383162,8755.2617,4910.9571843,4909.4457453,4919.099621,3822.5004104,3832.0925709,3836.162078,6462.3767767,6468.3599591,6474.746032,4309.1938915,4304.0339904,4308.312001,2153.1828852,2164.3259687,2166.434032,2271.080818,2273.1783571,2280.515667,601.7632928,605.4117549,610.7876207,1669.3175252,1667.7666022,1669.728046,58.6441413,58.6960826,58.7882298,67.1947288,67.1704666,67.3025498,50.4038419,50.5289999,50.5826594,633.5167138,635.4332757,600.3002602,369.6190948,368.7982,348.0504819,263.897619,266.6350756,252.2497783,486.4355004,490.7364217,461.5104024,312.9535699,312.3941376,295.1705434,173.4819305,178.3422841,166.339859,147.0812134,144.6968539,138.7898578,56.6655249,56.4040624,52.8799386,90.4156885,88.2927915,85.9099193,6.7633015,6.7765298,6.4165067,6.9995977,6.9871382,6.6079469,6.4579519,6.5053133,6.169872,7.0002683,7.0517262,6.6535949,6.7707396,6.7670097,6.4118967,7.4562494,7.6127844,7.1305607,6.0823556,5.9844633,5.7367644,8.6061733,8.5226223,7.9678354,5.1380339,5.0278932,4.8933733,9366.9743085,9376.9715919,9355.56196,5280.5762791,5278.2439453,5267.150103,4086.3980295,4098.7276466,4088.411857,62.8981316,62.9627737,62.8190162,72.252084,72.2163208,72.0645361,53.8836201,54.0447823,53.9087609,5537.32004,2041.784897,3495.535143,14892.882,7308.935,7583.947
1999-11-01,8754.6244746,8751.5345822,8763.667477,4918.0658853,4917.7024307,4911.188075,3836.5585892,3833.8321516,3852.479402,6472.5812349,6473.4909252,6467.293215,4311.6042217,4315.9574731,4310.757006,2160.9770132,2157.5334521,2156.536209,2282.0432397,2278.043657,2296.374262,606.4616637,601.7449575,600.4310691,1675.581576,1676.2986995,1695.943193,58.7152675,58.6978248,58.7792019,67.2140996,67.2139752,67.1249386,50.5256555,50.4917851,50.7373704,630.6331368,602.4328709,565.6957447,367.5073491,345.0589133,326.7199563,263.1257877,257.3739575,238.9757884,483.8812384,468.8344867,445.7423614,310.512776,297.2327896,284.6922103,173.3684623,171.6016971,161.0501511,146.7518985,133.5983842,119.9533833,56.9945731,47.8261237,42.0277461,89.7573254,85.7722605,77.9256373,6.7194015,6.4403995,6.0636051,6.9530273,6.5566134,6.2376039,6.4181962,6.2909067,5.8408507,6.9558521,6.7532773,6.4478529,6.7179774,6.4431071,6.1950899,7.4268554,7.3676144,6.9490464,6.0421687,5.539727,4.9642847,8.590555,7.3627237,6.5417028,5.0844246,4.8676962,4.3929763,9385.2576114,9353.9674531,9329.363222,5285.5732345,5262.761344,5237.908032,4099.684377,4091.2061091,4091.45519,62.94478,62.7384304,62.5734062,72.2367399,71.9301575,71.5904684,53.9908972,53.8814146,53.884695,5580.106778,2078.579968,3501.52681,14909.47,7316.488,7592.982
1999-12-01,8775.2922992,8785.9614608,8900.677203,4925.9442049,4922.8653613,4986.555394,3849.3480943,3863.0960994,3914.12181,6481.6498811,6488.856785,6606.935225,4313.147368,4311.2092385,4379.134399,2168.5025131,2177.6475465,2227.800826,2293.6424182,2297.1046757,2293.741978,612.7968369,611.6561228,607.4209943,1680.8455812,1685.4485529,1686.320984,58.7787949,58.8632447,59.631805,67.238092,67.2150428,68.0846438,50.627806,50.8168122,51.4880262,626.7539403,629.3820377,625.7150634,363.4397168,369.7378703,366.1793792,263.3142235,259.6441674,259.5356842,479.9286305,487.4924562,484.4515509,306.2828131,314.4871963,308.5611221,173.6458174,173.0052599,175.8904289,146.8253098,141.8895815,141.2635125,57.1569037,55.250674,57.6182572,89.6684062,86.6389075,83.6452553,6.666144,6.6846423,6.5682269,6.8711162,6.9859359,6.8409775,6.4025248,6.2978541,6.2184232,6.8939628,6.9877874,6.8315488,6.6303159,6.7986994,6.5823627,7.4139547,7.3598815,7.3175134,6.0162775,5.8175447,5.8013632,8.5314702,8.284617,8.6638882,5.064541,4.8890876,4.7258108,9402.0462396,9415.3434984,9526.392267,5289.3839218,5292.6032316,5352.734773,4112.6623178,4122.7402668,4173.657494,62.9769276,63.0799112,63.8239038,72.1989669,72.2633115,73.084326,54.0909953,54.2322823,54.9020692,5399.664733,1971.318227,3428.346506,14926.057,7324.053,7602.004
2000-01-01,8795.6607811,8738.0339264,8628.197875,4934.6509239,4913.522507,4883.144798,3861.0098572,3824.5114194,3745.053077,6491.0008002,6454.5116995,6458.724642,4315.1885686,4284.9138889,4283.796907,2175.8122316,2169.5978105,2174.927735,2304.6599809,2283.522227,2169.473234,619.4623553,628.6086181,599.3478913,1685.1976256,1654.9136089,1570.125342,58.837739,58.4564384,57.7216479,67.2691548,66.986926,66.5727813,50.7138072,50.2372872,49.1935534,622.255363,634.3395991,674.7543041,357.9681059,361.6527172,394.0207296,264.2872571,272.6868819,280.7335745,475.1435597,473.3130742,516.1598088,300.9625561,304.5886493,333.5740742,174.1810036,168.7244249,182.5857346,147.1118034,161.026525,158.5944954,57.0055498,57.0640679,60.4466554,90.1062536,103.9624571,98.14784,6.6071449,6.7681852,7.2531202,6.7635343,6.8557479,7.4665221,6.4065024,6.6554475,6.9733843,6.8207539,6.832059,7.4002632,6.5197726,6.6366376,7.2243291,7.4119789,7.2156191,7.7448438,6.0002242,6.5871677,6.8122801,8.4269408,8.3223481,9.161436,5.0755397,5.9107324,5.8831995,9417.9161441,9372.3735256,9302.952179,5292.6190298,5275.1752242,5277.165528,4125.2971143,4097.1983014,4025.786651,63.0002573,62.7000971,62.2356763,72.1489755,71.9174018,71.944536,54.1851821,53.8191955,52.8811599,5644.988821,2057.881472,3587.107349,14947.941,7335.047,7612.894
2000-02-01,8818.1303036,8789.0649022,8754.40422,4945.0938801,4944.6393249,4934.863764,3873.0364235,3844.4255773,3819.540456,6503.0874989,6475.9110477,6496.902455,4319.5416285,4319.8754389,4335.064747,2183.5458704,2156.0356088,2161.837708,2315.0428047,2313.1538545,2257.501766,625.5522516,624.763886,599.7990173,1689.4905531,1688.3899685,1657.702748,58.9111042,58.7118904,58.4803534,67.3232612,67.3104345,67.1773616,50.8056525,50.4266387,50.1002251,617.1217917,623.0071956,699.2381039,352.0885352,347.7998179,380.9008661,265.0332566,275.2073777,318.3372378,469.6253626,460.3112839,512.7026316,295.4172414,288.5483516,315.9465022,174.2081212,171.7629323,196.7561294,147.4964292,162.6959117,186.5354723,56.6712938,59.2514663,64.9543639,90.8251354,103.4444454,121.5811084,6.5405967,6.6192353,7.3964942,6.6467134,6.5716357,7.1654953,6.4047558,6.6803859,7.6932491,6.7351886,6.6363398,7.314287,6.4012974,6.2613241,6.7930711,7.3887319,7.3787714,8.3420946,5.9896073,6.571316,7.632268,8.3068511,8.6623006,9.7711972,5.1016309,5.7731029,6.8331485,9435.2520953,9412.0720977,9453.642324,5297.1824153,5292.4391428,5315.764631,4138.0696801,4119.632955,4137.877694,63.0338972,62.8736449,63.1513385,72.1166482,72.0449672,72.3624927,54.2823014,54.0364844,54.2757973,5516.178676,2030.257369,3485.921306,14969.821,7346.022,7623.799
2000-03-01,8843.9548276,8837.0313948,8830.676211,4956.9043038,4951.5863489,4950.089742,3887.0505238,3885.4450459,3880.586469,6519.2303406,6521.4421103,6498.207156,4326.4190529,4326.0825615,4316.423172,2192.8112876,2195.3595488,2181.783983,2324.724487,2315.5892845,2332.469056,630.4852509,625.5037875,633.6665695,1694.2392362,1690.0854971,1698.802486,59.010356,58.9461398,58.9037485,67.3995649,67.3043766,67.284034,50.9268288,50.8919151,50.8282771,610.8828807,620.9445754,652.8376317,346.7628174,347.8571677,356.6062106,264.1200633,273.0874078,296.2314211,463.5446848,475.5595533,487.3589919,290.5135517,293.2400628,295.2176146,173.0311331,182.3194905,192.1413773,147.3381958,145.3850222,165.4786398,56.2492656,54.6171049,61.388596,91.0889302,90.7679173,104.0900438,6.4610615,6.5653008,6.8839213,6.5381708,6.564032,6.7199292,6.3625442,6.5669178,7.0922752,6.6384021,6.7966191,6.976657,6.2923498,6.3481183,6.4015744,7.3137218,7.6679605,8.0938255,5.9601319,5.9076205,6.6245839,8.1908313,8.0304995,8.8321905,5.1020833,5.0968775,5.7735024,9454.8377083,9457.9759702,9483.513843,5303.6671212,5299.4435166,5306.695952,4151.1705871,4158.5324536,4176.817891,63.0864076,63.0880608,63.2584075,72.1145365,72.0326208,72.1311995,54.3872411,54.468839,54.7083434,5508.191157,2050.309048,3457.88211,14991.705,7357.005,7634.7
2000-04-01,8873.8626453,8873.9324817,8882.189323,4969.7093004,4969.9873857,4975.173871,3904.153345,3903.9450961,3907.015452,6540.1071814,6534.7918333,6506.907667,4335.3562819,4330.4000067,4320.23916,2204.7508995,2204.3918267,2186.668507,2333.7554639,2339.1406484,2375.281656,634.3530184,639.587379,654.9347115,1699.4024455,1699.5532694,1720.346945,59.1419533,59.1375744,59.1925995,67.4955585,67.4932376,67.5636709,51.0926019,51.0861066,51.1262846,602.8541592,604.3890947,612.1574975,342.4788507,338.8932487,341.1915315,260.3753085,265.4958459,270.965966,456.8206666,456.267526,456.6322558,286.8139463,281.5704769,280.4576425,170.0067203,174.6970491,176.1746133,146.0334926,148.1215687,155.5252417,55.6649043,57.3227719,60.733889,90.3685882,90.7987968,94.7913528,6.3614242,6.3765414,6.4475999,6.4470392,6.3835161,6.4177592,6.2522156,6.3676605,6.4855714,6.5288749,6.5264433,6.5574731,6.2051792,6.1052099,6.0959819,7.1589083,7.3430232,7.4560436,5.8889484,5.9552052,6.1452828,8.0671679,8.2252743,8.4863146,5.0491703,5.071561,5.2222661,9476.7168045,9478.3215764,9494.346821,5312.188151,5308.8806344,5316.365403,4164.5286535,4169.440942,4177.981418,63.1598173,63.1653383,63.2721336,72.1468973,72.095463,72.1971074,54.5000633,54.5603228,54.6720814,5511.227179,2047.316597,3463.910582,15005.574,7363.682,7641.892
2000-05-01,8906.2263443,8870.0486145,8864.999781,4982.9308949,4965.0936603,4959.784604,3923.2954493,3904.9549543,3905.215177,6564.0513849,6525.4861421,6490.430122,4345.3378505,4329.096745,4314.35905,2218.7135344,2196.3893971,2176.071071,2342.1749594,2344.5624724,2374.569659,637.5930445,635.9969153,645.4255536,1704.5819149,1708.5655571,1729.144106,59.294529,59.0571194,59.0235041,67.6033027,67.3654861,67.2934538,51.2883861,51.0514491,51.0548512,593.2423872,607.9703705,607.3043193,339.4930523,341.9792417,339.7701843,253.749335,265.9911288,267.534135,449.7011749,469.785127,466.7672537,284.646798,289.0172096,286.5065247,165.0543769,180.7679175,180.260729,143.5412124,138.1852435,140.5370656,54.8462543,52.9620321,53.2636596,88.6949581,85.2232114,87.273406,6.2450059,6.41453,6.4113685,6.3785421,6.4438392,6.4112968,6.0748531,6.3772373,6.4114596,6.4117057,6.7157528,6.7091277,6.1478994,6.2583386,6.2272309,6.9240959,7.6043734,7.6500571,5.7746421,5.565819,5.5877178,7.920731,7.6872551,7.6233694,4.9459712,4.7510171,4.8046997,9499.4687315,9478.018985,9472.3041,5322.4239472,5307.0729019,5299.554788,4177.0447843,4170.9460831,4172.749312,63.2441286,63.1050091,63.0669592,72.2091967,72.0053981,71.9033937,54.6055958,54.5288856,54.5524601,5547.1359,2070.827212,3476.308688,15019.44,7370.382,7649.058
2000-06-01,8935.8710703,8910.2370979,8921.98407,4994.3686241,4979.0085447,4980.803499,3941.5024463,3931.2285532,3941.180571,6586.4569543,6589.3040482,6551.682882,4354.0725751,4361.4205825,4344.640357,2232.3843792,2227.8834658,2207.042525,2349.414116,2320.9330496,2370.301189,640.296049,617.5879623,636.163142,1709.1180671,1703.3450874,1734.138047,59.4313454,59.2699658,59.3481054,67.6904527,67.4932011,67.5175327,51.4732693,51.3466117,51.4765971,584.1276361,580.3508231,564.3245278,337.9906941,335.5906194,327.3312013,246.136942,244.7602037,236.9933265,443.4506939,433.9755684,425.4078255,284.1347228,282.2454687,278.4784237,159.3159711,151.7300997,146.9294018,140.6769422,146.3752547,138.9167023,53.8559713,53.3451507,48.8527776,86.8209709,93.030104,90.0639247,6.1357953,6.1150145,5.9488316,6.3384831,6.3145048,6.1665956,5.8777015,5.8611318,5.6721748,6.3080586,6.1791014,6.0972093,6.12596,6.0780742,6.0236052,6.6612011,6.3762496,6.2417653,5.6494698,5.9325887,5.5362551,7.7585269,7.9508895,7.1316266,4.8342939,5.178768,4.9371685,9519.9987064,9490.587921,9486.308598,5332.3593182,5314.5991641,5308.1347,4187.6393883,4175.9887569,4178.173898,63.3163042,63.1303988,63.1019332,72.2713607,72.0423167,71.9546873,54.6876458,54.5434768,54.5720173,5547.000402,2068.9173,3478.083102,15033.309,7377.052,7656.257
2000-07-01,8957.9738096,8992.0894799,9020.015797,5002.165267,5015.1355723,5030.611895,3955.8085426,3976.9539076,3989.403903,6602.9359616,6624.6029171,6661.410486,4359.587635,4369.6934624,4388.190014,2243.3483266,2254.9094548,2273.220472,2355.037848,2367.4865627,2358.605311,642.577632,645.4421099,642.4218804,1712.460216,1722.0444528,1716.183431,59.5176837,59.7463402,59.9318917,67.7287878,67.9070722,68.1166282,51.6062657,51.8835622,52.0459856,577.8770082,569.3110621,525.5750459,338.0033752,335.1323152,311.654172,239.873633,234.1787469,213.9208739,439.7163332,432.3167346,402.9785566,285.0798012,280.4619375,263.78553,154.636532,151.854797,139.1930266,138.160675,136.9943275,122.5964893,52.9235739,54.6703776,47.868642,85.237101,82.3239499,74.7278473,6.0600467,5.9542643,5.5059457,6.3294513,6.2638418,5.8337449,5.7171545,5.5609444,5.0893254,6.2436184,6.1261394,5.7043653,6.1377872,6.031238,5.670398,6.4486034,6.3095003,5.769866,5.5415032,5.469969,4.9410124,7.6094151,7.8087991,6.9345646,4.7414601,4.5624801,4.1726158,9535.8508178,9561.4005419,9545.590843,5340.1686422,5350.2678874,5342.266067,4195.6821756,4211.1326545,4203.324777,63.357157,63.5290264,63.4239817,72.3053177,72.4449065,72.3365585,54.7355835,54.9386712,54.8368092,5504.853157,2043.025933,3461.827223,15050.444,7385.292,7665.152
2000-08-01,8968.5834219,8989.0515916,8911.58789,5004.7557043,4995.1004869,4954.735779,3963.8277176,3993.9511046,3956.852111,6609.740452,6604.2204754,6522.160538,4360.6129285,4353.1854602,4308.796749,2249.1275235,2251.0350151,2213.363789,2358.8429699,2384.8311162,2389.427352,644.1427758,641.9150267,645.9390303,1714.7001941,1742.9160895,1743.488322,59.5253376,59.6582344,59.1441259,67.6947964,67.5604733,67.0145266,51.6546552,52.0448658,51.5614317,575.1303438,579.016102,556.1381076,339.0353703,343.8491041,330.8452009,236.0949735,235.1669979,225.2929067,438.857608,443.0642949,426.4288504,286.8291274,291.1425296,283.2252777,152.0284806,151.9217654,143.2035727,136.2727358,135.951807,129.7092572,52.2062429,52.7065745,47.6199232,84.0664929,83.2452325,82.089334,6.026274,6.0515469,5.874041,6.3444728,6.4403887,6.2593914,5.6214124,5.5606628,5.387018,6.2261687,6.2870213,6.1369125,6.1717634,6.2687762,6.1677683,6.3314704,6.3222846,6.0767867,5.4615798,5.3932374,5.1489569,7.4971374,7.587811,6.8660239,4.6735629,4.5584819,4.4966224,9543.7137657,9568.0676935,9467.725998,5343.7910746,5338.949591,5285.58098,4199.9226911,4229.1181025,4182.145018,63.3425322,63.5010289,62.8350845,72.2806207,72.2111522,71.4893232,54.7313289,55.1093086,54.497206,5599.853002,2107.94402,3491.908982,15067.579,7393.525,7674.054
2000-09-01,8968.1052729,8985.6467453,9061.343432,5002.3707924,5012.1812499,5035.568214,3965.7344805,3973.4654954,4025.775217,6606.5049183,6628.934566,6649.30793,4356.973738,4364.8560108,4376.723007,2249.5311804,2264.0785552,2272.584923,2361.6003546,2356.7121793,2412.035502,645.3970544,647.325239,658.8452078,1716.2033002,1709.3869403,1753.190294,59.4560272,59.567896,60.0697065,67.5903665,67.7160828,68.0320477,51.6199684,51.7179327,52.3987869,575.8810808,569.81271,578.0955765,340.8301827,335.9194254,342.0282552,235.0508981,233.8932846,236.0673214,440.7751295,434.7859334,434.401196,289.0922443,284.7295956,286.5546451,151.6828852,150.0563378,147.8465509,135.1059513,135.0267766,143.6943805,51.7379384,51.1898297,55.4736101,83.368013,83.8369468,88.2207705,6.033968,5.9632162,5.9971911,6.378764,6.2810976,6.360244,5.5954036,5.5591476,5.5390906,6.2545426,6.1551973,6.1323974,6.2223017,6.1237628,6.1449192,6.3169247,6.2157396,6.1082725,5.4113674,5.4189776,5.6224401,7.4215093,7.3283787,7.7659455,4.6326596,4.675208,4.790933,9543.9863537,9555.4594553,9639.439008,5343.2009751,5348.1006752,5377.596469,4200.7853787,4207.35878,4261.842539,63.2739575,63.345314,63.9020336,72.1955503,72.2544557,72.6529528,54.6795076,54.7622468,55.4713979,5445.274992,2024.162531,3421.112461,15084.714,7401.759,7682.955
2000-10-01,8959.7265874,8960.4960676,8973.118411,4996.3775425,4997.5284266,5007.771795,3963.3490449,3962.967641,3965.346617,6595.116701,6588.6829137,6593.198559,4349.2626794,4346.6183384,4350.254134,2245.8540215,2242.0645754,2242.944425,2364.6098864,2371.8131538,2379.919852,647.114863,650.9100883,657.5176602,1717.4950233,1720.9030656,1722.402192,59.3296784,59.3334735,59.4170545,67.4322332,67.4453588,67.5836007,51.5251325,51.5194346,51.5503618,579.3627511,572.9550483,541.0934644,343.1593143,339.5051845,320.5513237,236.2034368,233.4498638,220.5421407,444.2967778,439.2400179,412.7695921,291.5773138,289.7133823,273.7736149,152.719464,149.5266356,138.9959772,135.0659733,133.7150304,128.3238723,51.5820005,49.7918023,46.7777088,83.4839728,83.9232281,81.5461635,6.0735646,6.0099437,5.6872127,6.4267618,6.3613087,6.0159888,5.6244907,5.5630753,5.2687052,6.3115596,6.2499265,5.8916852,6.2828564,6.248763,5.9206741,6.3670955,6.252182,5.8354095,5.4033395,5.3368001,5.1160847,7.3826008,7.1059894,6.6417743,4.6354773,4.6499338,4.5204267,9539.0893385,9533.4511159,9514.211876,5339.5368568,5337.0336111,5328.323118,4199.5524817,4196.4175047,4185.888757,63.1661131,63.1273943,62.9999984,72.0635884,72.0272335,71.9096789,54.5958722,54.5543332,54.4174572,5587.712124,2081.420882,3506.291243,15101.924,7409.744,7692.18
2000-11-01,8949.0223616,8903.0251867,8912.719473,4989.0741959,4981.0016752,4973.989623,3959.9481657,3922.0235115,3938.72985,6579.9439094,6573.6369674,6568.456564,4339.4389842,4337.4060955,4332.290062,2240.5049252,2236.2308718,2236.166502,2369.0784522,2329.3882194,2344.262909,649.6352118,643.5955797,641.6995609,1719.4432405,1685.7926397,1702.563348,59.1820964,58.8858183,58.9499376,67.2496693,67.1497919,67.0552612,51.4120806,50.9262036,51.14313,584.774956,594.7585233,557.3731459,345.8299377,347.8017985,328.7539752,238.9450183,246.9567248,228.6191707,447.9623772,456.0453225,433.4353805,294.0397409,296.1886838,283.5503521,153.9226363,159.8566387,149.8850284,136.8125788,138.7132008,123.9377654,51.7901967,51.6131148,45.2036231,85.0223821,87.1000861,78.7341423,6.1337045,6.2620769,5.8856145,6.4824021,6.5268273,6.1996959,5.6906668,5.9236722,5.4859617,6.3740517,6.4874244,6.1902609,6.3459823,6.3922008,6.1429843,6.4283689,6.6715693,6.281718,5.459638,5.6202391,5.0213812,7.3835644,7.4241181,6.5807852,4.7117762,4.9128797,4.4200445,9533.7973176,9497.78371,9470.092619,5334.9041336,5328.8034737,5302.743598,4198.893184,4168.9802363,4167.349021,63.0493577,62.819632,62.6364793,71.9112453,71.8385714,71.4872535,54.5143082,54.1328566,54.1116758,5649.040381,2115.003402,3534.036979,15119.133,7417.747,7701.386
2000-12-01,8942.2703433,8944.5631656,9059.553065,4983.0865294,4989.7481717,5054.150232,3959.1838139,3954.8149939,4005.402834,6566.6820583,6568.176474,6688.642329,4330.039855,4338.9109836,4407.576297,2236.6422034,2229.2654904,2281.066033,2375.5882849,2376.3866916,2370.910736,653.0466744,650.837188,646.573935,1722.5416106,1725.5495036,1724.336801,59.054347,59.0932907,59.8529847,67.0771342,67.1954073,68.06269,51.3279766,51.290526,51.9466065,592.02078,595.6989665,592.1527919,348.9267811,353.009787,349.3942127,243.093999,242.6891795,242.7585792,451.5159717,457.649911,454.1293773,296.5669546,297.9565625,291.8690412,154.9490171,159.6933485,162.2603361,140.5048084,138.0490555,138.0234146,52.3598264,55.0532245,57.5251715,88.1449819,82.995831,80.4982431,6.2093843,6.2440524,6.1352138,6.5439968,6.6072577,6.466019,5.784815,5.7817496,5.7144387,6.4335029,6.5138232,6.3578873,6.4100315,6.4258157,6.2107125,6.4789089,6.6846421,6.6409604,5.5842452,5.4902598,5.5012769,7.4226459,7.7991178,8.170039,4.8680419,4.5890932,4.4601441,9534.2911233,9540.262132,9651.705857,5332.0133104,5342.7579587,5403.544444,4202.2778129,4197.5041734,4248.161413,62.9640253,63.0288448,63.7651106,71.774024,71.9492817,72.7678747,54.4795159,54.4379945,55.0949751,5484.637143,2022.183556,3462.453587,15136.343,7425.728,7710.615
2001-01-01,8943.5475653,8953.6121625,8834.949496,4980.1142992,4995.5312261,4954.471682,3963.4332661,3958.0809364,3880.477814,6558.715089,6543.319241,6534.014304,4322.4305779,4313.3772952,4303.874815,2236.2845111,2229.9419458,2230.139488,2384.8324763,2410.2929215,2300.935193,657.6837212,682.1539309,650.5968671,1727.1487551,1728.1389906,1650.338326,58.9751593,59.049377,58.2667927,66.9396241,67.1555378,66.6035693,51.3052848,51.2427596,50.2380812,601.1711898,585.7668523,625.7377819,352.3892935,345.1027755,377.4900364,248.7818963,240.6640767,248.2477455,455.1787226,443.7852905,486.5754381,298.9516797,293.181859,323.1125257,156.2270429,150.6034315,163.4629124,145.9924672,141.9815617,139.1623438,53.4376138,51.9209165,54.3775106,92.5548534,90.0606452,84.7848331,6.2984694,6.1405135,6.6140838,6.6083274,6.4618316,7.0797589,5.9062011,5.7318098,6.0126967,6.4896723,6.3514906,6.9306918,6.4688802,6.3644436,6.9832161,6.5298344,6.3264256,6.8291589,5.7685723,5.5629425,5.7031468,7.5145564,7.0729731,7.7134024,5.0862598,4.9532869,4.886387,9544.7187551,9539.3790148,9460.687278,5332.5035927,5340.6340016,5331.961719,4212.2151624,4198.7450132,4128.725559,62.9393767,62.9125294,62.3935547,71.6762236,71.7947967,71.6782141,54.5256812,54.3584845,53.4519871,5702.236722,2106.786281,3595.450441,15162.924,7438.748,7724.176
2001-02-01,8952.3223773,8954.1783023,8920.935432,4979.990991,4985.0776651,4974.037992,3972.3313863,3969.1006372,3946.897441,6554.6380307,6556.3366843,6580.897343,4316.3203546,4314.5366912,4329.978436,2238.3176761,2241.7999931,2250.918907,2397.6843466,2397.841618,2340.038089,663.6706364,670.5409739,644.0595559,1734.0137102,1727.3006441,1695.978534,58.9447336,58.9497819,58.7309277,66.8394302,66.8977836,66.7496355,51.3423823,51.2954869,51.0085394,611.9803913,622.6870715,700.3642791,356.6114572,362.3630504,399.2162232,255.3689342,260.3240211,301.1480559,459.8121202,469.2993166,524.591027,301.5190874,307.1824388,338.4307489,158.2930329,162.1168779,186.1602782,152.1682711,153.3877549,175.7732521,55.0923698,55.1806116,60.7854743,97.0759013,98.2071432,114.9877778,6.3985886,6.5019925,7.2793105,6.6823688,6.7763828,7.4296917,6.0403745,6.1550694,7.0890968,6.5552126,6.6798126,7.382899,6.5294407,6.6464973,7.2493806,6.6048705,6.7438637,7.6386635,5.9677281,6.0123075,6.9867422,7.6648867,7.6035511,8.6239488,5.3015374,5.3797165,6.3495261,9564.3027686,9576.8653738,9621.299711,5336.6024481,5347.4407155,5373.254215,4227.7003205,4229.4246583,4248.045497,62.9741932,63.0492387,63.3417719,71.6257253,71.7605534,72.1069604,54.6430257,54.6598378,54.9004881,5568.202288,2078.528785,3489.673503,15189.502,7451.783,7737.719
2001-03-01,8966.240663,8963.9285694,8956.0495,4982.359704,4970.8730777,4970.290322,3983.8809589,3993.0554917,3985.759178,6551.1435012,6576.7525101,6552.555947,4310.9761066,4305.0891332,4296.007157,2240.1673946,2271.6633769,2256.54879,2415.0971617,2387.1760593,2403.493553,671.3835974,665.7839445,674.2831648,1743.7135644,1721.3921148,1729.210388,58.9520197,58.9108811,58.8590999,66.7771114,66.5908675,66.5830608,51.4171914,51.5147485,51.4206182,623.996427,618.9547823,650.1974321,361.6864535,360.013118,367.938116,262.3099735,258.9416643,282.2593161,466.079691,459.2876155,469.0304652,304.4997333,303.739731,304.9480958,161.5799577,155.5478845,164.0823694,157.9167359,159.6671668,181.1669669,57.1867202,56.273387,62.9900202,100.7300158,103.3937798,118.1769467,6.5065798,6.4589619,6.7684855,6.7680264,6.7533447,6.8925135,6.177536,6.0898833,6.6133574,6.6419391,6.5276435,6.6798361,6.5973638,6.5903886,6.6279301,6.7276001,6.4085021,6.7784953,6.1374226,6.2692185,7.0093138,7.8491696,7.7934791,8.5436472,5.4612685,5.6660773,6.3969772,9590.2370899,9582.8833517,9606.246932,5344.0461575,5330.8861957,5338.228438,4246.1909325,4251.997156,4268.018494,63.0547258,62.978648,63.1321933,71.6246892,71.4136794,71.5120376,54.8026445,54.855377,55.0620696,5609.836068,2126.568562,3483.267506,15216.083,7464.797,7751.286
2001-04-01,8982.6963699,9014.8547381,9023.643403,4986.8167526,4993.6439684,4999.589867,3995.8796173,4021.2107697,4024.053536,6545.2978476,6558.0860466,6528.057984,4305.8887636,4315.950645,4305.78495,2239.409084,2242.1354017,2222.273034,2437.3985222,2456.7686915,2495.585419,680.927989,677.6933234,693.804917,1756.4705333,1779.075368,1801.780502,58.9827918,59.1854567,59.2431572,66.7505013,66.8309942,66.9105695,51.5038385,51.823139,51.859775,649.607851,655.9267461,663.6269368,373.6730892,376.2024284,378.3419152,275.9347618,279.7243177,285.2850216,479.877162,483.0622259,483.8253083,311.7372303,316.1874402,315.634426,168.1399318,166.8747857,168.1908823,169.7306889,172.8645202,179.8016285,61.9358589,60.0149882,62.7074892,107.79483,112.849532,117.0941393,6.7440545,6.782562,6.850505,6.9708758,7.0058322,7.0350821,6.4594277,6.5038024,6.620158,6.8308215,6.8605603,6.9000765,6.7510281,6.8259502,6.8298157,6.9838633,6.92711,7.0359097,6.5102523,6.5737122,6.7205838,8.3374442,8.1353276,8.2890232,5.7821613,5.9647998,6.1022298,9632.3042208,9670.7814842,9687.27034,5360.4898417,5369.8463968,5377.931782,4271.8143791,4300.9350874,4309.338558,63.2482911,63.4918294,63.6000841,71.7522624,71.865791,71.9739994,55.0604269,55.4280712,55.5363705,5544.26666,2094.116218,3450.150442,15231.537,7472.048,7759.489
2001-05-01,8997.4633527,9008.0262938,9004.629114,4992.0528914,4997.8846893,4993.841952,4005.4104613,4010.1416045,4010.787162,6535.5499692,6553.3805413,6518.444043,4300.774312,4307.8100293,4293.533213,2234.7756572,2245.570512,2224.91083,2461.9133835,2454.6457525,2486.185071,691.2785794,690.07466,700.308739,1770.6348041,1764.5710925,1785.876332,59.0096467,59.0806705,59.0583896,66.7420435,66.8227508,66.7686985,51.5652319,51.6260021,51.6343129,658.9444401,666.8946961,664.2287742,378.7743177,377.0551272,375.4017752,280.1701224,289.8395689,288.826999,487.8722257,494.0500597,489.6757041,314.8810554,311.3013852,308.6555731,172.9911703,182.7486745,181.020131,171.0722144,172.8446364,174.5530701,63.8932623,65.753742,66.7462021,107.1789521,107.0908944,107.8068681,6.8239086,6.8930247,6.8697749,7.0524391,7.0150577,6.9917067,6.5375068,6.7404846,6.7175097,6.9463605,7.0103572,6.9872622,6.8220227,6.7394214,6.7067126,7.1847144,7.5257271,7.5239121,6.4972712,6.5783166,6.560325,8.460758,8.6995596,8.7016195,5.7076455,5.7217006,5.6929727,9656.4077928,9674.9209899,9668.857888,5370.8272091,5374.9398165,5369.243727,4285.5805837,4299.9811734,4299.614161,63.331318,63.4546127,63.4148468,71.8061269,71.8640557,71.7878978,55.1721125,55.3573561,55.3526313,5578.136112,2110.072273,3468.063839,15246.994,7479.316,7767.678
2001-06-01,9009.7359578,9004.9028307,9021.857545,4997.7825033,4992.600174,4996.582211,4011.9534545,4012.3026567,4025.275334,6524.1988297,6520.3813725,6483.910453,4296.4171339,4292.3090143,4275.418026,2227.7816958,2228.0723582,2208.492426,2485.5371282,2484.5214582,2537.947092,701.3653694,700.2911597,721.1641848,1784.1717588,1784.2302985,1816.782907,59.0248898,59.0003834,59.1114711,66.7445749,66.687444,66.7406331,51.592888,51.599332,51.7661643,665.9449923,670.8059597,651.5124036,383.4907027,384.5567272,374.4268482,282.4542896,286.2492325,277.0855553,495.9350225,498.2320595,487.987784,318.2157912,317.4946366,313.2202809,177.7192313,180.7374229,174.7675031,170.0099698,172.5739002,163.5246195,65.2749115,67.0620906,61.2065673,104.7350583,105.5118096,102.3180522,6.882668,6.932887,6.7351131,7.1263935,7.1516739,6.9712571,6.5772583,6.6592015,6.4403141,7.0644668,7.0987249,6.9993532,6.8957986,6.8873787,6.8259963,7.3880342,7.5031837,7.3331281,6.4020695,6.4948328,6.0531679,8.5144119,8.7394027,7.8232177,5.5447446,5.5833973,5.3315617,9675.6809501,9675.7087904,9673.369948,5381.273206,5377.1569012,5371.009059,4294.4077441,4298.5518892,4302.360889,63.3876514,63.3955234,63.3801992,71.8660311,71.824067,71.7419487,55.2251915,55.2805771,55.3295619,5589.078052,2115.557941,3473.520111,15262.448,7486.567,7775.881
2001-07-01,9020.3210124,9024.5967065,9048.861765,5004.4777672,5013.1637603,5028.395863,4015.8432452,4011.4329462,4020.465902,6514.6597945,6492.651087,6526.827504,4294.347209,4287.6685052,4305.188014,2220.3125854,2204.9825818,2221.63949,2505.6612179,2531.9456195,2522.034261,710.1305581,725.4952552,723.2078488,1795.5306597,1806.4503644,1798.826412,59.0304912,59.0621191,59.2209235,66.7603554,66.8810369,67.0842497,51.5883193,51.5330414,51.6490836,670.3792914,666.7726589,611.8670512,387.1154946,389.2298133,359.5376582,283.2637968,277.5428456,252.329393,502.8216651,501.5968386,465.3820802,321.3963539,321.2035888,300.9810138,181.4253112,180.3932498,164.4010664,167.5576263,165.1758203,146.484971,65.7191407,68.0262245,58.5566444,101.8384855,97.1495958,87.9283266,6.917759,6.8800665,6.3335496,7.1799833,7.204766,6.6730159,6.5888984,6.4710751,5.9054875,7.1652724,7.1715622,6.6557227,6.9630461,6.969245,6.5343024,7.553918,7.5624666,6.8901204,6.2680101,6.1241521,5.4893729,8.4706021,8.5727011,7.4903177,5.3673523,5.103467,4.6602945,9690.7003037,9691.3693654,9660.728816,5391.5932618,5402.3935737,5387.933521,4299.1070419,4288.9757918,4272.795295,63.4175655,63.4258605,63.2253312,71.9245242,72.0737844,71.8808716,55.2271822,55.0985072,54.8906437,5619.110184,2107.709479,3511.400705,15279.839,7495.643,7784.196
2001-08-01,9029.8746648,9047.0137026,8971.895396,5011.5812063,5019.5162833,4980.031713,4018.2934585,4027.4974193,3991.863683,6509.9937458,6510.9299428,6431.837766,4295.5682029,4295.1188156,4252.74881,2214.4255429,2215.8111272,2179.088956,2519.880919,2536.0837599,2540.057631,716.0130034,724.3974677,727.2829032,1803.8679156,1811.6862922,1812.774727,59.0278045,59.1415429,58.6504845,66.7787622,66.8851474,66.3590148,51.5644667,51.6839935,51.2267136,673.697879,668.539043,638.1365602,389.4507253,383.3481633,367.1415372,284.2471537,285.1908797,270.9950231,508.1747632,509.1103098,487.1720465,324.0392566,324.0308954,313.4579364,184.1355066,185.0794144,173.7141101,165.5231158,159.4287332,150.9645137,65.4114686,59.317268,53.6836007,100.1116471,100.1114652,97.2809129,6.9427819,6.8811221,6.6403167,7.2106725,7.0952764,6.8660864,6.6064955,6.6128331,6.3571195,7.2408458,7.252242,7.041066,7.0144327,7.0149468,6.8647338,7.6769156,7.7087819,7.3832831,6.1638068,5.9145982,5.609932,8.3707986,7.568732,6.8739953,5.2580211,5.2365092,5.0930931,9703.5725438,9715.5527456,9610.031957,5401.0319316,5402.8644466,5347.17325,4302.5406122,4312.688299,4262.858706,63.4317313,63.5118724,62.8220688,71.9681499,71.9932688,71.2511826,55.2120482,55.3437857,54.7043334,5687.191044,2157.50675,3529.684294,15297.223,7504.68,7792.543
2001-09-01,9040.2969109,9026.6732883,9105.922387,5018.9737576,5017.4404431,5048.462641,4021.3231533,4009.2328453,4057.459746,6511.801212,6506.8812207,6603.758873,4300.8022011,4301.0304789,4343.554397,2210.9990108,2205.8507419,2260.204476,2528.495699,2519.7920676,2502.163514,718.1715565,716.4099642,704.9082445,1810.3241425,1803.3821034,1797.25527,59.0278465,58.9415658,59.4590395,66.7970882,66.7767463,67.1896184,51.5457531,51.3947545,52.0129799,676.5753014,662.9560737,671.2451108,390.4429133,384.3734606,390.8086106,286.1323881,278.5826131,280.4365002,511.8490892,504.5262599,502.9871636,325.693368,322.2470368,323.6466661,186.1557212,182.2792231,179.3404975,164.7262123,158.4298138,168.2579472,64.7495454,62.1264238,67.1619445,99.9766669,96.3033899,101.0960027,6.9628918,6.8419136,6.8654353,7.2178377,7.1156368,7.1849443,6.6427241,6.4970756,6.4648042,7.2875082,7.1957914,7.0776015,7.0397424,6.9700994,6.9344916,7.7656948,7.6327179,7.3513913,6.1163253,5.915485,6.3008012,8.2702517,7.9798998,8.6989429,5.2335562,5.0694386,5.3254634,9716.8722124,9689.629362,9777.167498,5409.416671,5401.8139037,5439.271252,4307.4555414,4287.8154583,4337.896246,63.4454871,63.2704772,63.8420759,71.9934592,71.8923444,72.3908615,55.2134288,54.9659327,55.6079233,5537.446502,2074.482748,3462.963754,15314.614,7513.754,7800.86
2001-10-01,9052.3057741,9045.9997215,9058.656494,5026.3667574,5024.1406219,5035.307552,4025.9390167,4021.8590996,4023.348943,6518.6643673,6526.8356429,6527.997228,4308.8765369,4310.6844689,4312.811302,2209.7878304,2216.151174,2215.185926,2533.6414068,2519.1640786,2530.659266,717.4902205,713.4561531,722.4962498,1816.1511863,1805.7079255,1808.163017,59.0345351,58.9934702,59.0760113,66.8109613,66.7799567,66.9283854,51.5443467,51.4931501,51.512225,677.8550018,701.181213,657.9212055,389.9205986,401.9205187,378.0430274,287.9344032,299.2606944,279.8781781,513.0162507,531.9409852,498.6827128,325.8962979,335.0687256,316.2586619,187.1199529,196.8722596,182.4240508,164.838751,169.2402278,159.2384927,64.0243007,66.851793,61.7843655,100.8144503,102.3884348,97.4541273,6.9665344,7.1936821,6.7711207,7.1990383,7.4072243,6.9835312,6.6746141,6.9255357,6.5039137,7.2957843,7.5358807,7.0969891,7.0315485,7.212366,6.832013,7.8067231,8.158738,7.6085791,6.1085775,6.2951926,5.9198716,8.1923367,8.5673603,7.8778392,5.259064,5.3659992,5.1140455,9730.1607759,9747.1809345,9716.5777,5416.2873559,5426.0611406,5413.350579,4313.87342,4321.1197939,4303.227121,63.4551607,63.5662221,63.3666432,71.9938242,72.1222106,71.9532641,55.2307887,55.3246806,55.095595,5617.3223,2110.075421,3507.246879,15333.9,7523.426,7810.474
2001-11-01,9065.7298342,9078.6616234,9055.644025,5033.8641444,5036.9162915,5017.342788,4031.8656897,4041.745332,4038.301237,6527.4263437,6529.940802,6525.566565,4317.9112304,4316.1111109,4311.234792,2209.5151133,2213.8296911,2214.331774,2538.3034904,2548.7208215,2530.07746,715.952914,720.8051806,706.1079965,1822.3505764,1827.9156409,1823.969463,59.0466107,59.132106,58.9821853,66.8216583,66.8641645,66.6043297,51.5567074,51.6838835,51.6398421,675.9394656,671.0863537,626.3067243,387.9938632,389.6429368,367.3963546,287.9456025,281.4434168,258.9103697,511.1379151,507.5428332,481.6859537,324.4246022,326.9039849,312.3456857,186.7133129,180.6388483,169.340268,164.8015505,163.5435205,144.6207706,63.569261,62.7389519,55.0506689,101.2322896,100.8045685,89.5701017,6.9386411,6.8831149,6.4688072,7.1561052,7.1802946,6.8229183,6.6656986,6.5100886,6.0250784,7.2619628,7.2119931,6.8741058,6.9883915,7.0407694,6.7554937,7.7919664,7.5440059,7.1041765,6.0967498,6.0297781,5.4069939,8.1549009,8.0070732,7.2324827,5.2626945,5.2265004,4.6808597,9741.6692998,9749.7479771,9681.950749,5421.8580076,5426.5592283,5384.739143,4319.8112922,4323.1887488,4297.211607,63.4491172,63.5030971,63.061513,71.9720542,72.0366049,71.4814507,55.2387564,55.2828458,54.9506627,5671.234251,2148.318857,3522.915393,15353.185,7533.058,7820.127
2001-12-01,9078.5127216,9065.0182583,9177.1309,5040.9017592,5037.9389682,5102.696699,4037.6109625,4027.0792902,4074.434201,6534.7124725,6538.6989025,6658.419693,4325.8504679,4335.99865,4404.816945,2208.8620046,2202.7002525,2253.602748,2543.8002492,2526.3193558,2518.711207,715.0512913,701.9403182,697.8797542,1828.7489579,1824.3790377,1820.831453,59.0513271,58.9691681,59.6984759,66.8221654,66.7920365,67.6505822,51.5644948,51.4330704,52.0378781,669.5728366,667.8221894,660.0317297,384.8249754,378.0468267,373.1188505,284.7478611,289.7753627,286.9128792,505.642545,500.1644078,494.6323154,321.1970315,316.0939244,308.9377777,184.4455135,184.0704834,185.6945376,163.9302916,167.6577816,165.3994143,63.6279439,61.9529023,64.1810727,100.3023477,105.7048793,101.2183416,6.8687624,6.8615343,6.7095742,7.0925978,6.9802034,6.8139412,6.5877886,6.7126504,6.5785381,7.1820603,7.1057554,6.9149828,6.9118517,6.7946611,6.5539638,7.7067202,7.7121141,7.6126243,6.0541582,6.22343,6.1621683,8.171265,8.1101521,8.4220407,5.1995687,5.4766986,5.2661665,9748.0855582,9732.8404478,9837.16263,5425.7267346,5415.9857949,5475.81555,4322.3588236,4316.8546529,4361.347081,63.406574,63.3134416,63.9920715,71.9234031,71.8041094,72.5973209,55.2010214,55.1340248,55.7022734,5535.30837,2066.90845,3468.399919,15372.471,7542.724,7829.747
2002-01-01,9090.5620066,9086.8581291,8993.401124,5048.3098698,5037.6740848,5017.303583,4042.2521368,4049.1840443,3976.097542,6539.4998356,6540.7243983,6575.434768,4332.1837526,4328.7159992,4340.97411,2207.316083,2212.0083991,2234.460658,2551.062171,2546.1337308,2417.966356,716.1261173,708.9580856,676.3294724,1834.9360537,1837.1756452,1741.636884,59.0503549,59.0276118,58.4205215,66.8259979,66.6878395,66.4181784,51.5579424,51.6468466,50.7146372,659.312543,674.8356132,734.8169928,380.8303707,384.5710536,422.5187153,278.4821723,290.2645596,312.2982775,497.3617447,506.0999602,560.5542012,316.8553045,317.2948764,349.9769299,180.5064402,188.8050837,210.5772713,161.9507984,168.7356531,174.2627916,63.9750662,67.2761772,72.5417854,97.9757321,101.4594759,101.7210063,6.7622669,6.9130996,7.5534593,7.0145613,7.092469,7.7671419,6.445251,6.6889733,7.2824033,7.0679484,7.1819579,7.855312,6.815501,6.8294045,7.4606818,7.559458,7.8642129,8.6124337,5.9694075,6.2152402,6.7225072,8.2008677,8.666994,9.6868166,5.0688155,5.2335519,5.5182451,9749.8745496,9761.6937423,9728.218117,5429.1402405,5422.2451384,5439.822298,4320.7343091,4339.4486039,4288.395819,63.3331088,63.411298,63.1938426,71.8671642,71.7787231,72.0114065,55.1099148,55.3491355,54.6979635,5666.031883,2114.289702,3551.742181,15394.25,7554.112,7840.138
2002-02-01,9102.3734897,9126.9061284,9092.309936,5056.8822601,5070.8215518,5059.198892,4045.4912296,4056.0845767,4033.111044,6543.0511951,6542.318744,6571.309598,4337.4222284,4337.4308188,4355.005386,2205.6289667,2204.8879252,2216.304211,2559.3222946,2584.5873844,2521.000339,719.4600317,733.390733,704.1935059,1839.8622629,1851.1966515,1816.806833,59.0500393,59.2039982,58.9795812,66.8473786,67.0250479,66.871422,51.5357831,51.666787,51.3741479,646.9404643,638.3054052,719.8741529,376.2813101,372.9111007,412.001229,270.6591542,265.3943045,307.8729239,487.5301388,485.7079001,542.9654509,311.9410415,312.0914681,344.1818054,175.5890973,173.616432,198.7836455,159.4103255,152.5975051,176.908702,64.3402686,60.8196326,67.8194237,95.0700569,91.7778725,109.0892784,6.6357537,6.5365241,7.3365333,6.9256393,6.8502832,7.530363,6.2708462,6.1412843,7.0922382,6.9344214,6.9110139,7.6320559,6.7093282,6.7123341,7.3242838,7.3739193,7.2993952,8.2309074,5.8634058,5.5749798,6.5572523,8.2087578,7.6578744,8.7847523,4.9133531,4.7235757,5.6643387,9749.313954,9765.2115336,9812.184089,5433.1635702,5443.7326525,5471.200121,4316.1503837,4321.4788812,4340.983968,63.2469512,63.3445286,63.649228,71.8214749,71.954108,72.3171672,54.9837282,55.0474046,55.2958622,5603.845911,2094.361879,3509.484032,15416.03,7565.562,7850.468
2002-03-01,9114.0545169,9132.2310005,9128.533155,5066.7283308,5068.8256204,5070.07009,4047.326186,4063.4053801,4058.463065,6547.0060044,6566.2978289,6542.405633,4342.137108,4338.5340961,4330.135252,2204.8688964,2227.7637329,2212.270381,2567.0485124,2565.9331716,2586.127522,724.5912228,730.2915244,739.9348382,1842.4572896,1835.6416472,1846.192684,59.0538766,59.1549682,59.131015,66.8915416,66.8979155,66.9143399,51.500091,51.6916597,51.6287872,634.8546576,627.6091458,660.003707,371.275133,372.3799825,381.326523,263.5795246,255.2291633,278.677184,477.7100064,472.9656169,482.5207602,306.7208862,307.6581267,308.0748479,170.9891201,165.3074902,174.4459122,157.1446513,154.6435289,177.4829469,64.5542467,64.7218558,73.2516751,92.5904045,89.9216731,104.2312718,6.5120584,6.4305269,6.7426186,6.8274163,6.8437036,6.9950244,6.1142494,5.9099505,6.4253671,6.8004173,6.7189646,6.8686949,6.5977685,6.6217262,6.6421064,7.1969419,6.9077547,7.3090343,5.7684842,5.6842187,6.4221405,8.1802721,8.1409769,9.0079796,4.7849159,4.6698892,5.3440316,9748.9091745,9759.8401464,9788.536862,5438.0034638,5441.2056029,5451.396613,4310.9057107,4318.6345434,4337.140249,63.1673728,63.2203711,63.4062571,71.7931595,71.8125538,71.9470539,54.8540014,54.9384977,55.1739137,5649.272138,2125.559387,3523.712751,15437.809,7576.956,7860.853
2002-04-01,9126.2147445,9119.5442278,9129.534371,5077.0379178,5073.2843212,5080.76732,4049.1768267,4046.2599066,4048.767052,6551.9186226,6544.6532736,6513.554778,4346.458502,4346.1295012,4336.027695,2205.4601205,2198.5237724,2177.527083,2574.296122,2574.8909542,2615.979594,730.5794158,727.15482,744.739625,1843.7167062,1847.7361342,1871.239969,59.0670351,59.0198579,59.0845121,66.9495912,66.8944571,66.9931251,51.4695142,51.4291375,51.461004,625.4930873,617.9043428,625.6959254,366.3606077,365.9807129,369.1166215,259.1324795,251.9236299,256.5793039,469.4288605,466.2595137,467.7494048,301.6303739,299.1864892,299.3707136,167.7984866,167.0730246,168.3786912,156.0642267,151.644829,157.9465206,64.7302338,66.7942238,69.7459079,91.3339929,84.8506053,88.2006127,6.4141902,6.3456494,6.4139534,6.7303653,6.7284957,6.7729263,6.0147139,5.861165,5.9595508,6.6857375,6.6504823,6.700029,6.4893418,6.4406058,6.4583599,7.0703836,7.0626163,7.1775556,5.7158839,5.5618133,5.69397,8.1389977,8.4129107,8.5631856,4.7199793,4.3905199,4.501316,9751.7078318,9737.4485706,9755.230297,5443.3985256,5439.2650341,5449.883941,4308.3093062,4298.1835365,4305.346355,63.1153753,63.0188106,63.1338904,71.7806941,71.7201439,71.8601609,54.7633745,54.6311599,54.7222014,5696.423703,2134.129059,3562.294645,15451.654,7584.013,7867.641
2002-05-01,9140.3713086,9135.2006824,9134.673081,5086.9836762,5088.7454427,5084.454126,4053.3876325,4046.4552397,4050.218955,6558.1647889,6590.0933037,6556.965842,4350.3635808,4379.2516665,4365.158276,2207.8012081,2210.8416373,2191.807566,2582.2065198,2545.1073787,2577.70724,736.6200953,709.4937762,719.2958508,1845.5864244,1835.6136024,1858.411389,59.098419,59.0682569,59.0648454,67.0098834,67.0358116,66.9792807,51.4726808,51.3873825,51.4351792,620.0900603,621.7646676,620.852256,361.5684819,362.4307574,362.2589799,258.5215784,259.3339103,258.5932761,463.4102267,459.4336238,456.5998954,296.8708545,295.9064,294.5716401,166.5393723,163.5272238,162.0282553,156.6798336,162.3310438,164.2523606,64.6976274,66.5243574,67.6873399,91.9822061,95.8066864,96.5650208,6.3530814,6.372521,6.3641089,6.636047,6.6486707,6.650965,5.9955246,6.0229124,6.0014979,6.5998045,6.5172263,6.5102391,6.3881188,6.3293347,6.3216462,7.0141316,6.887187,6.8835835,5.7205672,5.9957428,5.9903275,8.0739045,8.5725261,8.6008622,4.7473005,4.9604266,4.9394469,9760.4613689,9756.96535,9755.525337,5448.552158,5451.1762001,5446.713106,4311.9092109,4305.7891499,4308.812231,63.1077027,63.0885906,63.0792795,71.7727574,71.8102379,71.7514441,54.7555641,54.6807566,54.7191478,5709.973663,2144.371894,3565.601769,15465.499,7591.085,7874.414
2002-06-01,9156.6908516,9161.2067427,9180.807296,5095.7788844,5105.3109726,5109.185409,4060.9119672,4055.89577,4071.621888,6565.0665317,6544.8988574,6509.390473,4353.6366716,4357.0384228,4338.957195,2211.4298601,2187.8604346,2170.433278,2591.6243199,2616.3078853,2671.416824,742.1422128,748.2725498,770.2282141,1849.4821071,1868.0353355,1901.18861,59.1462285,59.1834301,59.3100541,67.058848,67.1915621,67.242554,51.5190331,51.462915,51.6624546,617.5217275,636.4435776,619.6796046,356.4885446,356.6976036,348.1827445,261.0331829,279.745974,271.4968601,459.0717203,481.3747802,472.8610857,292.1110069,295.4402024,292.402955,166.9607134,185.9345777,180.4581307,158.4500072,155.0687975,146.818519,64.3775377,61.2574012,55.7797896,94.0724695,93.8113963,91.0387294,6.3178668,6.4958797,6.3229471,6.538354,6.5305208,6.3800487,6.0397153,6.4522391,6.2511959,6.5356305,6.8510679,6.7723296,6.2877071,6.3501679,6.3135439,7.0199031,7.8327984,7.6761576,5.7616627,5.5953706,5.2095904,7.9821403,7.5670333,6.7529357,4.8402278,4.7817903,4.5696958,9774.2125791,9797.6503203,9800.486901,5452.267429,5462.0085763,5457.368153,4321.9451501,4335.641744,4343.118748,63.1350147,63.294997,63.3133219,71.7501252,71.8860987,71.8250256,54.8306481,55.0124498,55.1073212,5678.857099,2140.774847,3538.082252,15479.344,7598.143,7881.201
2002-07-01,9175.1313833,9167.2263353,9194.531289,5103.2198908,5100.9243973,5116.370699,4071.9114925,4066.3019379,4078.160591,6572.8539003,6573.0330372,6604.092275,4356.4614392,4357.1964659,4373.87704,2216.3924611,2215.8365713,2230.215235,2602.277483,2594.193298,2590.439014,746.7584516,743.7279314,742.4936587,1855.5190314,1850.4653666,1847.945356,59.2071175,59.1581318,59.3343367,67.0903572,67.0620295,67.2651026,51.6079001,51.5383216,51.6886241,617.2023711,603.8351944,552.9831509,351.6203137,341.7557844,314.94134,265.5820574,262.0794101,238.0418109,456.3834106,450.1388733,416.6560696,287.5402787,286.4151587,267.3298016,168.8431319,163.7237146,149.326268,160.8189605,153.6963211,136.3270813,64.080035,55.3406257,47.6115384,96.7389255,98.3556955,88.7155429,6.302914,6.1798321,5.6730683,6.4460241,6.2791818,5.7986236,6.1229384,6.0549057,5.5150753,6.4926448,6.4093387,5.934639,6.1916488,6.1679396,5.75992,7.0786774,6.8804189,6.2754219,5.8202442,5.5932495,4.9995884,7.9029346,6.9256418,6.0259746,4.9552327,5.0469331,4.5808506,9792.3337544,9771.0615297,9747.51444,5454.8402045,5442.6801817,5431.312039,4337.4935499,4328.381348,4316.202402,63.189924,63.0548134,62.9028588,71.7129941,71.5551046,71.4056473,54.9739193,54.8600457,54.7056837,5748.62456,2174.965961,3573.658598,15496.139,7606.278,7889.861
2002-08-01,9197.4362955,9224.2286135,9150.286149,5110.3683351,5111.658032,5072.803242,4087.0679605,4112.5705815,4077.482907,6582.8053989,6614.3123284,6537.060228,4359.7907589,4358.3852586,4317.971642,2223.01464,2255.9270698,2219.088586,2614.6308966,2609.9162851,2613.225921,750.5775761,753.2727734,754.8315997,1864.0533205,1856.6435117,1858.394321,59.2898802,59.4615422,58.9848918,67.1155698,67.1312326,66.620954,51.7458705,52.0677022,51.6234704,617.528211,625.3651844,595.163735,347.5928751,355.2481501,338.6583279,269.9353359,270.1170343,256.505407,454.6899752,458.5422911,437.1361968,283.6222744,280.9718735,271.2731169,171.0677008,177.5704176,165.8630798,162.8382359,166.8228933,158.0275382,63.9706007,74.2762766,67.385211,98.8676351,92.5466167,90.6423272,6.2917009,6.349147,6.1070935,6.3685479,6.4981571,6.2581675,6.1954357,6.1632737,5.918461,6.460963,6.483129,6.2679077,6.1080561,6.0562674,5.9110623,7.1454393,7.2969222,6.9545678,5.8628279,6.0078705,5.7023849,7.8535073,8.9754531,8.1955526,5.0367609,4.7479523,4.650622,9814.9645066,9849.5937979,9745.449884,5457.9612102,5466.9061821,5411.461569,4357.0032964,4382.6876158,4333.988314,63.2706823,63.492793,62.8214569,71.680582,71.7966946,71.0685424,55.1634889,55.4875519,54.8709884,5767.482116,2202.964431,3564.517686,15512.932,7614.426,7898.506
2002-09-01,9225.2021982,9225.7408179,9303.492599,5118.6464437,5110.2575392,5139.003507,4106.5557545,4115.4832787,4164.489092,6596.7840084,6591.1746801,6687.550601,4365.1651135,4360.6786428,4401.981713,2231.6188948,2230.4960372,2285.568888,2628.4181898,2634.5661378,2615.941998,753.4813301,749.5788964,737.0217946,1874.9368597,1884.9872414,1878.920204,59.4038094,59.4069736,59.9076378,67.1519579,67.0412418,67.4183589,51.9344508,52.0474936,52.6672579,616.6904353,621.5849474,631.4423231,344.385967,346.7397596,354.2560506,272.3044683,274.8451878,277.1862725,452.9379904,452.9527745,451.8963145,280.429359,281.7599053,283.651199,172.5086314,171.1928692,168.2451155,163.752445,168.6321729,179.5460086,63.956608,64.9798543,70.6048516,99.7958369,103.6523186,108.941157,6.265974,6.3122208,6.3557771,6.3039342,6.3540394,6.4489225,6.2186152,6.260242,6.2405793,6.4249057,6.4302183,6.3295703,6.036458,6.0692221,6.0536368,7.1755192,7.1280202,6.8564739,5.8647005,6.0157061,6.4227072,7.8240323,7.9773073,8.7422638,5.0536377,5.2122225,5.4803197,9841.8926335,9847.3257653,9934.934922,5463.0324107,5456.9972988,5493.259558,4378.8602228,4390.3284664,4441.675364,63.3748617,63.4095227,63.9736611,71.6699867,71.5901053,72.0658283,55.3782085,55.5233923,56.1727638,5594.792078,2129.298442,3465.493636,15529.727,7622.558,7907.169
2002-10-01,9258.3708556,9234.6863739,9249.145202,5128.7350935,5111.1723025,5123.230099,4129.6357621,4123.5140713,4125.915103,6615.6195694,6593.424461,6591.50273,4373.2988878,4354.6739192,4355.192821,2242.3206816,2238.7505418,2236.309908,2642.7512862,2641.2619129,2657.642473,755.4362057,756.4983833,768.0372783,1887.3150805,1884.7635296,1889.605195,59.5474035,59.39388,59.4868735,67.2067376,66.9757103,67.1337131,52.1637546,52.0854189,52.1157471,614.8569303,602.8839376,566.173374,342.0968301,336.3192192,317.0399303,272.7601001,266.5647184,249.1334437,451.350243,438.3991044,411.2487215,278.1229117,275.4939808,260.6882957,173.2273313,162.9051236,150.5604258,163.5066872,164.4848332,154.9246526,63.9739184,60.8252384,56.3516346,99.5327688,103.6595948,98.573018,6.2275169,6.1283825,5.7682628,6.2531044,6.1738365,5.8276506,6.1957195,6.0719803,5.6944155,6.3867578,6.2345009,5.8726734,5.9793096,5.9499782,5.6476389,7.1713471,6.7830341,6.3078594,5.8265024,5.8624262,5.5083006,7.8073136,7.4420018,6.8355643,5.0095818,5.2131558,4.9579569,9873.2277858,9837.5703115,9815.318576,5470.8319236,5447.4915217,5440.27003,4402.3958622,4390.0787898,4375.048547,63.5020014,63.271393,63.1282785,71.6895606,71.3827656,71.2881367,55.609141,55.4524827,55.262631,5732.893424,2191.11197,3541.781453,15548.212,7631.382,7916.83
2002-11-01,9294.5473577,9283.819375,9286.740904,5140.1549333,5139.1468434,5129.323194,4154.3924244,4144.6725315,4157.41771,6637.3020874,6625.0995756,6621.536053,4383.2063385,4377.0371354,4371.736367,2254.0957489,2248.0624403,2249.799686,2657.2452703,2658.7197994,2665.204852,756.9485948,762.1097081,757.5868272,1900.2966755,1896.6100913,1907.618024,59.7046432,59.6389728,59.6577406,67.2722789,67.2645063,67.1359279,52.4095859,52.2888563,52.4496484,612.1870405,609.7078493,565.9210756,340.6132722,337.9914696,316.4238806,271.5737683,271.7163797,249.4971949,450.0879883,449.2671096,424.491108,276.7913471,271.8905342,258.619768,173.2966412,177.3765754,165.87134,162.0990522,160.4407396,141.4299676,63.8219251,66.1009354,57.8041127,98.2771271,94.3398042,83.6258549,6.1795039,6.1626944,5.7438393,6.2146995,6.1709501,5.810477,6.1359205,6.1524559,5.6614934,6.3505463,6.3506336,6.0245454,5.9397314,5.848457,5.5853105,7.13921,7.313174,6.8664706,5.7495302,5.6910821,5.0391297,7.775855,7.9811743,7.0891286,4.9173629,4.7384319,4.1996792,9906.7343982,9893.5272243,9852.66198,5480.7682055,5477.1383131,5445.747075,4425.9661927,4416.3889112,4406.914905,63.6371003,63.5557174,63.2932003,71.7300883,71.6883591,71.2774901,55.8356148,55.7168083,55.597285,5714.03702,2194.458925,3519.578095,15566.699,7640.206,7926.493
2002-12-01,9329.2322709,9327.6520441,9439.739589,5151.5820757,5152.4569999,5217.346528,4177.6501952,4175.1950442,4222.393061,6658.3965006,6665.7849374,6786.995038,4392.8797476,4396.8041362,4465.86274,2265.516753,2268.9808012,2321.132298,2670.8357703,2661.8671067,2652.744551,758.7023282,755.6528637,751.4837881,1912.1334422,1906.214243,1901.260763,59.8469328,59.849483,60.5686759,67.330996,67.3609115,68.209248,52.6325169,52.6098104,53.204532,609.3115489,614.6621596,607.3756835,339.7738691,345.8754645,341.1570259,269.5376798,268.7866951,266.2186575,449.4286255,451.1671285,445.1384814,276.4224553,280.6391026,273.6064363,173.0061702,170.5280258,171.5320452,159.8829234,163.4950311,162.2372021,63.3514138,65.2363619,67.5505897,96.5315096,98.2586693,94.6866124,6.130793,6.1822846,6.0452744,6.1874312,6.290552,6.1375696,6.0608566,6.0483303,5.9309799,6.3230119,6.3393307,6.1550092,5.919995,5.9998398,5.7729342,7.0947117,6.9902607,6.8814739,5.6481389,5.7866929,5.7633483,7.7064808,7.947036,8.2475891,4.8057547,4.9019704,4.7439433,9938.5438198,9942.3142038,10047.11527,5491.3559448,5498.3324645,5558.503554,4447.187875,4443.9817393,4488.611719,63.7556604,63.7933707,64.4658111,71.7718285,71.8827321,72.669382,56.0283126,55.9966742,56.5590371,5538.068727,2090.527446,3447.541281,15585.184,7649.031,7936.153
2003-01-01,9357.1155992,9381.2612132,9281.678566,5160.3991681,5165.7799153,5140.397783,4196.716431,4215.4812979,4141.280783,6674.5076591,6689.0810563,6717.351373,4399.8893946,4409.0365473,4418.008197,2274.6182645,2280.0445089,2299.343175,2682.6079401,2692.180157,2564.327194,760.5097735,756.743368,722.3895863,1922.0981665,1935.436789,1841.937608,59.9427171,60.1017121,59.4637288,67.3513664,67.4273417,67.0960365,52.8008559,53.0401268,52.1065194,606.7221645,607.4019129,663.0461558,339.3141134,343.7037887,379.1119268,267.4080511,263.6981243,283.934229,449.4635782,452.4860283,503.9975525,276.5618302,281.7877361,312.6540575,172.9017479,170.6982922,191.343495,157.2585863,154.9158846,159.0486033,62.7522832,61.9160525,66.4578693,94.5063032,92.9998321,92.590734,6.0892417,6.080913,6.6673153,6.1696691,6.2384029,6.8685798,5.9901567,5.8871972,6.416281,6.3091717,6.3359487,6.9792716,5.9139253,6.0072115,6.609097,7.064365,6.9651655,7.6823591,5.5375344,5.4411893,5.8401269,7.6223947,7.5631027,8.4246794,4.6864075,4.5848034,4.7862175,9963.8377637,9988.6631262,9944.724722,5499.7132815,5509.483704,5519.50971,4464.1244821,4479.1794222,4425.215012,63.8294464,63.9930753,63.7115808,71.779952,71.9136019,72.0444683,56.1652419,56.3580355,55.6790432,5664.250278,2141.74429,3522.505988,15608.975,7661.254,7947.721
2003-02-01,9373.6969338,9406.0358264,9372.599387,5164.6104094,5182.8518769,5173.033664,4209.0865244,4223.1839495,4199.565723,6682.5272357,6710.3625616,6744.80408,4402.497498,4422.4750312,4442.607665,2280.0297378,2287.8875304,2302.196415,2691.1696981,2695.6732647,2627.795307,762.1129114,760.3768457,730.4259985,1929.0567867,1935.2964191,1897.369309,59.9671499,60.1687201,59.9548333,67.3120997,67.5424968,67.4145466,52.8863038,53.0597475,52.76301,605.6904908,595.6002138,673.1887693,339.4201448,334.0857699,369.8152247,266.270346,261.5144439,303.3735446,450.4750472,444.1052396,497.7658514,276.9944227,273.9034381,302.4233861,173.4806246,170.2018015,195.3424653,155.2154436,151.4949742,175.4229179,62.4257221,60.1823318,67.3918386,92.7897214,91.3126424,108.0310792,6.0694155,5.9550279,6.7012041,6.1667562,6.055638,6.6719341,5.9497009,5.8312605,6.7372338,6.3153638,6.2073833,6.8727794,5.9193269,5.8322267,6.3734754,7.0707109,6.9241504,7.8213984,5.4530724,5.3209,6.2579116,7.5709881,7.3343073,8.4470208,4.5893554,4.5056861,5.387008,9979.3874246,10001.6360402,10045.78816,5504.0305541,5516.9376468,5542.848889,4475.3568704,4484.6983934,4502.939268,63.8419853,63.9786676,64.2611008,71.7358763,71.8962749,72.2339481,56.2319358,56.3453942,56.5745711,5586.978843,2130.619111,3456.359732,15632.767,7673.468,7959.299
2003-03-01,9379.3514496,9359.7191514,9362.063319,5164.7991841,5174.4164877,5177.837219,4214.5522654,4185.3026638,4184.2261,6682.6893913,6665.4448919,6641.97489,4401.2771979,4405.916792,4398.701378,2281.4121934,2259.5280999,2243.273512,2696.6620583,2694.2742596,2720.088429,763.5219862,768.4996957,779.1358416,1933.1400721,1925.7745639,1940.952587,59.92668,59.7814612,59.7964337,67.2259354,67.3252905,67.3697983,52.8894187,52.5075223,52.494016,606.2220702,611.3699174,642.9008734,339.8036111,333.4827562,340.6831505,266.4184592,277.8871612,302.2177229,452.0919244,464.183483,474.3617034,277.4808662,280.001423,280.3456208,174.6110582,184.1820601,194.0160826,154.1301458,147.1864344,168.53917,62.3227448,53.4813333,60.3375297,91.807401,93.7051011,108.2016403,6.070979,6.1314257,6.4258188,6.1730814,6.054627,6.173451,5.9455523,6.2262008,6.7362422,6.336451,6.5106266,6.6658132,5.9306522,5.9753801,5.9915111,7.1095035,7.5369847,7.9603213,5.4065724,5.1799567,5.8345759,7.5465451,6.5063951,7.1875454,4.5338164,4.6400616,5.2803073,9985.5735198,9971.0890689,10004.96419,5504.6027952,5507.8992439,5518.52037,4480.9707246,4463.189825,4486.443822,63.7999623,63.686342,63.9027058,71.648879,71.6642964,71.8024898,56.2327673,55.9938093,56.2855468,5651.593808,2167.17463,3484.419178,15656.558,7685.695,7970.863
2003-04-01,9377.2147612,9357.8884965,9365.573718,5163.1345184,5153.5581838,5161.2641,4214.0802429,4204.3303127,4204.309617,6678.0349767,6656.9279753,6622.951615,4398.5823788,4386.3391057,4375.701915,2279.4525979,2270.5888696,2247.2497,2699.1797845,2700.9605212,2742.622103,764.5521395,767.2190781,785.562185,1934.627645,1933.7414431,1957.059918,59.8435481,59.7152922,59.7643338,67.123915,66.9926743,67.0928459,52.8241208,52.6982454,52.697986,607.1696128,600.4568235,608.8676707,339.5521322,341.0155721,344.1827268,267.6174806,259.4412513,264.684944,453.3301594,446.165227,447.9173665,277.3450132,277.3132867,277.793347,175.9851462,168.8519402,170.1240195,153.8394534,154.2915965,160.9503042,62.207119,63.7022854,66.3893797,91.6323344,90.5893111,94.5609245,6.0811923,6.0296847,6.1042784,6.1706609,6.2064063,6.2516765,5.9713416,5.8121534,5.9226956,6.3568496,6.2812808,6.3346863,5.931337,5.9462684,5.9695633,7.1671598,6.9217478,7.0375556,5.3921632,5.4037819,5.543182,7.524212,7.6664638,7.7926237,4.5222398,4.4750252,4.6090838,9984.384374,9958.34532,9974.441388,5502.6866506,5494.5737559,5505.446827,4481.6977234,4463.771564,4468.994561,63.7183856,63.5469744,63.6496879,71.538301,71.4256397,71.5669821,56.1787456,55.9501542,56.0156207,5696.399612,2187.272173,3509.127439,15670.841,7692.719,7978.122
2003-05-01,9373.39378,9375.5825018,9380.077847,5163.0713839,5163.435993,5160.023505,4210.3223961,4212.1465088,4220.054341,6673.9976995,6679.6598681,6647.88368,4397.8037448,4400.1857945,4386.99513,2276.1939547,2279.4740736,2260.88855,2699.3960805,2695.9226336,2732.194166,765.2676391,763.2501984,773.0283753,1934.1284415,1932.6724352,1959.165791,59.7563456,59.773734,59.8023939,67.050487,67.0600924,67.0157727,52.7234145,52.748057,52.8470856,606.8498321,605.7777747,605.8816273,337.7040728,333.7095158,334.588125,269.1457593,272.0682589,271.2935022,453.2410051,452.7955123,451.1310152,275.954128,273.5469162,273.4792088,177.2868771,179.2485961,177.6518064,153.608827,152.9822624,154.7506121,61.7499447,60.1625996,61.1089162,91.8588823,92.8196628,93.6416959,6.0805112,6.0690904,6.0673351,6.1392085,6.0705964,6.0893862,6.0084311,6.0672442,6.0403583,6.3592792,6.348382,6.3548399,5.9043309,5.8528575,5.8680552,7.2259328,7.2903137,7.2851698,5.3841067,5.369862,5.3603593,7.4665818,7.3064931,7.3260022,4.5340305,4.5825734,4.5616404,9980.2436122,9981.3602765,9985.959474,5500.7754567,5497.1455088,5494.61163,4479.4681555,4484.2147677,4491.347844,63.6250755,63.6358513,63.6651733,71.436098,71.3941426,71.3612339,56.09377,56.1551256,56.244452,5699.161526,2205.10337,3494.058156,15685.121,7699.715,7985.406
2003-06-01,9373.2035193,9352.213338,9370.443195,5166.7442429,5152.8284522,5155.449939,4206.4592765,4199.3848858,4214.993256,6675.5541032,6638.2385675,6601.384211,4401.683555,4392.2210182,4372.832501,2273.8705483,2246.0175492,2228.551711,2697.6494161,2713.9747705,2769.058984,765.0606879,760.607434,782.6174381,1932.5887282,1953.3673365,1986.441546,59.6961555,59.5704992,59.6866174,67.0296804,66.8613247,66.8953402,52.6250351,52.5404907,52.7357744,604.0207382,602.7475816,587.5534893,333.8092866,339.2076345,330.9290844,270.2114516,263.539947,256.6244049,450.9796385,452.4104293,445.2135061,273.0811729,274.5979094,272.0899207,177.8984656,177.8125199,173.1235854,153.0410997,150.3371523,142.3399832,60.7281137,64.6097251,58.8391637,92.312986,85.7274271,83.5008195,6.0539958,6.0547458,5.9003182,6.068649,6.1763548,6.0318305,6.0359912,5.9050949,5.7389613,6.3281766,6.3803811,6.3181343,5.8416025,5.8840489,5.8577926,7.2559227,7.3360143,7.2084509,5.3685624,5.2486306,4.889058,7.3539522,7.829421,6.9925369,4.5588872,4.2041904,4.0339683,9977.2242575,9954.9609195,9957.996684,5500.5535294,5492.0360867,5486.379023,4476.6707281,4462.9248328,4471.617661,63.5430491,63.4098015,63.4291384,71.3602856,71.2627659,71.1893618,56.0055236,55.8377636,55.9465237,5741.407316,2220.360977,3521.046339,15699.404,7706.74,7992.664
2003-07-01,9379.1792748,9343.3283008,9363.921283,5175.3396972,5157.6097599,5172.946612,4203.8395776,4185.7185408,4190.974672,6684.7568989,6664.4159365,6693.170895,4411.2429791,4389.8743004,4405.914454,2273.5139198,2274.5416361,2287.256441,2694.4223759,2678.9123643,2670.750388,764.0967181,767.7354595,767.0321575,1930.3256578,1911.1769047,1903.71823,59.6758688,59.4505702,59.5816011,67.0729493,66.8470528,67.0458316,52.5430722,52.3176168,52.3833136,598.4553189,609.9386316,557.6218375,327.8524181,336.6801798,308.8961935,270.6029008,273.2584518,248.725644,446.3514661,452.3993592,418.1906271,268.8288636,275.6469925,256.4166078,177.5226025,176.7523667,161.7740193,152.1038528,157.5392724,139.4312104,59.0235545,61.0331873,52.4795856,93.0802983,96.5060851,86.9516248,5.9979679,6.1280245,5.6203136,5.9574954,6.1278197,5.634897,6.0477457,6.1282768,5.6023071,6.2592159,6.3567669,5.8805986,5.7441183,5.9081714,5.4997512,7.2427563,7.2105739,6.6056352,5.3434903,5.5540969,4.9616441,7.1707084,7.3643215,6.4037625,4.6001791,4.8068388,4.3679581,9977.6345936,9953.2669324,9921.543121,5503.1921153,5494.2899397,5481.842805,4474.4424784,4458.9769926,4439.700316,63.4835944,63.3315426,63.1296875,71.3219512,71.2107171,71.0493916,55.9252916,55.7330951,55.4921545,5794.585879,2233.695195,3560.890684,15716.129,7715.538,8000.591
2003-08-01,9391.4557644,9400.3281161,9326.951052,5188.6773077,5195.2969189,5156.605528,4202.7784567,4205.0311973,4170.345524,6701.240501,6706.217302,6631.142745,4425.5718712,4431.1332436,4392.367674,2275.6686298,2275.0840584,2238.775071,2690.2152634,2694.1108141,2695.808307,763.1054365,764.1636752,764.2378538,1927.1098269,1929.9471389,1931.570453,59.6936913,59.7496723,59.2832785,67.1749511,67.2589638,66.7580602,52.4790479,52.5068783,52.0737694,590.5036976,580.682981,552.3631046,320.3549859,315.7110122,300.7408897,270.1487117,264.9719689,251.6222149,439.503033,431.7024449,409.6448811,263.3744584,261.3118961,251.1388823,176.1285746,170.3905487,158.5059988,151.0006646,148.9805362,142.7182234,56.9805276,54.3991161,49.6020073,94.0201371,94.5814201,93.1162161,5.9157092,5.8178773,5.5911078,5.8150864,5.7287345,5.5107532,6.0396403,5.9277803,5.690277,6.1548637,6.0480148,5.8181684,5.616922,5.5687789,5.4083887,7.1836518,6.9675861,6.6119072,5.3146494,5.2400897,5.0278982,6.9481164,6.6456864,6.0948117,4.65186,4.6717751,4.5990433,9981.959462,9981.0110972,9879.314156,5509.0322937,5511.007931,5457.346417,4472.9271684,4470.0031661,4421.967739,63.4470333,63.4405667,62.7941681,71.3224109,71.346198,70.6514894,55.8523276,55.8154984,55.2156954,5853.538844,2266.972582,3586.566261,15732.853,7724.319,8008.534
2003-09-01,9407.2497383,9408.4018376,9486.054655,5205.1063006,5205.7351957,5233.231705,4202.1434377,4202.6666418,4252.82295,6721.707161,6718.3169724,6814.186044,4442.179119,4441.4021555,4481.545417,2279.528042,2276.9148169,2332.640627,2685.5425773,2690.0848651,2671.868611,762.9271816,764.3330402,751.6862885,1922.6153957,1925.7518249,1920.182323,59.7308191,59.7374853,60.2305322,67.3133286,67.3174767,67.6730452,52.4176369,52.4254218,53.0510878,582.3982489,576.6867235,583.8390272,312.9801126,309.1595374,315.5748222,269.4181363,267.5271861,268.264205,431.8097697,434.2843022,432.2032274,257.6912871,255.0764053,256.7096146,174.1184826,179.2078969,175.4936128,150.5884792,142.4024213,151.6357998,55.2888255,54.0831321,58.8652076,95.2996537,88.3192892,92.7705922,5.8300177,5.7754793,5.7978668,5.6718958,5.605901,5.6872558,6.0251465,5.9846887,5.9336216,6.0363283,6.0716974,5.9643943,5.4829445,5.4312269,5.4178091,7.0963148,7.2963739,6.9969785,5.3096446,5.027469,5.3704821,6.7572408,6.6082678,7.2623649,4.7226792,4.3851127,4.6086817,9989.6479872,9985.0885611,10069.89368,5518.0864132,5514.8947331,5548.806528,4471.561574,4470.1938279,4521.087155,63.428725,63.3990864,63.937546,71.3608412,71.3153443,71.7538715,55.7783651,55.7626424,56.3975022,5679.684318,2184.304472,3495.379845,15749.578,7733.111,8016.467
2003-10-01,9424.4045699,9432.0155131,9447.761582,5222.2516526,5224.3760759,5236.584672,4202.1529173,4207.6394372,4211.17691,6743.1409819,6750.3639148,6744.640764,4458.7007184,4463.0381444,4462.177406,2284.4402635,2287.3257703,2282.463358,2681.263588,2681.6515983,2703.120818,763.5509342,761.3379314,774.4072661,1917.7126538,1920.3136669,1928.713552,59.7727852,59.8195327,59.9193971,67.4566256,67.4809358,67.6386288,52.3608793,52.4287172,52.4727954,575.1542202,578.9952242,544.3100713,306.804641,317.1205559,299.7376207,268.3495792,261.8746682,244.5724506,424.0877744,429.2230185,403.0411985,252.5291522,263.6891321,249.8882252,171.5586223,165.5338864,153.1529733,151.0664457,149.7722056,141.2688728,54.2754888,53.4314238,49.8493955,96.7909569,96.3407818,91.4194773,5.751796,5.7835841,5.4474196,5.5489513,5.7226518,5.4140204,6.0026715,5.8591306,5.4889185,5.9170397,5.9783804,5.6387679,5.3601535,5.578683,5.3031567,6.9852891,6.7486081,6.2880582,5.3336456,5.2896428,4.9665794,6.6365536,6.5578588,6.0478001,4.8047051,4.7772578,4.5254187,9999.55879,10011.0107372,9992.071653,5529.0562935,5541.4966318,5536.322293,4470.5024965,4469.5141054,4455.749361,63.4206093,63.4916242,63.3715092,71.4196682,71.5770406,71.510206,55.7046462,55.6917708,55.5202571,5775.379347,2205.680707,3569.698639,15767.451,7742.003,8025.448
2003-11-01,9440.9568416,9428.1947752,9427.739637,5237.53085,5229.1384054,5218.085515,4203.4259916,4199.0563698,4209.654122,6762.862544,6763.9399525,6760.339722,4473.1781256,4473.1254433,4467.368051,2289.6844183,2290.8145091,2292.971671,2678.0942976,2664.2548227,2667.399915,764.3527243,756.0129621,750.7174644,1913.7415733,1908.2418607,1916.682451,59.8068883,59.7276126,59.7247293,67.5711508,67.4648929,67.3222916,52.3164438,52.2633611,52.3952655,569.1597236,565.8369351,523.4041318,302.4652112,298.1908837,278.041877,266.6945124,267.6460514,245.3622548,417.1131002,413.8912962,389.4964681,248.4170578,243.7794008,230.6851681,168.6960424,170.1118954,158.8113,152.0466234,151.945639,133.9076638,54.0481534,54.4114829,47.3567089,97.99847,97.5341561,86.5509549,5.6858451,5.6617484,5.2597384,5.4596647,5.3948456,5.0588689,5.9661594,5.9920278,5.50755,5.8093944,5.7662445,5.4476279,5.2612951,5.1682069,4.9102289,6.8620803,6.9125145,6.47738,5.3724047,5.3954128,4.7801843,6.6041172,6.7139489,5.9338731,4.8713287,4.8626644,4.3205627,10010.1165652,9994.0317104,9951.143769,5539.9960612,5527.3292891,5496.127392,4470.1205041,4466.7024213,4455.016377,63.4124203,63.3121895,63.0404944,71.4733564,71.3120689,70.9095107,55.635762,55.5946053,55.4491555,5834.176231,2254.775608,3579.400623,15785.32,7750.903,8034.417
2003-12-01,9455.6621319,9460.1020498,9573.575382,5249.8824679,5258.1231773,5323.833424,4205.779664,4201.9788725,4249.741958,6778.5513296,6775.8759845,6898.095798,4484.6852235,4485.5403794,4555.026775,2293.8661061,2290.3356052,2343.069023,2677.1108023,2684.2260653,2675.479584,765.1972444,772.5827979,768.8066495,1911.913558,1911.6432674,1906.672935,59.8255662,59.8619662,60.5800067,67.6433825,67.7611967,68.6080017,52.2825828,52.2412747,52.8350913,564.3391834,569.846903,563.4490053,299.9059726,301.3655551,296.2556265,264.4332108,268.4813479,267.1933788,411.4648401,414.3996801,408.9632063,245.4882341,246.3139206,239.2003091,165.976606,168.0857595,169.7628971,152.8743433,155.4472229,154.485799,54.4177385,55.0516345,57.0553174,98.4566048,100.3955884,97.4304816,5.6321268,5.6814537,5.5583274,5.4039172,5.4207423,5.2713689,5.9154501,6.0056758,5.9153687,5.7227248,5.7633351,5.5968236,5.1898358,5.2054418,4.9893404,6.7474479,6.837142,6.7558397,5.4019486,5.4741235,5.4589289,6.639427,6.6516849,6.9085779,4.8974366,4.989744,4.8615496,10020.0013153,10029.9489529,10137.02439,5549.7884405,5559.4887324,5620.089051,4470.2128748,4470.4602205,4516.935336,63.3961159,63.4678634,64.1454191,71.5075936,71.644881,72.4258346,55.5697857,55.5791801,56.1569839,5666.168613,2139.695949,3526.472664,15803.193,7759.785,8043.408
2004-01-01,9468.3999242,9461.9027007,9363.827661,5259.3389007,5265.6428657,5236.831237,4209.0610235,4196.2598349,4126.996424,6789.4326302,6805.3431285,6827.228192,4493.0420215,4497.2385353,4503.095583,2296.3906087,2308.1045932,2324.132609,2678.967294,2656.5595722,2536.599469,766.2968792,768.4043305,733.7356544,1912.6704148,1888.1552417,1802.863815,59.8304085,59.7914929,59.1717388,67.6764028,67.760441,67.3896812,52.2594772,52.1024551,51.2424527,559.9972603,553.9549471,603.7775316,298.7199069,295.1763642,326.0699267,261.2773535,258.7785829,277.7076049,406.8324507,399.9593856,447.2677321,243.516766,239.9280408,266.9514063,163.3156847,160.0313448,180.3163258,153.1648096,153.9955615,156.5097994,55.2031409,55.2483234,59.1185204,97.9616688,98.7472381,97.3912791,5.5841153,5.530779,6.0573981,5.3745366,5.3081453,5.8615085,5.8446885,5.8086723,6.304796,5.6533833,5.5509034,6.1484361,5.141217,5.0648006,5.5964104,6.6396417,6.4838951,7.1998404,5.4081097,5.4791866,5.8114909,6.7197979,6.7077212,7.4564179,4.8721827,4.9699086,5.1251687,10028.3971845,10015.8576478,9967.605193,5558.0588076,5560.8192299,5562.901164,4470.3383769,4455.0384178,4404.704029,63.3690069,63.2920355,62.9871194,71.5202868,71.5588909,71.5856821,55.5034829,55.3155544,54.6905823,5857.225807,2208.067836,3649.157971,15824.831,7770.969,8053.862
2004-02-01,9479.8771353,9465.4296182,9434.453805,5266.5149283,5265.1231879,5257.937541,4213.3622071,4200.3064303,4176.516264,6796.8982877,6778.9532431,6818.29217,4499.0294937,4492.6729635,4515.545701,2297.868794,2286.2802796,2302.746469,2682.9788476,2686.4763751,2616.161635,767.4854346,772.4502244,742.39184,1915.4934131,1914.0261507,1873.769795,59.8292454,59.7321095,59.536635,67.6821896,67.6566084,67.5642731,52.2509683,52.0849308,51.7899263,555.5154106,566.086493,640.791082,298.1353525,302.7700932,335.0801544,257.380058,263.3163998,305.7109276,403.1401059,409.0121001,459.1029973,242.2723782,245.3828306,270.9455343,160.8677278,163.6292695,188.157463,152.3753046,157.0743929,181.6880847,55.8629744,57.3872625,64.1346201,96.5123303,99.6871303,117.5534646,5.5355623,5.6430801,6.3600547,5.3576656,5.4377855,5.9910441,5.7569872,5.8991633,6.8205139,5.5991383,5.6902347,6.3086171,5.1098282,5.1789772,5.6606295,6.5426989,6.6789923,7.5537824,5.3741189,5.5238821,6.4938472,6.7848524,6.9154821,7.9519549,4.7968218,4.9504133,5.9032839,10035.3925459,10031.5161112,10075.24489,5564.6502808,5567.8932811,5593.017696,4470.7422651,4463.6228301,4482.227191,63.3352051,63.3044292,63.580382,71.5136519,71.5471912,71.8700388,55.4428033,55.3501251,55.5808242,5771.223113,2189.109304,3582.113809,15846.468,7782.127,8064.341
2004-03-01,9490.7675059,9498.9225039,9506.389698,5271.8596392,5268.4888648,5273.381263,4218.9078667,4230.4336391,4233.008435,6802.9401827,6819.0570919,6796.007437,4503.2507756,4508.7499945,4502.553202,2299.6894071,2310.3070974,2293.454235,2687.8273232,2679.865412,2710.38226,768.6088637,759.7388703,770.8280604,1919.2184596,1920.1265417,1939.5542,59.8292082,59.8617283,59.9087862,67.6702195,67.6027721,67.665549,52.2619965,52.3905492,52.422436,551.402237,546.212296,575.8555786,297.9747999,295.1990319,302.7488902,253.4274371,251.0132641,273.1066884,400.5150498,399.9095515,408.5607984,241.5799451,241.7517135,242.3743726,158.9351047,158.157838,166.1864258,150.8871872,146.3027445,167.2947802,56.3948547,53.4473184,60.3745176,94.4923324,92.8554261,106.9202626,5.4908675,5.4375805,5.7115807,5.3497964,5.3058158,5.4293727,5.6665572,5.6011656,6.0608014,5.5600408,5.5397063,5.6708575,5.0914344,5.0889722,5.1080732,6.4643911,6.4071333,6.7565327,5.315335,5.1767176,5.8135356,6.8357092,6.5725807,7.2635142,4.692448,4.6128295,5.2246077,10042.1697429,10045.1347999,10082.24528,5569.8344391,5563.6878967,5576.130153,4472.3353038,4481.4469032,4506.115123,63.3052136,63.3039305,63.5377989,71.4950596,71.3906273,71.5502805,55.4013455,55.4991484,55.8046447,5785.860724,2217.172847,3568.687877,15868.106,7793.303,8074.803
2004-04-01,9501.0129344,9508.7566575,9512.044937,5276.096473,5271.2915773,5278.075624,4224.9164613,4237.4650801,4233.969313,6808.572702,6814.4097212,6778.680187,4505.8899629,4503.8067888,4492.960077,2302.6827392,2310.6029324,2285.720111,2692.4402323,2694.3469363,2733.36475,770.2065102,767.4847885,785.1155471,1922.2337222,1926.8621477,1948.249203,59.8309015,59.8745257,59.8952313,67.6510559,67.582784,67.6697617,52.2834612,52.4348933,52.3916363,549.067161,554.1934627,561.8345207,298.4876452,304.8560794,307.4368549,250.5795158,249.3373833,254.3976658,399.2156816,405.1179603,406.3494165,241.5108726,245.3711853,245.6506941,157.704809,159.746775,160.6987224,149.8514794,149.0755024,155.4851042,56.9767725,59.4848941,61.7861608,92.8747068,89.5906083,93.6989434,5.4633113,5.5072663,5.5771416,5.3544379,5.467145,5.5041835,5.5989217,5.5571286,5.6679337,5.538671,5.6114192,5.6555009,5.0872231,5.1666033,5.1840235,6.4097548,6.4665652,6.568733,5.2722062,5.2428194,5.3822494,6.8880469,7.1931167,7.2955527,4.6089186,4.4429808,4.5887034,10050.0800954,10062.9501202,10073.87946,5574.5841182,5576.1476568,5585.512479,4475.4959771,4486.8024634,4488.366979,63.2885521,63.3641587,63.4329783,71.4783181,71.4913181,71.6113837,55.3843899,55.5202236,55.5395831,5807.259542,2214.242521,3593.017021,15881.139,7799.755,8081.384
2004-05-01,9512.0748537,9524.7267421,9533.473324,5280.2567031,5285.6184659,5283.060078,4231.8181505,4239.1082762,4250.413246,6815.4881652,6814.6122946,6785.448882,4507.6628828,4507.5035784,4495.326012,2307.8252824,2307.1087162,2290.12287,2696.5866884,2710.1144475,2748.024442,772.5938204,778.1148875,787.7340662,1923.9928681,1931.99956,1960.290376,59.8421413,59.9259033,59.9809334,67.6362308,67.7106569,67.6778831,52.3194444,52.4123892,52.552164,548.4126766,536.9739454,538.0881862,299.5124491,290.8336968,292.3528115,248.9002276,246.1402486,245.7353747,398.4764514,395.1086612,394.2807247,241.696569,240.1357965,240.8575031,156.7798824,154.9728646,153.4232216,149.9362252,141.8652843,143.8074615,57.81588,50.6979003,51.4953084,92.1203452,91.167384,92.3121531,5.4511541,5.336811,5.3426491,5.3678287,5.2153894,5.2436083,5.5549179,5.4877728,5.4654638,5.5236818,5.4802213,5.4915818,5.0890351,5.0580041,5.0854766,6.3612576,6.2943838,6.278712,5.2673465,4.9742739,4.9728845,6.962332,6.1169303,6.1360231,4.569205,4.5061721,4.4973224,10060.4875303,10061.7006875,10071.56151,5579.7691522,5576.4521628,5575.41289,4480.7183781,4485.2485248,4496.148621,63.2923022,63.304336,63.3663765,71.4727664,71.4363402,71.4230268,55.3966848,55.4556704,55.5904394,5822.61149,2230.77111,3591.840379,15894.173,7806.184,8087.989
2004-06-01,9526.6549832,9529.6057841,9543.32482,5285.6648637,5289.1542307,5290.313687,4240.9901195,4240.4515534,4253.011132,6825.3173469,6832.1245813,6793.726223,4509.4200521,4511.600338,4490.589627,2315.8972948,2320.5242433,2303.136596,2701.3376363,2697.4812028,2749.598597,776.2448116,777.5538927,799.7240608,1925.0928247,1919.9273101,1949.874536,59.8766782,59.9074771,59.9937212,67.6388024,67.6999956,67.7148364,52.3843605,52.386372,52.5415326,548.979616,550.7171238,537.2928021,300.7036657,301.3863237,293.9883545,248.2759504,249.3308001,243.3044476,397.7357937,397.3306125,391.9370039,241.7535217,241.5057806,239.5979099,155.982272,155.8248319,152.339094,151.2438224,153.3865113,145.3557982,58.950144,59.8805431,54.3904446,92.2936784,93.5059682,90.9653536,5.448586,5.4632885,5.3299592,5.3828111,5.3910051,5.2645497,5.5304352,5.5532937,5.411196,5.5064775,5.4959966,5.4544305,5.0882907,5.0810097,5.0652941,6.3102699,6.2925229,6.2040563,5.3019984,5.3803447,5.0210048,7.0582495,7.1504754,6.3680507,4.574913,4.6441056,4.4572509,10075.6345992,10080.3229079,10080.61762,5586.3685293,5590.5405544,5584.302042,4489.2660699,4489.7823535,4496.31558,63.3271103,63.3695377,63.3713904,71.486802,71.5576734,71.4778219,55.4510446,55.4665949,55.5473062,5826.588378,2228.333958,3598.25442,15907.206,7812.636,8094.57
2004-07-01,9546.761296,9538.0484528,9553.104944,5292.9525385,5286.2498744,5301.651576,4253.8087575,4251.7985784,4251.453368,6839.1961777,6838.7497258,6865.015908,4512.1776513,4511.2540192,4526.982162,2327.0185264,2327.4957067,2338.033747,2707.5651183,2699.298727,2688.089036,780.7748873,774.9958552,774.6694139,1926.790231,1924.3028717,1913.419622,59.9439148,59.8919705,59.9865143,67.6631763,67.5815165,67.778418,52.492471,52.469407,52.4651469,548.9106042,560.5306126,512.2979103,301.3012607,300.5605534,274.9926714,247.6093435,259.9700591,237.3052389,395.7894333,414.0671367,382.5467738,241.1588941,244.6565622,226.9398104,154.6305393,169.4105744,155.6069633,153.1211709,146.4634759,129.7511366,60.1423666,55.9039912,48.052861,92.9788043,90.5594847,81.6982756,5.4370884,5.5505889,5.0896911,5.3859062,5.3798237,4.9311496,5.5006964,5.7620432,5.2866563,5.4704937,5.7090527,5.2782817,5.0734656,5.1442633,4.7737386,6.2309591,6.7848191,6.2401517,5.3526027,5.1467222,4.6046308,7.1519958,6.7281263,5.8407147,4.6034375,4.4945743,4.0949097,10095.6719002,10098.5790654,10065.40285,5594.2537992,5586.8104278,5576.644247,4501.418101,4511.7686375,4488.758607,63.390513,63.4116929,63.2033706,71.5149018,71.4240019,71.2940334,55.5479978,55.6775728,55.393617,5860.018145,2245.390753,3614.627393,15925.421,7822.035,8103.386
2004-08-01,9572.0220752,9535.1729648,9462.086553,5301.7820403,5269.3664274,5230.516501,4270.2400349,4265.8065374,4231.570052,6856.1599523,6847.0436871,6772.970418,4516.3475363,4506.0468986,4468.445107,2339.8124159,2340.9967885,2304.525311,2715.8621229,2688.1292777,2689.116135,785.434504,763.3195289,762.0713941,1930.427619,1924.8097488,1927.044741,60.0393118,59.8055259,59.3471209,67.7027529,67.2848993,66.788822,52.64132,52.5850307,52.162994,546.7637074,556.7922202,529.3543759,300.561641,302.6472663,287.239607,246.2020665,254.1449538,242.1147689,392.2983351,391.4018515,370.2480044,239.6695886,236.7066695,226.7307115,152.6287465,154.695182,143.5172929,154.4653723,165.3903687,159.1063715,60.8920523,65.9405968,60.5088955,93.57332,99.4497718,98.597476,5.4034517,5.5171833,5.2980784,5.3649269,5.43156,5.2057322,5.4512393,5.6227363,5.4119764,5.4121624,5.4072639,5.1832099,5.039292,4.9909123,4.8290143,6.123665,6.1984886,5.8625325,5.3814546,5.796013,5.5861637,7.1948649,7.9517385,7.3559866,4.6231856,4.9128963,4.8674675,10118.7857826,10091.9651849,9991.440929,5602.3436813,5572.0136937,5517.756108,4516.4421014,4519.9514912,4473.684821,63.4688188,63.2977805,62.6672826,71.5408681,71.1494229,70.4566041,55.6763722,55.7179013,55.1475674,5952.191071,2313.668892,3638.522179,15943.632,7831.425,8112.207
2004-09-01,9601.5262378,9591.4444311,9668.62688,5312.1993504,5309.0234393,5335.44388,4289.3268874,4282.4209918,4333.183,6875.7030532,6860.5886005,6956.694085,4522.6993361,4516.9208928,4556.252697,2353.0037171,2343.6677077,2400.441387,2725.8231847,2730.8558306,2711.932795,789.5000144,792.1025465,779.1911829,1936.3231703,1938.7532841,1932.741612,60.1566835,60.0898156,60.573359,67.7580002,67.7099761,68.0469359,52.818314,52.7325637,53.3576332,542.0716109,544.3567527,551.2600005,298.0825354,301.2534114,307.7621326,243.9890755,243.1033413,243.497868,387.7354453,388.6083694,385.801016,237.216788,240.361971,241.5410943,150.5186574,148.2463984,144.2599217,154.3361656,155.7483832,165.4589845,60.8657475,60.8914403,66.2210382,93.4704181,94.8569429,99.2379463,5.3439777,5.3706337,5.3939932,5.3131472,5.369671,5.4536753,5.3821326,5.3718271,5.320403,5.3381803,5.3607092,5.2543585,4.9836338,5.0525053,5.0344201,6.0122753,5.9490974,5.6690316,5.3585981,5.3955573,5.7503113,7.1575962,7.1385545,7.832988,4.6049223,4.6644604,4.8838063,10143.5978488,10135.8011838,10219.88688,5610.2818859,5610.2768506,5643.206013,4533.3159629,4525.5243331,4576.680868,63.5529384,63.5001775,64.0269693,71.5600933,71.5520878,71.9720582,55.8227695,55.7260719,56.3559996,5741.960119,2197.622987,3544.337132,15961.847,7840.829,8121.018
2004-10-01,9634.3457659,9645.5138162,9662.242149,5324.3038788,5325.2465857,5337.561301,4310.0418871,4320.2672305,4324.680848,6897.3998681,6910.6083514,6900.946403,4531.8283602,4535.6996841,4533.666105,2365.571508,2374.9086673,2367.280298,2736.9458978,2734.9054647,2761.295746,792.4755186,789.5469015,803.8951965,1944.4703792,1945.3585632,1957.40055,60.2895879,60.3567801,60.4614576,67.829564,67.8373892,67.9942642,53.0102126,53.1345114,53.188794,535.6197691,520.7976643,490.1177871,293.9142353,284.5448663,269.658514,241.7055338,236.252798,220.4592731,382.7103909,368.7523774,346.5800637,233.7283041,221.2023429,210.210187,148.9820868,147.5500345,136.3698767,152.9093782,152.0452869,143.5377234,60.1859312,63.3425234,59.448327,92.723447,88.7027635,84.0893964,5.2666822,5.1227789,4.8276242,5.2314494,5.0722896,4.8091304,5.3101702,5.1849393,4.8504395,5.2569312,5.0657247,4.7820462,4.9045331,4.6501345,4.4311903,5.9247927,5.8494529,5.4468423,5.2912469,5.2666394,4.9413409,7.0585965,7.4268154,6.8858253,4.551528,4.3608697,4.1190208,10169.965535,10166.3114804,10152.35994,5618.2181141,5609.7914519,5607.219815,4551.7474209,4556.5200285,4545.140121,63.641377,63.6156703,63.5283685,71.5739173,71.4621567,71.4293971,55.9830054,56.0401597,55.9001994,5828.469064,2242.797185,3585.671879,15980.829,7850.017,8130.812
2004-11-01,9669.4313221,9683.6864774,9652.922702,5338.8704427,5346.653488,5323.585861,4330.5608794,4337.0329895,4329.336841,6920.9391967,6928.2930586,6928.166007,4544.1886939,4546.0504938,4541.909987,2376.7505028,2382.2425648,2386.25602,2748.4921254,2755.3934188,2724.756696,794.6817489,800.6029942,781.6758741,1953.8103766,1954.7904247,1943.080822,60.4310324,60.5237403,60.3314645,67.9265488,68.0306613,67.7371495,53.1944491,53.2763606,53.1818206,529.6123717,526.9934753,485.8762342,288.9965859,289.9026666,269.065459,240.6157857,237.0908087,216.8107752,378.697616,374.0875003,351.1687153,229.8346872,231.9823923,218.7716282,148.8629288,142.1051081,132.3970871,150.9147557,152.9059749,134.7075189,59.1618987,57.9202743,50.2938308,91.7528569,94.9857006,84.4136881,5.192765,5.1611986,4.7922465,5.1350998,5.1432587,4.8110537,5.2637604,5.1833055,4.7691099,5.1878967,5.1228157,4.8241869,4.8142765,4.8551862,4.5953846,5.8941296,5.6293794,5.2566623,5.2050216,5.2575734,4.7109356,6.9288914,6.7465002,6.0451517,4.4854569,4.6339549,4.1634484,10199.0436938,10210.6799527,10138.79894,5627.8670287,5636.5561545,5592.65132,4571.1766651,4574.1237981,4546.147617,63.7409501,63.8174876,63.3682261,71.6034578,71.7193743,71.1607305,56.1500533,56.1887976,55.8451366,5861.016063,2266.53068,3594.485383,15999.815,7859.182,8140.633
2004-12-01,9705.8759196,9692.5828887,9807.834475,5355.5887662,5347.369584,5411.815651,4350.2871534,4345.2133047,4396.018824,6946.2925408,6937.1223696,7059.501854,4559.5204941,4555.086917,4622.922153,2386.7720467,2382.0354526,2436.579701,2759.5833788,2755.4605191,2748.332621,796.0682721,792.282667,788.893498,1963.5151067,1963.177852,1959.439123,60.57544,60.507558,61.2270352,68.0445204,67.9603306,68.779383,53.3642307,53.3127009,53.9360488,525.664716,517.5091777,514.0706967,284.2718269,281.1302264,277.5292663,241.3928891,236.3789513,236.5414304,376.3752214,372.1717118,368.5053358,226.1034218,224.849418,219.1167969,150.2717996,147.3222938,149.3885389,149.2894945,145.3374659,145.5653609,58.168405,56.2808084,58.4124694,91.1210895,89.0566575,87.1528915,5.1376888,5.0686044,4.9803858,5.0404052,4.994763,4.8780531,5.2571801,5.1593188,5.1060627,5.1398648,5.09176,4.9610256,4.7246383,4.7040254,4.5253002,5.9231061,5.8244941,5.7768899,5.132211,5.0102581,5.0300792,6.8094015,6.6324807,6.8939051,4.4349014,4.3394971,4.2584399,10231.5406356,10210.0920664,10321.90517,5639.8605931,5628.4998104,5689.344917,4591.6800425,4581.592256,4632.560254,63.8561713,63.738195,64.4362069,71.6562876,71.5332467,72.3065341,56.3253561,56.2129039,56.8382452,5696.891828,2179.024083,3517.867746,16018.797,7868.369,8150.428
2005-01-01,9742.1888662,9743.8098288,9634.401564,5373.6237189,5378.3407052,5342.185036,4368.5651474,4365.4691237,4292.216528,6972.8392281,6967.648179,6974.672246,4577.0759648,4577.6581992,4576.982372,2395.7632633,2389.9899797,2397.689874,2769.3496382,2776.1616499,2659.729317,796.5477541,800.6825059,765.2026639,1972.8018841,1975.4791439,1894.526653,60.7157932,60.7306256,60.0487124,68.1749885,68.2410691,67.7823214,53.5138557,53.4792196,52.581838,524.6268675,520.8316738,568.9236013,280.8139031,278.0352671,308.3379791,243.8129644,242.7964067,260.5856221,375.9608523,377.4347575,423.6225347,223.2151151,225.6408095,252.2560296,152.7457373,151.793948,171.3665051,148.6660151,143.3969163,145.3010665,57.598788,52.3944576,56.0819495,91.0672271,91.0024587,89.219117,5.1099278,5.0740367,5.5758647,4.966257,4.9154312,5.4568042,5.2860576,5.2687156,5.7236316,5.1159488,5.1386044,5.7259483,4.6500329,4.6976216,5.2235158,5.9935334,5.9719454,6.6704066,5.0947641,4.9115958,5.1800176,6.7434316,6.1418207,6.8285645,4.4124517,4.4037391,4.4975076,10266.8157337,10264.6415027,10203.32516,5654.4376219,5656.3759723,5650.523015,4612.3781118,4608.2655304,4552.80215,63.9854009,63.9768335,63.5946648,71.7376653,71.7688159,71.6945528,56.500505,56.4535992,55.7741446,5840.984835,2230.860985,3610.12385,16044.31,7881.384,8162.926
2005-02-01,9777.3544006,9774.9501305,9744.614596,5392.0242006,5390.0573763,5385.450767,4385.3302,4384.8927542,4359.163829,6999.3611389,7013.2362208,7057.599227,4595.2666429,4601.3352813,4627.034243,2404.0944959,2411.9009394,2430.564985,2777.9932618,2761.7139097,2687.015369,796.7575577,788.722095,758.4165241,1981.2357041,1972.9918148,1928.598844,60.8495074,60.8279963,60.639223,68.3099838,68.2771462,68.2187932,53.6458913,53.6349385,53.3202286,525.6038481,523.6056853,592.0104568,278.6313577,276.1984667,305.2344419,246.9724904,247.4072186,286.7760149,376.2979779,375.2616009,421.4104849,221.0564902,216.8428363,239.046922,155.2414876,158.4187646,182.363563,149.3058702,148.3440844,170.5999718,57.5748675,59.3556304,66.1875199,91.7310028,88.988454,104.412452,5.1014848,5.0842632,5.727309,4.9135652,4.874444,5.3637555,5.3315275,5.3409153,6.1726158,5.1018895,5.0789972,5.634576,4.5897354,4.5005152,4.9125141,6.0656939,6.1633875,6.9792786,5.1004651,5.0976333,5.9700118,6.7391645,6.9988432,8.026582,4.4251074,4.3156792,5.135852,10302.9582487,10298.5558158,10336.62505,5670.6555583,5666.2558431,5690.685209,4632.3026905,4632.2999728,4645.939844,64.1206106,64.0863132,64.3232121,71.8398833,71.7758183,72.0852709,56.6671141,56.6611633,56.8280028,5733.195947,2203.694791,3529.501156,16069.821,7894.38,8175.441
2005-03-01,9810.365972,9816.3792344,9828.33476,5409.4819247,5411.699431,5417.93055,4400.8840474,4404.6798035,4410.40421,7024.4106164,7015.0847125,6990.944961,4612.5463135,4611.6412569,4605.296709,2411.8643029,2403.4434555,2385.648252,2785.9553557,2801.294522,2837.389799,796.9356112,800.0581741,812.6338414,1989.0197445,2001.2363479,2024.755958,60.9740937,60.988975,61.0632545,68.4374413,68.4384608,68.517262,53.7671269,53.7947315,53.8646442,526.8490352,534.3869544,565.3458876,277.387383,277.108557,285.9044596,249.4616522,257.2783974,279.441428,375.9543882,377.044863,386.1677347,219.4717532,216.802472,217.7354152,156.482635,160.242391,168.4323195,150.894647,157.3420914,179.1781529,57.9156298,60.306085,68.1690444,92.9790172,97.0360063,111.0091085,5.0966245,5.1627768,5.4393232,4.8776817,4.8711181,5.0124953,5.3643679,5.5186766,5.9584355,5.0802141,5.1006257,5.2346731,4.5420309,4.4901108,4.5144923,6.0927374,6.2504691,6.5946361,5.137976,5.3180607,5.9398016,6.7749366,7.0093666,7.7394211,4.4658536,4.6245668,5.1976273,10337.2150072,10350.7661888,10393.68065,5686.8693077,5688.807988,5703.83501,4650.3456995,4661.9582008,4689.845638,64.2486038,64.3091109,64.5757376,71.946776,71.9428837,72.1329213,56.8148865,56.9368946,57.2774863,5701.653353,2203.55999,3498.093362,16095.334,7907.395,8187.939
2005-04-01,9839.9029447,9855.165875,9856.253247,5424.6859885,5438.9841737,5445.635643,4415.2169562,4416.1817013,4410.617604,7046.4341233,7062.3049308,7025.591855,4627.5662114,4636.8665009,4626.208188,2418.8679119,2425.4384299,2399.383666,2793.4688214,2792.8609441,2830.661392,797.1197771,802.1176727,819.4274545,1996.3490443,1990.7432714,2011.233938,61.0831115,61.1714497,61.1781991,68.5430796,68.7159316,68.799966,53.8787487,53.8850775,53.8171859,526.6804942,532.0375131,539.4792673,276.6170436,282.0437738,283.9827307,250.0634506,249.9937394,255.4965366,374.4029112,384.6643133,385.7148163,218.5254535,225.7097737,225.6652739,155.8774577,158.9545396,160.0495423,152.277583,147.3731998,153.764451,58.0915901,56.3340001,58.3174568,94.185993,91.0391997,95.4469943,5.08056,5.1220477,5.1894301,4.8518215,4.9299492,4.9563987,5.3600948,5.3575727,5.4755741,5.0452922,5.1653807,5.2044104,4.5093132,4.6417734,4.6510956,6.0540922,6.1505561,6.2533198,5.1694057,5.0122947,5.1522289,6.7926588,6.5622797,6.6440097,4.5053535,4.373137,4.5306811,10366.5834389,10387.2033881,10395.73251,5701.3030321,5721.0279474,5729.618373,4665.2804068,4666.1754407,4666.114141,64.3525831,64.47383,64.5267707,72.0382467,72.2792625,72.3877936,56.9302648,56.9354348,56.9346868,5714.995486,2185.553627,3529.441859,16110.728,7915.172,8195.556
2005-05-01,9865.0158608,9839.1839776,9850.755076,5436.9426243,5426.6632407,5423.954199,4428.0732365,4412.520737,4426.800877,7063.231337,7033.4929245,7005.514055,4639.1274532,4631.6192412,4619.286037,2424.1038838,2401.8736833,2386.228018,2801.7845238,2805.6910531,2845.241021,797.8151711,795.0439994,804.6681621,2003.9693527,2010.6470537,2040.572859,61.1697119,61.0139536,61.0857073,68.6172315,68.4930671,68.4588747,53.9766755,53.7903487,53.9644291,524.9003965,528.7034595,530.6886026,276.0463097,279.4012366,281.7874148,248.8540868,249.3022229,248.9011878,371.8394473,371.153078,370.9724088,218.1382926,219.4079014,221.0758097,153.7011547,151.7451766,149.8965991,153.0609492,157.5503816,159.7161938,57.9080171,59.9933352,60.7116051,95.1529321,97.5570463,99.0045887,5.0520176,5.0994329,5.111896,4.831907,4.8965664,4.9386641,5.3208885,5.3477411,5.3232902,5.0011554,5.0124351,5.0291207,4.4909689,4.5229164,4.5673406,5.9624817,5.9423581,5.9104587,5.1799984,5.3168257,5.3150904,6.7671436,7.016458,7.0156026,4.5329866,4.6274953,4.6272963,10389.9162573,10367.8874372,10381.44368,5712.988934,5706.0644773,5705.741614,4676.9273233,4661.8229599,4675.702064,64.4244463,64.2925068,64.3765707,72.1010891,72.0195523,72.0154773,57.0101204,56.82944,56.9986317,5744.677321,2217.196386,3527.480936,16126.121,7922.938,8203.183
2005-06-01,9885.0580937,9885.5107365,9896.608919,5446.1297284,5450.2791662,5449.888711,4438.9283654,4435.2315703,4446.720208,7073.3571229,7087.4697814,7047.176693,4646.9491193,4655.0246806,4632.25807,2426.4080036,2432.4451008,2414.918623,2811.7009708,2798.040955,2849.432226,799.1806091,795.2544856,817.6306415,2012.5203617,2002.7864695,2031.801584,61.2267339,61.2427689,61.3115245,68.6547302,68.7236276,68.7187043,54.0518314,54.017085,54.1570061,521.8450138,514.8210816,502.5475118,275.6610314,271.7699217,265.3246528,246.1839824,243.0511599,237.2228589,369.0850821,364.9637707,360.5836249,218.4448384,216.0788538,214.8957616,150.6402438,148.8849169,145.6878633,152.7599317,149.857311,141.9638868,57.216193,55.691068,50.4288912,95.5437387,94.166243,91.5349956,5.0144121,4.9500448,4.8325796,4.8177405,4.749521,4.6424278,5.2546015,5.1953072,5.0645974,4.9591931,4.8972429,4.867647,4.4897667,4.4359323,4.4334422,5.8454569,5.7677599,5.6895842,5.1530426,5.0835306,4.7457402,6.6810377,6.54461,5.8093817,4.5322976,4.4906231,4.3109037,10406.9031076,10400.3318181,10399.15643,5721.7907598,5722.0490879,5715.213364,4685.1123478,4678.2827302,4683.943067,64.4589724,64.4321913,64.4249095,72.1297546,72.1504273,72.0642343,57.0495583,56.9772269,57.0461647,5742.358569,2215.507636,3526.850933,16141.515,7930.721,8210.794
2005-07-01,9900.8669066,9900.4262246,9912.33429,5452.5865067,5449.9622677,5466.017305,4448.2803999,4450.4639569,4446.316984,7077.7518188,7078.7301122,7104.006952,4651.825269,4646.0883535,4662.366453,2425.9265497,2432.6417587,2441.640499,2823.1150878,2821.6961123,2808.327338,800.7612377,803.8739142,803.6508525,2022.3538502,2017.8221982,2004.676486,61.2559713,61.2566175,61.3302959,68.6560654,68.6272832,68.8294523,54.1073105,54.1364836,54.0860389,518.6912742,518.0099897,473.5500571,275.9446625,270.9058748,246.8509823,242.7466117,247.1041149,226.6990747,367.1737259,362.4630771,335.2109798,219.5522656,213.3518668,197.4586244,147.6214603,149.1112102,137.7523554,151.5175483,155.5469127,138.3390773,56.3923969,57.554008,49.3923579,95.1251514,97.9929046,88.9467194,4.9780544,4.9720513,4.5595545,4.817023,4.735398,4.320964,5.1747008,5.2602562,4.8512368,4.9318657,4.8710344,4.5059976,4.5069852,4.3904618,4.0630809,5.7361067,5.7755801,5.3404953,5.0936558,5.2245286,4.6947655,6.5790302,6.6812332,5.7901355,4.4923776,4.6314493,4.2484588,10419.5581808,10418.4362143,10385.88435,5728.5311692,5720.8681425,5712.868288,4691.0270116,4697.5680718,4673.016059,64.4650779,64.4616856,64.2602784,72.1306136,72.0385975,71.9378614,57.0599945,57.1423158,56.8436594,5776.330653,2228.524712,3547.805941,16162.215,7941.393,8220.822
2005-08-01,9914.2217869,9944.3801545,9870.335511,5457.5523492,5475.1781552,5434.72265,4456.6694377,4469.2019993,4435.612862,7079.4167105,7096.5871082,7022.974518,4655.3195573,4677.8867682,4640.341234,2424.0971531,2418.70034,2382.633283,2834.8050764,2847.7930464,2847.360994,802.2327919,797.2913871,794.3814157,2032.5722846,2050.5016593,2052.979578,61.2661001,61.4498695,60.9923213,68.6343579,68.8522899,68.3435477,54.1475766,54.2981764,53.8900882,517.287649,512.5398308,486.5780658,277.4422107,280.6787108,265.3828166,239.8454383,231.86112,221.1952493,367.0176977,364.0112825,342.5722871,221.4610581,225.7007823,214.7046019,145.5566397,138.3105002,127.8676852,150.2699513,148.5285483,144.0057787,55.9811527,54.9779285,50.6782147,94.2887986,93.5506198,93.327564,4.9588955,4.9014416,4.6980991,4.8377066,4.8764019,4.6557527,5.1068813,4.9320997,4.7499327,4.928771,4.8791164,4.6510096,4.5411323,4.6027685,4.4222981,5.6644455,5.4090698,5.0933135,5.0340427,4.9570296,4.8140462,6.5229833,6.4507694,5.9969987,4.4332373,4.3632621,4.3482856,10431.5094359,10456.9199853,10356.91358,5734.9945599,5755.856866,5700.105466,4696.514876,4701.0631193,4656.808111,64.46274,64.6170358,63.9990606,72.1234802,72.3819233,71.6808299,57.0616471,57.1151527,56.5774804,5826.001423,2251.958534,3574.042889,16182.915,7952.064,8230.851
2005-09-01,9925.8405787,9928.1475998,10004.56892,5461.6366386,5466.7418502,5492.701142,4464.20394,4461.4057496,4511.867776,7081.5983514,7082.8233034,7180.719115,4658.3440716,4656.9956417,4696.185709,2423.2542798,2425.8276617,2484.533405,2844.2422273,2845.3242964,2823.849803,803.292567,809.7462085,796.5154322,2040.9496603,2035.5780879,2027.334371,61.2610574,61.2711892,61.7428205,68.5967679,68.6539431,68.9799522,54.1734096,54.1375905,54.7499295,518.8362439,522.7798886,527.7070802,280.5019257,282.0835753,287.6178745,238.3343181,240.6963132,240.0892057,369.0452511,374.5467905,370.4362467,224.0793137,225.4813517,225.7983493,144.9659374,149.0654388,144.6378974,149.7909928,148.2330981,157.2708335,56.4226121,56.6022237,61.8195252,93.3683807,91.6308745,95.4513083,4.9674705,5.0022344,5.0103803,4.8849731,4.9068036,4.9758132,5.0682058,5.1189087,5.052428,4.9531996,5.0225051,4.9056896,4.5895101,4.6181754,4.5875474,5.644607,5.7891894,5.5012732,5.0029837,4.9517373,5.2755609,6.5629424,6.5334248,7.2022612,4.3746236,4.3075634,4.4965118,10444.6768225,10450.9274884,10532.276,5742.1385644,5748.8254256,5780.319016,4702.5382582,4702.1020628,4751.956982,64.4632504,64.4975056,64.9995448,72.1198008,72.1964827,72.5919942,57.0656123,57.0583557,57.6633276,5671.339002,2182.430984,3488.908018,16203.615,7962.75,8240.865
2005-10-01,9937.11768,9932.7395547,9949.709731,5465.9944143,5458.6034462,5469.991032,4471.1232657,4474.1361085,4479.718699,7086.2147189,7063.8340363,7048.590034,4661.4659838,4648.7867288,4644.746383,2424.7487351,2415.0473074,2403.843651,2850.9029611,2868.9055184,2901.119696,804.5284305,809.8167174,825.244649,2046.3745306,2059.088801,2075.875047,61.2493185,61.2199072,61.324502,68.5574801,68.461255,68.604077,54.187671,54.2226528,54.290309,522.9101364,524.5132887,494.0263603,284.6149391,283.9222466,269.9559947,238.2951973,240.5910421,224.0703657,372.8492512,373.4928842,351.165057,227.0075661,227.3477639,216.4971457,145.8416851,146.1451203,134.6679113,150.0608852,151.0204046,142.8613033,57.607373,56.5744828,53.458849,92.4535122,94.4459218,89.4024543,4.9991276,5.0157847,4.7303604,4.9493005,4.9442051,4.7031095,5.0599708,5.1029685,4.7636142,4.9986064,5.0218699,4.7456308,4.6437311,4.6624588,4.4535343,5.6734703,5.7061359,5.304995,5.000423,5.0007983,4.693239,6.6819372,6.5299004,6.0838325,4.3226248,4.3856234,4.1289144,10460.0278164,10457.2528434,10443.73609,5750.6093534,5742.5256929,5739.947027,4709.418463,4714.7271506,4703.789064,64.4723747,64.4527167,64.369407,72.1272757,72.0221793,71.9898379,57.0756839,57.1384078,57.0058477,5780.952909,2233.326973,3547.625936,16224.689,7973.274,8251.415
2005-11-01,9948.7574864,9942.2792382,9944.998167,5471.3534455,5465.2521552,5455.145331,4477.4040409,4477.027083,4489.852836,7094.3988165,7107.4716021,7109.17314,4664.8722836,4678.6452558,4674.643495,2429.5265329,2428.8263463,2434.529645,2854.3586699,2834.8076361,2835.825027,806.4811619,786.6068995,780.5018365,2047.877508,2048.2007367,2055.323191,61.2352583,61.1992101,61.2159463,68.5252411,68.4543319,68.3277401,54.1903597,54.188366,54.3436044,527.6229724,516.4613808,476.3823279,288.3980114,284.3753799,263.7820534,239.2249609,232.0860009,212.6002745,376.5155703,371.748978,348.7715001,229.0013094,227.7889251,214.6384179,147.5142609,143.9600529,134.1330822,151.1074021,144.7124028,127.6108278,59.396702,56.5864548,49.1436355,91.7107,88.125948,78.4671923,5.0363098,4.9380838,4.5712018,5.007126,4.9459792,4.6124393,5.0719478,4.928444,4.5210504,5.0397522,4.970424,4.6765096,4.6793466,4.6426573,4.3899784,5.7241725,5.5954918,5.2219032,5.0277527,4.8569032,4.3061782,6.859709,6.7109702,5.9234501,4.2863715,4.1251157,3.6773618,10476.3804587,10458.7406191,10421.3805,5759.7514569,5749.6275351,5718.927385,4716.6290018,4709.1130839,4702.453111,64.4828125,64.3782627,64.1482943,72.1372438,72.0162401,71.6317092,57.0857175,56.9974536,56.9168436,5824.383505,2264.865615,3559.517889,16245.764,7983.793,8261.971
2005-12-01,9962.0988949,9957.4888189,10074.68744,5478.5180518,5471.3486677,5535.945539,4483.5808432,4486.1401513,4538.741905,7105.126787,7099.5081105,7220.973126,4668.6577094,4666.3129773,4733.237616,2436.4690776,2433.1951332,2487.73551,2856.9721079,2857.9807084,2853.714318,809.8603424,805.0356904,802.7079232,2047.1117655,2052.9450181,2051.006395,61.2276035,61.2134259,61.9339016,68.5103345,68.4404767,69.2485117,54.1887226,54.2294199,54.8652812,530.9341975,531.791959,525.8469509,290.3576408,291.0955971,286.312025,240.5765566,240.6963619,239.5349259,378.2422608,374.7821381,368.2108878,229.12515,228.0037597,220.9071692,149.1171108,146.7783784,147.3037186,152.6919367,157.009821,157.6360631,61.2324909,63.0918375,65.4048558,91.4594459,93.9179835,92.2312073,5.0598735,5.069861,4.9605702,5.0331755,5.0515994,4.9175431,5.0924755,5.0921237,5.0129981,5.0544382,5.014284,4.8517849,4.6781402,4.6585412,4.4590374,5.7672458,5.6891428,5.5901907,5.0733881,5.2076389,5.23473,7.0293875,7.2675771,7.5341427,4.2766612,4.3746612,4.303359,10493.0330924,10489.280778,10600.5344,5768.8756926,5762.4442648,5822.257564,4724.1573998,4726.8365132,4778.276831,64.490754,64.4826043,65.1665333,72.1413345,72.0817584,72.8299561,57.0963396,57.1390089,57.7608305,5666.303605,2172.059436,3494.244169,16266.838,7994.317,8272.521
2006-01-01,9978.756459,9955.4266329,9842.669757,5487.9395611,5466.1724093,5426.493178,4490.8168979,4489.2542236,4416.176579,7117.8255391,7134.077373,7132.969712,4673.0515481,4679.3905806,4673.855003,2444.7739909,2454.6867924,2459.11471,2860.9309199,2821.3492599,2709.700045,814.888013,786.7818287,752.6381756,2046.0429069,2034.5674312,1957.061869,61.2385766,61.0983036,60.4062937,68.5209499,68.2533306,67.7578761,54.1989189,54.1823173,53.3003186,531.4471502,542.0232404,591.5153355,289.7935833,294.1694948,325.8219211,241.6535669,247.8537457,265.6934144,377.283042,384.1736083,431.9557406,227.4144953,229.4391882,256.8559116,149.8685466,154.7344201,175.099829,154.1641083,157.8496321,159.5595948,62.379088,64.7303065,68.9660095,91.7850202,93.1193256,90.5935854,5.0564877,5.1633801,5.6690133,5.0156969,5.1068062,5.6641876,5.1062879,5.2321743,5.6749422,5.0337235,5.1098801,5.7099801,4.6406708,4.6740099,5.2093079,5.7760768,5.9298368,6.6471362,5.1130763,5.2983919,5.5610023,7.1106152,7.6018067,8.3940675,4.2933774,4.3765524,4.4242592,10510.2036092,10497.4498733,10434.18509,5777.7331445,5760.341904,5752.315099,4732.4704648,4737.1079693,4681.869993,64.5000118,64.424801,64.0365333,72.1392353,71.9264763,71.8262497,57.1153954,57.1737474,56.5070617,5859.927908,2256.337901,3603.590007,16294.113,8008.653,8285.46
2006-02-01,9999.685973,9992.6950078,9961.137391,5499.3391587,5496.7192805,5492.586066,4500.3468143,4495.9757273,4468.551325,7131.5677451,7137.3071362,7184.043254,4678.197937,4673.7270268,4701.339353,2453.3698081,2463.5801094,2482.7039,2868.1182279,2855.3878716,2777.094138,821.1412217,822.9922538,791.2467129,2046.9770062,2032.3956179,1985.847425,61.2773457,61.224523,61.0311717,68.5577595,68.5121727,68.4606555,54.2385316,54.1787546,53.8482768,528.7292681,537.4240605,606.7298774,286.8740739,293.800065,324.5121668,241.8551942,243.6239955,282.2177107,373.7161704,383.6366794,430.033776,224.4120851,230.2265344,253.4838117,149.3040852,153.410145,176.5499644,155.0130977,153.7873812,176.6961014,62.4619888,63.5735306,71.0283551,92.5511089,90.2138505,105.6677463,5.0219264,5.1036846,5.7412708,4.9578898,5.073812,5.5785918,5.100061,5.1401808,5.9404637,4.9793742,5.1009114,5.6478779,4.5774003,4.6947128,5.1159003,5.7365652,5.8620832,6.639079,5.1275674,5.1106156,5.9820125,7.0690088,7.1707629,8.2373198,4.325772,4.2501389,5.0522104,10528.4152411,10530.1190683,10567.86727,5786.2132326,5790.5193455,5817.098233,4742.2020085,4739.5997228,4750.769036,64.5173601,64.5172815,64.748562,72.134088,72.1741535,72.5054379,57.1533893,57.1145455,57.2491413,5753.525731,2205.883767,3547.641964,16321.393,8022.982,8298.411
2006-03-01,10025.1576345,10034.4045149,10048.65918,5512.5988108,5522.1787331,5529.305745,4512.5588237,4512.2257818,4519.353439,7147.1054797,7139.6394079,7115.245469,4684.9044535,4688.5384929,4682.156368,2462.2010262,2451.100915,2433.089102,2878.0521548,2894.765107,2933.413714,827.6943573,833.6402402,847.1493768,2050.3577975,2061.1248668,2086.264337,61.3484733,61.377505,61.4646966,68.6232331,68.7067173,68.7953913,54.3143529,54.2899393,54.3756974,523.2337274,513.3707288,542.7729119,282.4481493,279.2078186,288.1606233,240.7855781,234.1629102,254.6122886,368.4878304,363.2818472,371.907965,221.1029943,218.9699919,219.9091425,147.3848361,144.3118553,151.9988225,154.745897,150.0888816,170.8649469,61.345155,60.2378267,68.2514809,93.400742,89.8510549,102.613466,4.9603177,4.8670996,5.1246414,4.8739579,4.8127774,4.9533698,5.0656035,4.9334963,5.3333497,4.9029773,4.8418721,4.9672812,4.5067806,4.4619381,4.4860507,5.6478247,5.5602661,5.8798318,5.1024135,4.9292637,5.5041755,6.9001607,6.7389311,7.4559118,4.3568686,4.1772227,4.6879486,10548.3913619,10547.7752437,10591.4321,5795.0469601,5801.3865517,5817.466368,4753.3444018,4746.388692,4773.965727,64.5503771,64.5176429,64.7846791,72.1392708,72.1806094,72.3806738,57.2125119,57.1073271,57.4391269,5757.235905,2219.853632,3537.382273,16348.668,8037.32,8311.348
2006-04-01,10054.9347218,10041.5078393,10041.00611,5526.6977592,5522.1033575,5528.450734,4528.2369626,4519.4044818,4512.555372,7166.0394669,7159.179795,7122.496743,4693.4540486,4686.2529272,4675.760849,2472.5854183,2472.9268678,2446.735895,2888.8952549,2882.3280443,2918.509363,833.2437106,835.8504303,852.6898855,2055.6515444,2046.477614,2065.819477,61.4510263,61.3612054,61.3581394,68.7056409,68.6380494,68.7169454,54.4358916,54.3241009,54.2417733,516.7017401,524.6837983,533.0018402,277.8135561,277.9414373,279.8756646,238.888184,246.7423609,253.1261757,363.0256431,356.2626597,357.0525204,218.2740997,211.8809303,211.650676,144.7515434,144.3817295,145.4018444,153.676097,168.4211386,175.9493198,59.5394564,66.0605071,68.2249886,94.1366406,102.3606315,107.7243313,4.887623,4.965685,5.0406794,4.7861662,4.7920567,4.8185251,5.0111582,5.1769777,5.3114371,4.8216563,4.7404083,4.7737171,4.4439369,4.3257481,4.330527,5.5304894,5.5164198,5.609341,5.0508626,5.5206485,5.6859483,6.6689717,7.3245045,7.4083925,4.3788798,4.7635336,4.956161,10571.6364619,10566.1916376,10574.00795,5804.5113153,5800.0447948,5808.326399,4767.1251466,4766.1468428,4765.681548,64.608864,64.5674201,64.6151837,72.1593052,72.0927762,72.195714,57.3076696,57.289991,57.284398,5790.579054,2236.924601,3553.654452,16364.587,8045.251,8319.336
2006-05-01,10087.4461535,10069.4496141,10082.05587,5541.0714574,5520.6250258,5518.794011,4546.3746961,4548.8245883,4563.261863,7188.9758223,7183.2726711,7157.787193,4703.814236,4706.9823011,4694.82576,2485.1615862,2476.29037,2462.961433,2898.4703312,2886.176943,2924.268682,837.2572213,813.6427247,823.9682513,2061.2131099,2072.5342183,2100.30043,61.5731323,61.4721524,61.5491113,68.7954219,68.5523595,68.5296229,54.5888928,54.6250831,54.7984548,510.4757015,507.5020665,509.8665565,274.1068186,272.4962684,275.3774108,236.3688829,235.0057981,234.4891456,358.4905863,359.7080009,360.5668793,216.4178097,218.8874739,221.523696,142.0727766,140.820527,139.0431833,151.9851152,147.7940655,149.2996772,57.6890089,53.6087945,53.8537149,94.2961063,94.1852711,95.4459623,4.8167528,4.7981884,4.8137301,4.7136443,4.7037901,4.7526625,4.9421191,4.9125027,4.8874805,4.7498136,4.768778,4.795822,4.3985285,4.443631,4.5058574,5.4076933,5.3807627,5.3436947,4.9823745,4.8713078,4.8575356,6.4460866,6.1814587,6.1349245,4.3746557,4.3469065,4.3468573,10597.9218549,10576.9516806,10591.92243,5815.1782759,5793.1212942,5794.171422,4782.743579,4783.8303864,4797.751009,64.6890436,64.5703599,64.6617536,72.1986075,71.9360818,71.9491218,57.4270037,57.4471772,57.6143446,5788.583569,2258.979578,3529.603991,16380.506,8053.151,8327.355
2006-06-01,10120.0360905,10109.1824186,10120.75617,5555.459814,5547.1715748,5546.570343,4564.5762765,4562.0108438,4574.185822,7214.6996085,7208.8869253,7169.553744,4714.9827907,4708.9290216,4685.644057,2499.7168177,2499.9579037,2483.909687,2905.336482,2900.2954934,2951.202422,840.4770233,838.2425533,860.9262865,2064.8594587,2062.0529401,2090.276135,61.6944883,61.6547962,61.7253832,68.8843998,68.8143162,68.8068577,54.7411169,54.7308656,54.8769299,505.3570755,510.6203783,498.2039136,271.8306049,271.7828137,265.5948891,233.5264706,238.8375646,232.6090245,355.6087672,358.1299221,354.4083788,215.3879381,215.0680047,214.5485075,140.2208292,143.0619174,139.8598713,149.7483083,152.4904562,143.7955348,56.4426668,56.714809,51.0463816,93.3056414,95.7756472,92.7491532,4.7561259,4.8081908,4.691645,4.6647856,4.6706469,4.5696376,4.8670586,4.9749033,4.839171,4.6974146,4.7327755,4.7103956,4.3685952,4.3677525,4.3783689,5.3115205,5.4128205,5.3304937,4.9016089,4.9951244,4.6460624,6.2929455,6.3371521,5.5973587,4.3233783,4.4385197,4.2486523,10625.393166,10619.802797,10618.96008,5827.2904189,5818.9543886,5812.165233,4798.1027471,4800.8484084,4806.794847,64.7752822,64.769014,64.7638743,72.2549378,72.185863,72.1016415,57.5417054,57.5962219,57.6675619,5777.464921,2248.906767,3528.558153,16396.425,8061.072,8335.353
2006-07-01,10151.0433372,10161.1759032,10170.77652,5570.0351179,5572.9855133,5588.391932,4581.0082193,4588.1903899,4582.384593,7240.5276309,7245.9332252,7268.184159,4725.4039328,4725.786162,4740.638267,2515.1236981,2520.1470633,2527.545892,2910.5157064,2915.242678,2902.592365,844.6311851,847.1993513,847.7536645,2065.8845213,2068.0433267,2054.838701,61.8014769,61.8722401,61.9306991,68.9705313,69.0183347,69.2091347,54.8676357,54.9603015,54.8907559,501.4148367,496.2946676,454.6273625,270.4135565,270.7099497,246.6840742,231.0012802,225.5847178,207.9432883,354.0930376,352.071046,326.0218783,214.5008002,215.5077568,199.3475361,139.5922375,136.5632891,126.6743422,147.3217991,144.2236216,128.6054842,55.9127563,55.2021929,47.3365381,91.4090427,89.0214287,81.2689461,4.7070341,4.6567773,4.2786831,4.6300134,4.632513,4.2276069,4.8005159,4.686233,4.3408989,4.662419,4.6337306,4.2930344,4.3422052,4.3613628,4.0353868,5.258274,5.1403153,4.7725634,4.8178426,4.7140124,4.2427281,6.208776,6.1172538,5.2884657,4.2372093,4.1269706,3.8045342,10652.4581739,10657.4705708,10625.40389,5840.4486744,5843.695463,5835.076006,4812.0094996,4813.7751078,4790.327881,64.8541855,64.8942194,64.6989627,72.3189064,72.3709273,72.2641801,57.6343834,57.6625006,57.3816346,5797.431113,2239.568994,3557.862119,16422.835,8074.645,8348.19
2006-08-01,10179.0882874,10179.2988025,10105.77323,5584.653452,5582.9676087,5543.142611,4594.4348355,4596.3311938,4562.630618,7264.2716621,7269.5511886,7196.822396,4734.5067442,4737.2700344,4702.049883,2529.764918,2532.2811542,2494.772513,2914.8166253,2909.7476139,2908.950833,850.1467078,845.6975743,841.0927273,2064.6699175,2064.0500396,2067.858105,61.8839695,61.8830611,61.4360767,69.0500034,69.0257839,68.533402,54.9522342,54.9733704,54.5703023,497.8586561,503.3928036,477.4561887,268.7315612,270.421024,255.5333186,229.1270949,232.9717796,221.9228701,353.3368218,357.1129372,334.6675297,213.0993291,215.3421773,204.4303023,140.2374927,141.7707599,130.2372275,144.5218342,146.2798664,142.788659,55.6322321,55.0788467,51.1030163,88.8896021,91.2010197,91.6856426,4.6629309,4.7122282,4.5114414,4.5910454,4.6199055,4.4067529,4.7501638,4.8241285,4.6383193,4.6384219,4.6824264,4.4435767,4.30712,4.3480525,4.1665368,5.2523358,5.3017206,4.9613998,4.723957,4.7866018,4.6789269,6.1419216,6.1145969,5.7277808,4.1275665,4.2315729,4.2456025,10676.9469435,10682.6916061,10583.22942,5853.3850132,5853.3886327,5798.675929,4823.5619303,4829.3029733,4784.553488,64.9107111,64.9433394,64.3386784,72.3726653,72.3691712,71.6927232,57.6927335,57.7597762,57.2245602,5866.019582,2289.559071,3576.460512,16449.249,8088.235,8361.014
2006-09-01,10203.4264623,10223.0935543,10299.53075,5598.4481514,5603.3176903,5629.554761,4604.9783108,4619.775864,4669.975991,7284.2049705,7307.585049,7409.72492,4742.2540321,4755.8603325,4796.176119,2541.9509385,2551.7247166,2613.5488,2919.2214917,2915.5085053,2889.805832,856.1941193,847.4573579,833.3786413,2063.0273724,2068.0511474,2056.427191,61.9378176,62.0496792,62.5136193,69.112593,69.1613327,69.4851749,54.9967838,55.1690651,55.7685518,494.3292029,500.3645574,504.452337,266.0691518,272.4958218,277.3139454,228.2600512,227.8687356,227.1383916,352.6464839,352.7606575,347.7267326,210.8944027,211.8885822,210.8789933,141.7520812,140.8720752,136.8477393,141.682719,147.6039,156.7256044,55.174749,60.6072396,66.4349521,86.50797,86.9966604,90.2906523,4.6208683,4.6660746,4.669133,4.5369318,4.6375846,4.6947708,4.7227145,4.7006073,4.6382088,4.6176947,4.6050227,4.4824866,4.2577848,4.2652837,4.2116372,5.2819586,5.2318296,4.975564,4.6287864,4.8187556,5.1443948,6.0540524,6.6743313,7.3831905,4.0244963,4.0368784,4.205986,10697.7556652,10723.4581117,10803.98309,5864.5173032,5875.8135121,5906.868706,4833.238362,4847.6445996,4897.114382,64.9385422,65.0866719,65.575423,72.3972048,72.5247283,72.9080402,57.7228702,57.8902589,58.4810238,5671.675911,2194.938294,3476.737618,16475.659,8101.807,8373.852
2006-10-01,10224.5059227,10195.4976598,10212.40229,5611.1799906,5597.8190821,5609.222276,4613.3259321,4597.6785777,4603.180009,7301.8977504,7270.9458481,7250.955791,4750.1990845,4726.4405017,4721.117205,2551.6986659,2544.5053464,2529.838586,2922.6081723,2924.5518117,2961.446495,860.9809062,871.3785804,888.1050714,2061.6272661,2053.1732313,2073.341423,61.9661114,61.7854316,61.8878748,69.155656,68.984314,69.1248405,55.0100467,54.8201994,54.8857955,491.2319839,476.3114035,449.6126423,262.4814346,253.4384067,242.1134681,228.7505493,222.8729968,207.4991742,351.7325468,340.7467332,321.1436627,208.0509044,199.0159247,190.3226211,143.6816425,141.7308084,130.8210416,139.499437,135.5646703,128.4689795,54.4305302,54.4224819,51.790847,85.0689068,81.1421884,76.6781325,4.5842105,4.4632677,4.2169575,4.4687873,4.3313494,4.137747,4.7242242,4.623392,4.3133031,4.5956302,4.4766224,4.2411443,4.1960552,4.040558,3.8750881,5.3306631,5.2761857,4.916865,4.5556674,4.4300493,4.1576859,5.9460182,5.8784208,5.5102747,3.9627828,3.8017899,3.5663923,10715.7379066,10671.8090633,10662.01493,5873.6614252,5851.2574888,5851.335744,4842.0764813,4820.5515745,4810.679183,64.9432466,64.6719121,64.612559,72.3906397,72.1075437,72.1085081,57.7377053,57.4776149,57.3599019,5839.444072,2263.290256,3576.153816,16501.459,8114.626,8386.833
2006-11-01,10243.8093803,10229.8777573,10201.64505,5623.1896551,5612.3795092,5589.306643,4620.6197252,4617.4982481,4612.338404,7319.1099457,7301.8131005,7307.130445,4759.7462525,4746.2010415,4743.658465,2559.3636932,2555.612059,2563.471979,2924.6994345,2928.0646568,2894.514602,863.4434025,866.1784677,845.648178,2061.256032,2061.8861891,2048.866424,61.9779838,61.8969978,61.7261727,69.183129,69.0547534,68.7708647,55.0061306,54.9713559,54.9099279,489.4210156,483.7197788,446.6607525,258.7247815,257.7559347,239.2903348,230.6962341,225.9638441,207.3704176,350.8588428,346.7126134,325.5845777,205.3645094,203.367219,191.8667014,145.4943335,143.3453944,133.7178763,138.5621728,137.0071655,121.0761748,53.3602721,54.3887157,47.4236335,85.2019006,82.6184498,73.6525413,4.5598669,4.5150079,4.194665,4.3986492,4.3909708,4.1054534,4.7553331,4.6653373,4.3025507,4.5744494,4.5330646,4.2656457,4.1361516,4.108787,3.8874627,5.3790007,5.3111395,4.9576739,4.5233542,4.4699496,4.0150068,5.8202507,5.9081745,5.3101702,3.9694186,3.8525657,3.4700534,10733.2303959,10713.5975361,10648.3058,5881.9144365,5870.1354439,5828.596978,4851.3159593,4843.4620922,4819.708821,64.9391213,64.8237974,64.4287426,72.3662672,72.2261841,71.7150946,57.752452,57.6614574,57.3786745,5878.954201,2298.837022,3580.117179,16527.26,8127.434,8399.826
2006-12-01,10263.7918871,10282.3577055,10404.32187,5635.6185666,5647.359525,5712.463867,4628.1733206,4634.9981805,4691.858001,7338.1928542,7342.1140294,7465.691173,4772.5425498,4769.2674818,4835.785932,2565.6503044,2572.8465476,2629.90524,2925.599033,2940.2436761,2938.630695,863.0760168,878.0920432,876.6779343,2062.5230162,2062.1516329,2061.952761,61.9882584,62.1175644,62.8543718,69.2083857,69.3756396,70.1754214,55.0011783,55.0946157,55.7704887,488.2102868,492.1890886,486.9506156,255.0082918,250.7878809,246.110693,233.201995,241.4012077,240.8399226,349.3985769,350.9801564,345.5306283,202.8150005,200.9308975,194.538892,146.5835765,150.0492589,150.9917363,138.8117099,141.2089322,141.4199873,52.1932913,49.8569834,51.5718011,86.6184185,91.3519488,89.8481863,4.5406454,4.5680723,4.4710167,4.3290519,4.2519772,4.1303619,4.7970375,4.9503986,4.8825192,4.5449681,4.5622756,4.4235158,4.0763905,4.0427138,3.8673227,5.404533,5.51065,5.4296055,4.529801,4.5825443,4.5914825,5.7025065,5.3728149,5.555811,4.0303731,4.2420152,4.1754878,10752.002174,10774.5467941,10891.27248,5890.6268584,5898.1474059,5958.57456,4861.3753156,4876.3993882,4932.697924,64.9368085,65.0909668,65.7961276,72.3400228,72.4564723,73.1987967,57.7725491,57.9640682,58.6332693,5661.787517,2181.68844,3480.099076,16553.06,8140.263,8412.797
2007-01-01,10285.816924,10276.0009373,10156.13864,5649.6339242,5641.3119557,5595.678012,4636.1829997,4634.6889816,4560.46063,7360.2111592,7357.1189226,7345.57452,4788.868785,4789.624965,4779.185737,2571.3423742,2567.4939576,2566.388783,2925.6057647,2918.8820147,2810.564122,860.7651392,851.6869907,816.4922747,2064.8406255,2067.195024,1994.071847,62.0068253,61.9530557,61.230417,69.2471184,69.1520977,68.5927096,54.9992347,54.9855483,54.1049096,486.9542311,490.4288996,534.5290017,251.4092589,253.9093131,280.7309669,235.5449722,236.5195865,253.7980347,346.8567445,355.6439241,399.630056,200.0627409,203.6765341,227.6156009,146.7940036,151.96739,172.014455,140.0974866,134.7849755,134.8989457,51.346518,50.232779,53.115366,88.7509686,84.5521965,81.7835797,4.5202318,4.5551674,4.999959,4.2604206,4.3070362,4.7772537,4.8349369,4.8554601,5.2717989,4.500502,4.6111093,5.1597095,4.010132,4.0789953,4.5461281,5.4005386,5.588143,6.2815605,4.5698319,4.4138728,4.5798892,5.6294114,5.5695396,6.1079691,4.1210677,3.929467,3.9397532,10772.7711551,10766.4298369,10690.66764,5901.0431832,5895.2212688,5876.408979,4871.7279719,4871.2085681,4814.258665,64.9423711,64.909806,64.4530427,72.3286219,72.2645584,72.0339544,57.7935146,57.7915962,57.1159475,5896.086356,2281.423021,3614.663335,16586.754,8157.832,8428.922
2007-02-01,10310.3830783,10307.6879231,10276.98334,5665.7460626,5660.1149495,5655.416317,4644.6370157,4647.5729736,4621.567022,7384.1805564,7381.4116317,7429.23737,4808.1313959,4804.8898811,4833.990557,2576.0491605,2576.5217505,2595.246813,2926.2025219,2926.2762914,2847.745969,857.6146667,855.2250684,821.4257601,2068.5878552,2071.0512231,2026.320209,62.0399733,62.0181,61.8333602,69.3091905,69.2336789,69.1762059,55.0030029,55.032952,54.7250097,484.8383521,500.945009,567.1657273,247.7840312,253.19251,279.9391029,237.0543209,247.752499,287.2266245,343.264353,346.6523514,388.8438389,196.885843,201.100566,221.3869835,146.37851,145.5517853,167.4568554,141.5739991,154.2926576,178.3218884,50.8981882,52.091944,58.5521193,90.6758109,102.2007136,119.7697691,4.4912312,4.634675,5.2301543,4.1901204,4.281741,4.7164674,4.8559875,5.0610016,5.851267,4.4421456,4.4856299,4.973648,3.9337695,4.0171984,4.3792374,5.376764,5.3470923,6.0613397,4.6148733,5.0085767,5.8928582,5.602363,5.7413168,6.6538172,4.1993858,4.7026629,5.5808363,10795.2214304,10808.6329321,10844.14907,5913.5300938,5913.3074595,5935.35542,4881.6913366,4895.3254726,4908.793647,64.9573585,65.0321278,65.2458171,72.3403378,72.3306917,72.6003791,57.810262,57.9666448,58.1261245,5776.301933,2240.02258,3536.279353,16620.451,8175.378,8445.073
2007-03-01,10337.0349167,10337.0968163,10349.19917,5683.4208575,5687.0178263,5693.721445,4653.6140593,4650.07899,4655.477728,7408.3956374,7419.2766971,7393.400866,4828.374542,4834.1508123,4827.476024,2580.0210954,2585.1258848,2565.924841,2928.6392793,2917.8201192,2955.798307,855.0463155,852.867014,866.2454211,2073.5929638,2064.9531052,2089.552886,62.0887206,62.0692135,62.1418822,69.3926835,69.4135716,69.4953934,55.0163566,54.9576968,55.0215026,481.4782567,482.5212635,512.0001281,244.0158363,242.9458222,251.5438133,237.4624203,239.5754413,260.4563147,338.8100769,335.696068,345.0720364,193.0396895,190.4647255,192.0427733,145.7703874,145.2313426,153.0292631,142.6681798,146.8251955,166.9280917,50.9761468,52.4810967,59.50104,91.692033,94.3440988,107.4270517,4.450503,4.4596885,4.7140294,4.1167177,4.0969192,4.2309939,4.8550134,4.8996395,5.298206,4.3733197,4.3287846,4.4591748,3.8443291,3.7906328,3.82592,5.3478187,5.3191334,5.62824,4.6451937,4.790936,5.3455881,5.6263668,5.7967865,6.4273581,4.2346404,4.369204,4.8897602,10818.5131734,10819.6180799,10861.1993,5927.4366938,5929.9636485,5945.265259,4891.0764796,4889.6544314,4915.934042,64.9806881,64.9665178,65.2161927,72.3720359,72.3788757,72.5656413,57.8237053,57.7891572,58.0997469,5792.945699,2247.682741,3545.262958,16654.145,8192.948,8461.197
2007-04-01,10365.2930881,10366.1172205,10362.88052,5701.9424785,5702.9149067,5708.740883,4663.3506096,4663.2023138,4654.13964,7431.0054393,7417.1393215,7379.284157,4847.5374205,4842.3657802,4831.484068,2583.4680188,2574.7735414,2547.800089,2934.2876488,2948.977899,2983.596366,854.405058,860.5491266,877.2568146,2079.8825909,2088.4287724,2106.339551,62.1527372,62.1516657,62.1322596,69.4925975,69.4971116,69.5681083,55.0437756,55.037518,54.9305557,476.8215791,475.5301318,483.3605365,240.1121423,238.9558634,240.2210914,236.7094368,236.5742683,243.1394451,333.7865975,329.6981743,330.9886755,188.684604,190.0018754,189.9718975,145.1019935,139.6962989,141.016778,143.0349816,145.8319574,152.371861,51.4275383,48.953988,50.2491939,91.6074433,96.8779694,102.1226671,4.3978651,4.3861428,4.4564798,4.0408942,4.0215594,4.0380337,4.8307456,4.8282664,4.9647864,4.2987191,4.2559067,4.292827,3.7465506,3.7755961,3.7832035,5.3178769,5.1463566,5.2445661,4.6480333,4.712146,4.8588458,5.6773777,5.3824981,5.4176678,4.2186444,4.433152,4.6241528,10842.1146672,10841.6473523,10846.24106,5942.0546207,5941.8707702,5948.961974,4900.0600464,4899.7765821,4897.279085,65.0118716,65.0027805,65.0303228,72.4189715,72.409086,72.4955011,57.8377712,57.8296895,57.8002127,5832.502941,2257.012026,3575.490915,16678.744,8205.974,8472.77
2007-05-01,10394.2406683,10402.0241771,10412.00734,5719.8945466,5719.6765079,5718.842797,4674.3461217,4682.3476692,4693.164546,7451.809369,7475.9737963,7452.205079,4864.0244658,4871.1181649,4858.903023,2587.7849032,2604.8556314,2593.302056,2942.4312993,2926.0503808,2959.802264,855.8700808,848.558343,859.939774,2086.5612185,2077.4920378,2099.86249,62.2267383,62.2750851,62.3348525,69.5927574,69.5909138,69.5807701,55.090797,55.1880606,55.3155528,471.9655896,463.3499319,465.2730059,236.4923309,231.6121416,234.1856779,235.4732586,231.7377904,231.087328,328.7833781,323.0788696,324.0918659,184.4081935,177.7553772,180.4048414,144.3751846,145.3234925,143.6870245,143.1822115,140.2710623,141.18114,52.0841374,53.8567644,53.7808365,91.098074,86.4142979,87.4003035,4.3434256,4.2644637,4.2774755,3.9703991,3.8917982,3.9338914,4.7959658,4.7157867,4.6928413,4.2256855,4.1425399,4.1676889,3.6527811,3.5206938,3.5799528,5.2842872,5.2841464,5.2498209,4.6403158,4.5745714,4.5527861,5.7364277,5.9680699,5.885917,4.1833024,3.9934398,3.9958757,10866.2062578,10865.3741091,10877.28035,5956.3868775,5951.2886495,5953.028475,4909.8193803,4914.0854596,4924.251874,65.0522337,65.0490794,65.12036,72.47011,72.4089229,72.4300913,57.8660322,57.9194168,58.0392423,5826.067651,2265.970525,3560.097126,16703.348,8218.999,8484.349
2007-06-01,10423.562052,10424.1280029,10436.29256,5735.956461,5742.9014302,5742.623219,4687.605591,4681.2265727,4693.669338,7471.9525066,7464.6526388,7424.836455,4877.4758011,4877.6833523,4854.170732,2594.4767055,2586.9692865,2570.665723,2951.6095454,2959.4753641,3011.456102,858.4806599,865.2180779,888.452487,2093.1288855,2094.2572862,2123.003615,62.3067634,62.3156446,62.3883646,69.6752327,69.762925,69.7595454,55.1671288,55.0996887,55.2461444,468.466408,471.1291333,459.0113248,233.768045,235.6065611,230.018674,234.698363,235.5225723,228.9926508,324.1997416,329.0234926,325.0071896,180.8854139,184.0042567,183.7142872,143.3143277,145.0192359,141.2929024,144.2666664,142.1056407,134.0041352,52.8826311,51.6023044,46.3043868,91.3840353,90.5033363,87.6997484,4.3010024,4.3241672,4.2129282,3.9158934,3.9408923,3.8512048,4.7680591,4.7902092,4.6518053,4.1584583,4.2216726,4.1937258,3.5759687,3.6352353,3.646655,5.2346701,5.3081935,5.2099948,4.6599624,4.5817162,4.2602394,5.8025852,5.6283985,4.9536289,4.1832682,4.142483,3.9670518,10892.02846,10895.2571362,10895.30388,5969.7245059,5978.5079913,5972.641893,4922.303954,4916.7491449,4922.661988,65.1070178,65.1320639,65.1323434,72.5148364,72.624998,72.5537385,57.9292287,57.8718725,57.9414687,5832.643118,2259.383107,3573.260012,16727.947,8232.025,8495.922
2007-07-01,10452.2876755,10446.9716054,10456.83246,5749.3517575,5745.1550144,5761.002519,4702.935918,4701.8165911,4695.829941,7492.3388453,7484.5464972,7506.061498,4887.9235351,4890.0684304,4904.78629,2604.4153102,2594.4780669,2601.275208,2959.9488302,2962.4251082,2950.770962,861.4282224,855.086584,856.2162297,2098.5206078,2107.3385242,2094.554732,62.3840732,62.3525545,62.4114089,69.7274774,69.6757155,69.8679098,55.2677727,55.2562156,55.1858599,466.921196,464.0774565,426.0569857,232.5108807,230.7286546,210.0914944,234.4103153,233.348802,215.9654913,320.1405735,320.4353666,297.6628989,178.635185,176.9194286,164.066061,141.5053885,143.5159379,133.5968379,146.7806225,143.64209,128.3940868,53.8756957,53.8092259,46.0254334,92.9049268,89.832864,82.3686535,4.2761449,4.2532799,3.9149252,3.8869311,3.8609964,3.5184757,4.7476985,4.7282874,4.3968747,4.0978101,4.1055235,3.8143697,3.5257696,3.4916095,3.2367497,5.1532948,5.2416454,4.8849392,4.7246027,4.6245648,4.1697696,5.8860991,5.9202854,5.1012312,4.2394745,4.0885688,3.7837185,10919.2088715,10911.049062,10882.88945,5981.8626382,5975.8836689,5971.094014,4937.3462333,4935.1653931,4911.795432,65.1708743,65.1223921,64.954322,72.5473427,72.4739314,72.4158437,58.0225064,57.9985539,57.7239078,5871.791554,2274.468986,3597.322568,16754.681,8245.563,8509.118
2007-08-01,10479.6159527,10484.4811991,10406.39754,5760.2255565,5762.6474212,5719.493382,4719.3903962,4721.8337779,4686.90416,7512.0172994,7512.7052011,7437.695031,4895.4226359,4893.3763605,4856.560812,2616.5946635,2619.3288406,2581.134219,2967.5986534,2971.7759981,2968.702511,864.8029206,869.2710607,862.9325697,2102.7957328,2102.5049374,2105.769941,62.4512787,62.4767262,62.0114279,69.7482216,69.7731661,69.2506642,55.3793498,55.4056143,54.995753,467.1915999,470.980227,446.7900621,232.8739027,237.7776907,223.9457134,234.3176972,233.2025363,222.8443487,316.6606199,316.3127737,295.3611641,177.7703984,176.38327,166.7878703,138.8902216,139.9295037,128.5732938,150.53098,154.6674533,151.428898,55.1035044,61.3944207,57.1578431,95.4274756,93.2730326,94.2710549,4.2678342,4.2990451,4.1166713,3.8857006,3.9626807,3.7679483,4.7301475,4.7063739,4.5388139,4.0448799,4.0402612,3.8194623,3.5041126,3.4791249,3.3202527,5.0405002,5.0712723,4.7449141,4.8276049,4.9470734,4.8532859,5.9901206,6.5968301,6.2121985,4.3411186,4.2478353,4.2849681,10946.8075526,10955.4614262,10853.1876,5993.0994592,6000.4251119,5943.439095,4953.7080934,4955.0363143,4909.748508,65.2354182,65.283284,64.6738372,72.5679966,72.6521384,71.9621613,58.1289341,58.141994,57.6105905,5928.231396,2315.677905,3612.553492,16781.419,8259.117,8522.302
2007-09-01,10506.5182269,10513.4316836,10588.76367,5770.4217244,5770.1285494,5797.04637,4736.0965026,4743.3031342,4791.7173,7531.1480151,7497.8671728,7602.71053,4901.1089585,4899.1627479,4940.801576,2630.0390566,2598.7044249,2661.908953,2975.3702118,3015.5645109,2986.053141,869.3127659,870.9658015,856.244794,2106.0574459,2144.5987093,2129.808347,62.5125921,62.5495953,62.9977825,69.7576893,69.7493991,70.0747821,55.4904118,55.5714997,56.1387095,468.5327119,462.4590856,465.5611537,234.2723558,228.8461272,232.322777,234.2603561,233.6129585,233.2383767,313.8780105,311.0506991,305.1446407,177.979139,177.8068462,175.9250779,135.8988716,133.2438529,129.2195628,154.6547014,151.4083865,160.4165129,56.2932168,51.0392809,56.3976991,98.3614845,100.3691056,104.0188138,4.269071,4.2134082,4.2115748,3.9014869,3.814754,3.8531855,4.7131496,4.69393,4.6416007,4.0009811,3.9832753,3.8587535,3.5041554,3.502224,3.4382348,4.9133016,4.8772465,4.6296529,4.9410054,4.7808551,5.0983016,6.0817689,5.5356833,6.1796048,4.4620141,4.4708483,4.6565292,10975.0509389,10975.8907693,11054.32482,6004.6940802,5998.9746766,6029.369147,4970.3568586,4976.9160927,5024.955677,65.3003086,65.3009927,65.7676357,72.5897697,72.5156945,72.8831033,58.2351201,58.3084579,58.8712791,5753.828176,2243.287853,3510.540323,16808.153,8272.657,8535.496
2007-10-01,10533.5768871,10503.8732646,10520.49142,5781.3085852,5753.096538,5763.215241,4752.2683019,4750.7767266,4757.276182,7549.413502,7561.6377541,7537.883394,4906.0961844,4909.1280176,4903.144324,2643.3173176,2652.5097365,2634.739069,2984.1633851,2942.2355104,2982.60803,875.2124008,843.9685204,860.0709172,2108.9509842,2098.26699,2122.537112,62.5693585,62.3905606,62.4892686,69.7694136,69.4262677,69.5483765,55.5902833,55.5708211,55.6468466,469.5639673,474.9744488,449.4406812,236.087378,239.2102575,228.9923731,233.4765893,235.7641913,220.4483081,312.1463019,313.7381486,296.6008438,178.9973564,181.2168263,173.5809708,133.1489456,132.5213223,123.0198729,157.4176654,161.2363002,152.8398374,57.0900216,57.9934312,55.4114023,100.3276437,103.242869,97.4284351,4.2675448,4.3262687,4.0970234,3.9234144,3.9919561,3.8215027,4.6828828,4.7280108,4.4286965,3.970539,3.9837863,3.7858375,3.5200406,3.5600108,3.4191523,4.7956263,4.7583427,4.4608639,5.0107784,5.1953525,4.8745775,6.1235518,6.4296982,6.0527004,4.5411947,4.6896392,4.3887364,11003.1408544,10978.8477134,10969.9321,6017.3959632,5992.3067955,5992.207615,4985.7448912,4986.5409179,4977.72449,65.3585645,65.2117982,65.1588416,72.6185398,72.3129697,72.3117728,58.3214064,58.3286038,58.2254762,5865.744896,2294.420385,3571.32451,16835.677,8286.628,8549.049
2007-11-01,10561.2319352,10561.7601269,10535.10005,5793.3592635,5791.8168488,5769.425729,4767.8726717,4769.9432781,4765.674318,7566.488079,7566.4749738,7574.464459,4911.1862144,4914.624354,4912.774757,2655.3018646,2651.8506197,2661.689702,2994.7438562,2995.2851531,2960.635589,882.1730491,877.1924948,856.6509722,2112.5708071,2118.0926583,2103.984617,62.6221791,62.6319967,62.4739006,69.7861514,69.775554,69.5058023,55.6772838,55.7069569,55.6571008,469.0866597,489.1937041,451.3418053,237.6541756,252.1017418,234.178972,231.432484,237.0919623,217.1628333,311.783798,326.712869,307.2554802,180.5469077,195.269203,184.4680608,131.2368903,131.443666,122.7874194,157.3028617,162.4808352,144.0863251,57.1072679,56.8325388,49.7109112,100.1955938,105.6482963,94.3754139,4.2527027,4.4267102,4.1081709,3.9405347,4.1711638,3.9006394,4.629293,4.7351766,4.3582165,3.9575151,4.1391751,3.8983303,3.5458832,3.8213947,3.6189773,4.709674,4.7225932,4.4097119,4.9904991,5.1454362,4.640877,6.0798962,6.0846912,5.4846648,4.5280692,4.7509264,4.2929917,11030.3185949,11050.953831,10986.44185,6031.0134391,6043.9185906,6003.604701,4999.3051557,5007.0352404,4982.837152,65.4035998,65.5329506,65.1503899,72.6489068,72.8126906,72.3270185,58.3798585,58.4758937,58.1932904,5876.760147,2297.034299,3579.725848,16863.202,8300.639,8562.563
2007-12-01,10588.9421724,10582.2104365,10710.14023,5806.7223006,5795.9867066,5864.191292,4782.2198718,4786.2237299,4845.948934,7582.5209531,7582.4745439,7710.065625,4917.430104,4910.8109716,4979.735039,2665.090849,2671.6635723,2730.330586,3006.4212194,2999.7358927,3000.074601,889.2921966,885.175735,884.4562534,2117.1290228,2114.5601576,2115.618348,62.6667019,62.65101,63.4084066,69.8078823,69.7085201,70.5288189,55.7427615,55.8087113,56.505124,467.1496797,476.4499838,470.7637154,238.7996416,254.673011,250.2285591,228.3500381,221.7769728,220.5351563,312.8457586,326.9380156,321.1220335,182.4782875,195.3127072,188.8167765,130.3674711,131.6253084,132.3052569,154.3039211,149.5119682,149.6416819,56.3213541,59.3603038,61.4117826,97.982567,90.1516644,88.2298994,4.2252695,4.3083879,4.2104263,3.9500252,4.2090123,4.0924334,4.5573666,4.4284533,4.3528244,3.9623968,4.1335309,3.9984377,3.5780699,3.8250681,3.6531853,4.6635455,4.6953887,4.6217984,4.8819152,4.7475453,4.7509575,5.9560646,6.2845991,6.4926375,4.4233693,4.0890453,4.0034471,11056.0918522,11058.6604203,11180.90394,6045.5219422,6050.6597176,6114.419851,5010.5699099,5008.0007027,5066.48409,65.4313529,65.4717886,66.1955202,72.6787097,72.7714807,73.5383259,58.4044672,58.3946931,59.0766258,5709.822058,2200.183149,3509.63891,16890.726,8314.603,8576.123
2008-01-01,10616.3283892,10614.4087447,10524.88516,5820.9163125,5827.4606984,5806.143741,4795.4120767,4786.9480463,4718.741416,7596.9353623,7578.0569182,7618.12354,4925.1003307,4921.403898,4935.912817,2671.8350316,2656.6530202,2682.210722,3019.3930269,3036.3518265,2906.761617,895.8159818,906.0568004,870.2309238,2123.5770451,2130.2950261,2036.530694,62.7023159,62.6984318,62.1696234,69.830423,69.9178269,69.6620663,55.7895956,55.6973083,54.9037075,464.7780335,467.7213219,503.3391936,239.6944446,229.6847193,252.5774386,225.0835889,238.0366026,250.761755,314.7708969,305.3905433,342.2469523,184.5918377,174.7645356,194.9323767,130.1790592,130.6260077,147.3145756,150.0071366,162.3307786,161.0922413,55.1026069,54.9201837,57.6450619,94.9045297,107.4105949,103.4471794,4.1943288,4.2205002,4.5641001,3.9549553,3.7919631,4.1688243,4.4832942,4.7370613,5.0460126,3.9785463,3.8738197,4.2993847,3.6125824,3.429332,3.7992255,4.6459102,4.6865063,5.2063353,4.7329819,5.0749261,5.2509751,5.7946713,5.7150363,6.2125826,4.2779048,4.8000324,4.8340303,11081.1064227,11082.1300666,11028.22435,6060.6107571,6057.1454177,6058.72118,5020.4956656,5024.9846489,4969.503171,65.4473948,65.4612228,65.1428062,72.7059092,72.6735824,72.6924883,58.4082074,58.4669222,57.8213817,5901.080649,2276.00682,3625.073829,16929.305,8334.728,8594.577
2008-02-01,10643.1625693,10648.710994,10622.90664,5835.5644839,5844.2603143,5839.570501,4807.5980853,4804.4506797,4783.336144,7611.7770306,7634.0440255,7684.743557,4935.1559908,4945.3825077,4977.06015,2676.6210398,2688.6615179,2707.683408,3031.3855386,3014.6669684,2938.163087,900.4084931,898.8778066,862.5103509,2130.9770455,2115.7891618,2075.652736,62.7314846,62.7580485,62.6059709,69.8536129,69.9502688,69.8941361,55.8229014,55.7813719,55.5362247,463.1454897,441.3023957,500.3596899,240.2557075,219.077363,242.885303,222.8897822,222.2250328,257.4743869,316.7130206,296.6672507,332.9073241,186.2253051,166.0399493,182.8250518,130.4877154,130.6273014,150.0822723,146.4324691,144.635145,167.4523658,54.0304023,53.0374137,60.0602513,92.4020668,91.5977313,107.3921145,4.170112,3.9792774,4.4983162,3.9542926,3.613148,3.9932111,4.4307786,4.4209144,5.1077974,3.9946196,3.7407395,4.1521803,3.636232,3.2484098,3.5432,4.6484738,4.6333423,5.2517347,4.6079564,4.5780726,5.3919221,5.6609598,5.5716531,6.5100981,4.1559294,4.1496002,4.9193728,11106.3080589,11090.0133897,11123.26633,6075.8201914,6063.3376773,6082.455804,5030.4878675,5026.6757124,5040.810531,65.4612939,65.3588588,65.5548347,72.7295522,72.5724176,72.8012435,58.4109618,58.3614832,58.5255934,5844.614666,2272.423196,3572.191469,16967.881,8354.879,8613.002
2008-03-01,10669.9864858,10669.9445881,10677.39619,5850.4875713,5845.768616,5851.967221,4819.4989145,4824.175972,4825.428974,7629.8081424,7624.2316113,7596.169572,4948.8136623,4940.3294731,4933.006555,2680.9944801,2683.9021382,2663.163017,3040.1783434,3045.7129768,3081.226622,901.6739089,905.4391429,918.9606654,2138.5044344,2140.2738339,2162.265957,62.7620113,62.7405385,62.7843549,69.8808764,69.8002223,69.8742355,55.854789,55.8906138,55.9051305,463.1003676,451.1985769,479.6753457,240.3778226,237.8032893,247.5212578,222.722545,213.3952876,232.1540879,318.1577945,312.5586991,321.9892063,186.9457387,185.9242934,188.6731107,131.2120558,126.6344057,133.3160955,144.9425731,138.6398778,157.6861395,53.4320839,51.8789959,58.8481471,91.5104892,86.7608819,98.8379924,4.1596762,4.0571241,4.2992943,3.9465299,3.9089419,4.0580658,4.4171512,4.2360748,4.590218,4.003009,3.9380995,4.0664656,3.6400798,3.6269038,3.6838132,4.6658044,4.5057022,4.7672838,4.5506145,4.353785,4.8684899,5.5943617,5.4192012,6.0183695,4.1035819,3.8958028,4.3712273,11133.0868533,11121.143165,11157.07154,6090.8653939,6083.5719054,6099.488478,5042.2214595,5037.5712596,5057.583062,65.4860176,65.3936396,65.6049027,72.7520581,72.6396645,72.8297132,58.4359953,58.3629103,58.5947576,5849.38846,2275.511522,3573.876938,17006.46,8375.0,8631.46
2008-04-01,10696.2509184,10708.3964613,10706.23241,5865.015092,5852.7082551,5859.127502,4831.2358263,4855.6882062,4847.104905,7652.0177428,7636.3580648,7599.312569,4966.0593647,4956.7086434,4946.409863,2685.9583781,2679.6494214,2652.902706,3044.2331756,3072.0383966,3106.919838,898.9557274,895.9996117,912.7176386,2145.2774482,2176.0387849,2194.202199,62.7935004,62.8583799,62.8456769,69.9077203,69.7535295,69.8300351,55.8888994,56.1663237,56.0670396,464.6047472,477.1403025,484.1064385,240.1192424,247.905578,248.6108453,224.4855049,229.2347245,235.4955932,318.7634136,337.6909546,338.7589346,186.6570179,197.8301079,197.808236,132.1063957,139.8608467,140.9506986,145.8413336,139.4493479,145.3475039,53.4622245,50.0754701,50.8026093,92.3791092,89.3738777,94.5448946,4.1628058,4.2656898,4.3261106,3.9330706,4.063617,4.070424,4.440227,4.5081258,4.6333682,3.999149,4.2348743,4.2675218,3.6224974,3.8379789,3.8452537,4.687841,4.9604659,5.0450284,4.5717219,4.342204,4.469113,5.6133155,5.29297,5.2726042,4.1283864,3.9451478,4.1308581,11160.8556656,11185.5367638,11190.33885,6105.1343344,6100.6138331,6107.738347,5055.7213312,5084.9229307,5082.600498,65.521013,65.65919769999999,65.6873859,72.7698083,72.7081085,72.7930196,58.4858017,58.817909,58.7910452,5845.411155,2282.816653,3562.594502,17035.75,8390.555,8645.195
2008-05-01,10721.2609784,10680.5496165,10690.30636,5878.7709053,5850.3977523,5851.73888,4842.4900731,4830.1518642,4838.567476,7676.3510043,7633.8805686,7613.565499,4985.3126928,4953.5907275,4941.563118,2691.0383115,2680.289841,2672.002381,3044.909974,3046.669048,3076.740857,893.4582125,896.8070248,910.1757617,2151.4517616,2149.8620232,2166.565095,62.8221619,62.5873401,62.644514,69.9303016,69.5971675,69.6131217,55.9215532,55.7822149,55.8794047,466.8112735,475.9800301,478.2923883,239.5488637,244.860307,247.241167,227.2624098,231.1197231,231.0512214,318.5769337,315.7736073,317.519588,185.4153818,187.9215156,190.6825557,133.161552,127.8520916,126.8370323,148.2343397,160.2064228,160.7728004,54.1334819,56.9387914,56.5586113,94.1008578,103.2676315,104.2141891,4.1724013,4.2663807,4.2824745,3.915272,4.0172263,4.0538117,4.4827121,4.5664359,4.5575661,3.984738,3.9721678,4.0034823,3.585866,3.6549853,3.7153825,4.7150187,4.552907,4.5317724,4.6422687,4.995717,4.9659343,5.7127434,5.9700174,5.8504811,4.1905434,4.5832973,4.5893579,11188.0722518,11156.5296466,11168.59874,6118.319769,6095.2580593,6098.980047,5069.7524828,5061.2715873,5069.618697,65.5574831,65.3765527,65.4472769,72.77983,72.5100607,72.554338,58.5460019,58.4513587,58.5477574,5896.433256,2307.105953,3589.327303,17065.032,8406.086,8658.946
2008-06-01,10743.5816945,10733.2004359,10744.99968,5891.120827,5890.9154629,5890.247794,4852.4608675,4842.284973,4854.751882,7698.8147923,7673.2267078,7631.916655,5003.9532726,4998.8548952,4974.479247,2694.8615197,2674.3718126,2657.437408,3044.7669022,3059.973728,3113.083021,887.1675544,892.0605677,915.768547,2157.5993478,2167.9131604,2197.314474,62.8376723,62.7881026,62.8571269,69.939224,69.9498169,69.9418889,55.9415817,55.833708,55.9774571,469.1217362,475.6576721,462.6844882,238.8335827,242.6873003,236.4434435,230.2881535,232.9703718,226.2410447,318.4132063,318.8529209,314.9548018,183.8308093,184.4330319,184.1980062,134.582397,134.419889,130.7567956,150.7085299,156.8047512,147.7296863,55.0027734,58.2542684,52.2454373,95.7057565,98.5504828,95.4842491,4.1838415,4.2435872,4.1282791,3.8961723,3.9566843,3.8592355,4.5307796,4.5903182,4.4526936,3.9716122,3.9896114,3.9632553,3.5435324,3.5582247,3.5706441,4.7564964,4.7856838,4.6896588,4.7163101,4.8745897,4.530456,5.83788,6.1299967,5.3971779,4.2473501,4.3482049,4.1645282,11212.7034307,11208.8581079,11207.68416,6129.9544097,6133.6027632,6126.691238,5082.749021,5075.2553448,5080.992927,65.5814982,65.5706503,65.5637829,72.7746498,72.8315307,72.7494619,58.5964581,58.5199605,58.5861174,5886.637835,2294.939762,3591.698073,17094.322,8421.631,8672.691
2008-07-01,10761.8999537,10751.3880862,10761.95083,5901.4022472,5886.1352443,5901.926736,4860.4977065,4865.2528419,4860.024098,7715.7659522,7747.6375732,7768.301445,5019.2021652,5029.7952528,5043.531648,2696.563787,2717.8423205,2724.769796,3046.1340015,3003.750513,2993.649389,882.200082,856.3399915,858.3950876,2163.9339195,2147.4105215,2135.254301,62.8299327,62.7721476,62.8338184,69.9241843,69.7476162,69.9347371,55.9391364,55.9967935,55.9366131,471.567903,477.2579098,439.8364802,238.426056,233.535943,214.0071166,233.141847,243.7219668,225.8293636,319.5303538,324.5571868,302.7722594,182.8924061,179.9501017,168.052946,136.6379477,144.6070852,134.7193134,152.0375493,152.7007229,137.0642208,55.5336499,53.5858413,45.9541706,96.5038994,99.1148816,91.1100502,4.1978836,4.2503603,3.9264848,3.8832691,3.8161518,3.4991732,4.5771171,4.7704672,4.4403435,3.9765846,4.0206808,3.7513257,3.5157455,3.4541055,3.2246036,4.8227398,5.0518652,4.7113071,4.7538897,4.8377343,4.3780504,5.9221129,5.889034,5.0814627,4.269257,4.411919,4.0923243,11233.4678567,11228.645996,11201.78731,6139.8283033,6119.6711872,6115.933852,5093.6395535,5108.9748088,5085.853461,65.583032,65.5586254,65.4018105,72.7492328,72.5148946,72.4706092,58.62235,58.8019198,58.5358038,5925.853686,2323.258148,3602.595539,17127.641,8439.192,8688.449
2008-08-01,10774.8439848,10793.4586594,10710.44114,5908.2311825,5909.0608494,5862.200477,4866.6128023,4884.39781,4848.24066,7724.8934064,7762.558194,7684.636797,5029.1304829,5050.974494,5011.766722,2695.7629235,2711.5837,2672.870075,3049.9505784,3030.9004655,3025.804341,879.1006997,858.0863554,850.4337556,2170.8498788,2172.81411,2175.370585,62.7893976,62.8953953,62.4116375,69.8673529,69.8741374,69.3200175,55.9127739,56.1151104,55.6997137,475.7269069,451.5333318,429.3635785,239.9861512,227.8987089,216.1744951,235.7407557,223.6346228,213.1890834,323.5961409,320.1798536,299.769074,184.29702,182.2060717,173.455733,139.2991209,137.9737819,126.313341,152.130766,131.3534782,129.5945045,55.6891312,45.6926372,42.7187621,96.4416348,85.660841,86.8757423,4.228469,4.0154171,3.8543187,3.9033453,3.7135443,3.5564521,4.6202356,4.3780972,4.2120328,4.0205822,3.9612796,3.7544318,3.5350452,3.4817463,3.3451937,4.9134417,4.8419371,4.5125068,4.7509963,4.1537928,4.1070721,5.9573959,5.0557313,4.7829191,4.2536054,3.7928621,3.8402424,11250.5708917,11244.9919912,11139.80472,6148.2173338,6136.9595584,6078.374972,5102.3535579,5108.0324328,5061.429744,65.5616517,65.52656,64.9136151,72.7052915,72.5690201,71.8762624,58.621212,58.6843691,58.1489673,6021.163284,2378.346028,3642.817256,17160.968,8456.721,8704.247
2008-09-01,10782.7058403,10777.5674266,10854.55036,5910.2655131,5910.4933149,5937.903453,4872.4403272,4867.0741117,4916.646902,7725.5827365,7721.0802174,7830.678424,5032.034922,5024.5266949,5067.312289,2693.5478145,2696.5535225,2763.366135,3057.1231038,3056.4872091,3023.871931,878.2305911,885.96662,870.5911642,2178.8925126,2170.5205892,2153.280767,62.7177575,62.6810953,63.1288192,69.7532093,69.7462924,70.0697435,55.8809684,55.8149997,56.3834943,483.1331255,482.9962661,484.8549269,244.8282157,248.0306383,250.9518523,238.3049098,234.9656278,233.9030746,331.6099174,330.0449544,322.469266,189.1420806,191.2180558,188.0702828,142.4678368,138.8268986,134.3989833,151.5232082,152.9513117,162.3856609,55.6861352,56.8125825,62.8815695,95.837073,96.1387292,99.5040914,4.2884789,4.2892725,4.2758409,3.9776521,4.0274364,4.0548993,4.6628211,4.6053273,4.5413223,4.1157005,4.0993643,3.9551506,3.6225947,3.6661697,3.5786221,5.0235208,4.8962354,4.638022,4.7223406,4.765672,5.0964386,5.9626446,6.0260751,6.7363049,4.2131194,4.2414283,4.4169372,11265.8389658,11260.5636927,11339.40528,6155.0937288,6158.5239532,6188.855305,5110.7452369,5102.0397395,5150.549977,65.527908,65.4901462,65.9486798,72.6426825,72.6731576,73.0310802,58.614036,58.5095562,59.0658656,5854.881718,2285.420695,3569.461023,17194.287,8474.276,8720.011
2008-10-01,10786.5678398,10787.1417125,10807.41191,5907.5140515,5911.572145,5922.337183,4879.0537883,4875.5695676,4885.07473,7718.2243035,7702.5470813,7677.17758,5027.2815767,5027.4023471,5021.363464,2690.9427268,2675.1447342,2655.814116,3068.3435363,3084.5946313,3130.234333,880.2324748,884.1697979,900.9737185,2188.1110615,2200.4248334,2229.260614,62.6211244,62.6220363,62.7397098,69.5818589,69.6266184,69.7534093,55.855691,55.8139182,55.9227302,496.0308996,483.5329064,458.6710019,254.1599585,244.9801626,234.9550314,241.870941,238.5527438,223.7159705,344.5730914,334.5586173,317.42019,198.2128611,188.1599578,180.7135524,146.3602303,146.3986595,136.7066376,151.4578082,148.9742891,141.2508119,55.9470975,56.8202048,54.241479,95.5107107,92.1540843,87.0093329,4.3964242,4.290186,4.0712553,4.1248524,3.9791778,3.8158824,4.7231888,4.6645882,4.3790397,4.2736171,4.1626753,3.9704335,3.7931886,3.6076639,3.4738731,5.158428,5.1886021,4.8954565,4.7039488,4.6071166,4.3176357,5.9761075,6.0383431,5.6784565,4.1824225,4.019669,3.7564418,11282.5987394,11270.6746189,11266.08291,6161.6740101,6156.5523076,6157.292214,5120.9247293,5114.1223113,5108.790701,65.5008182,65.4290649,65.4024089,72.5754907,72.5119998,72.5207145,58.6246436,58.5447916,58.4837571,5959.709085,2333.098786,3626.610299,17225.792,8490.391,8735.401
2008-11-01,10787.8906563,10781.2974765,10757.34464,5900.828582,5900.6048163,5880.542355,4887.0620743,4880.6926602,4876.802281,7706.3476684,7705.5640061,7717.212821,5016.2837225,5017.1861884,5017.721407,2690.0639458,2688.3778177,2699.491414,3081.5429879,3075.7334705,3040.131815,884.5448595,883.4186279,862.8209482,2196.9981284,2192.3148425,2177.310867,62.5076897,62.4738443,62.3350459,69.3630337,69.3659336,69.1300847,55.8436153,55.7741816,55.7297242,515.0306885,503.6183147,465.8720176,267.9638162,255.1609338,237.3879323,247.0668723,248.4573809,228.4840853,361.9429541,350.8929732,330.1371019,210.9544453,201.0496807,189.7122397,150.9885088,149.8432925,140.4248622,153.0877344,152.7253415,135.7349157,57.009371,54.1112531,47.6756926,96.0783634,98.6140884,88.0592232,4.5566157,4.4627565,4.150967,4.3438618,4.1450722,3.8802,4.8122452,4.8440264,4.4754411,4.485993,4.3554254,4.1024325,4.0356769,3.8528285,3.6431043,5.3145273,5.2794792,4.9446832,4.7327732,4.7305959,4.2739487,6.0548154,5.771683,5.2362294,4.1899328,4.3045459,3.8871893,11302.9213448,11284.9157912,11223.21665,6168.7923983,6155.7657501,6117.930287,5134.1289465,5129.1500411,5105.286366,65.4919041,65.3921361,65.0346112,72.5128936,72.3655373,71.9207538,58.6668058,58.6134317,58.3407292,6034.081346,2388.557713,3645.523634,17257.298,8506.488,8750.81
2008-12-01,10788.0441083,10789.0882209,10915.61593,5891.2146069,5892.7523911,5961.65407,4896.8295014,4896.3358297,4953.96186,7693.0361336,7665.2475997,7790.372783,5000.2851726,5002.0534924,5071.552774,2692.750961,2663.1941073,2718.820009,3095.0079747,3123.8406212,3125.243147,890.9294343,890.6988988,890.1012952,2204.0785404,2233.1417224,2235.141851,62.385349,62.4050619,63.1369097,69.1084512,69.1426038,69.9510616,55.8488842,55.8547382,56.5121047,539.0582781,516.6765101,506.5161596,285.5911194,284.2565686,277.0584557,253.4671587,232.4199415,229.4577039,382.423847,363.3618123,353.3788751,226.4212315,226.5591828,217.2347579,156.0026155,136.8026294,136.1441171,156.634431,153.3146979,153.1372845,59.1698879,57.6973858,59.8236977,97.4645432,95.6173121,93.3135868,4.759013,4.5700271,4.434515,4.6236053,4.6018481,4.4409556,4.9214089,4.5317023,4.4267631,4.7356293,4.5258375,4.3392639,4.3320059,4.3330649,4.1074586,5.4761709,4.8858139,4.7686805,4.8170866,4.678286,4.6711261,6.2277581,6.083679,6.2977286,4.2347477,4.1059341,4.0075316,11327.1023864,11305.764731,11422.13209,6176.8057263,6177.0089597,6238.712525,5150.2966601,5128.7557713,5183.419564,65.5026275,65.3935656,66.0666449,72.4586534,72.4779279,73.2019267,58.7397053,58.5060586,59.1296335,5866.670911,2283.894475,3582.776436,17288.803,8522.607,8766.196
2009-01-01,10786.3703859,10791.835087,10681.02118,5879.3382696,5874.1759865,5839.527635,4907.0321163,4917.6591005,4841.493548,7679.6616686,7722.9900873,7728.344485,4981.129821,4987.8664027,4987.417045,2698.5318475,2735.1236845,2740.927441,3106.7087173,3068.8449997,2952.676698,898.2084486,886.3095838,852.1105904,2208.5002687,2182.5354159,2100.566108,62.2521019,62.2890208,61.6494178,68.8278428,68.7740105,68.3683525,55.858054,55.9833361,55.1162566,566.2332642,556.9723072,600.0175636,305.755332,311.0137225,339.1142284,260.4779322,245.9585847,260.9033352,405.2506532,393.2983989,437.2167084,243.8239779,245.7483405,270.7465979,161.4266753,147.5500583,166.4701105,160.982611,163.6739083,162.8008551,61.9313541,65.265382,68.3676304,99.0512569,98.4085263,94.4332247,4.9876952,4.9077607,5.3188148,4.9434229,5.0283619,5.4884914,5.0406855,4.7632997,5.1133485,5.012431,4.8457913,5.3543988,4.6665289,4.6955757,5.1490714,5.6443712,5.118514,5.725743,4.9264938,5.063355,5.2255506,6.4502434,6.8586695,7.4274034,4.292483,4.3143772,4.3021983,11352.6036501,11348.8073942,11281.03875,6185.0936016,6185.1897091,6178.641864,5167.5100485,5163.6176851,5102.396883,65.5200419,65.50379,65.1126385,72.4072388,72.4153145,72.3386533,58.8231437,58.7833639,58.0864175,6044.382253,2362.631136,3681.751117,17325.421,8541.273,8784.148
2009-02-01,10782.6238463,10804.3325039,10776.72881,5866.6825298,5873.750459,5866.802001,4915.9413165,4930.5820448,4909.926809,7666.0357141,7662.8263435,7709.978259,4960.5892689,4955.1336831,4985.387863,2705.4464453,2707.6926604,2724.590396,3116.5881322,3141.5061603,3066.75055,906.0932609,918.6167759,881.4141371,2210.4948713,2222.8893844,2185.336413,62.1097598,62.2296329,62.0706441,68.5421234,68.6189569,68.5377829,55.8543445,56.0160694,55.7814064,593.5756017,605.0310994,683.9191205,326.6691757,325.9949852,361.2502895,266.906426,279.0361142,322.668831,428.7775722,442.4777985,495.3279421,262.0042897,265.7937291,292.901207,166.7732825,176.6840694,202.4267351,164.7980296,162.5533009,188.5911784,64.664886,60.2012561,68.3490825,100.1331436,102.3520448,120.242096,5.2176969,5.3029347,5.9675432,5.2745136,5.2581995,5.8003734,5.1498026,5.3561721,6.1665157,5.2969421,5.4591141,6.0366783,5.0167467,5.0909294,5.5491695,5.8064249,6.1255545,6.9158029,5.0222077,4.9198056,5.7932836,6.6612767,6.1504033,7.1964339,4.33359,4.4017814,5.2152679,11376.1994481,11409.3636032,11460.64793,6193.3517055,6199.7454442,6228.05229,5182.8477426,5209.618159,5232.59564,65.5288569,65.7144259,66.0098079,72.3586924,72.4273304,72.7580197,58.8869038,59.1861833,59.4472292,5901.39007,2331.90071,3569.48936,17362.038,8559.953,8802.085
2009-03-01,10777.475321,10770.7599321,10775.20182,5855.3925474,5854.5452666,5859.350332,4922.0827737,4916.2146656,4915.851493,7650.5306122,7619.8143075,7590.843707,4940.4814245,4910.0755654,4901.519034,2710.0491877,2709.7387421,2689.324673,3126.9447088,3150.9456247,3184.358118,914.9111228,944.4697011,957.8312982,2212.033586,2206.4759235,2226.52682,61.9654377,61.9057008,61.9312309,68.2799716,68.2457858,68.3017979,55.8239451,55.7391552,55.7350376,618.3866708,652.413338,692.9780099,346.2655764,357.7736441,373.1246112,272.1210944,294.6396938,319.8533987,450.8053236,464.8559029,479.8715919,279.180513,287.9961124,293.9454706,171.6248106,176.8597905,185.9261213,167.5813472,187.5574351,213.106418,67.0850634,69.7775317,79.1791406,100.4962837,117.7799034,133.9272774,5.4264142,5.7113144,6.0426155,5.5834354,5.7590998,5.9867808,5.2389375,5.6543452,6.10908,5.5645801,5.7498437,5.9458372,5.3486321,5.5404413,5.6577322,5.955733,6.1269272,6.4664314,5.0866602,5.61801,6.2725134,6.8314994,6.879736,7.6353273,4.3457291,5.0674242,5.6737929,11395.8619918,11423.1732701,11468.17983,6201.6581238,6212.3189107,6232.474943,5194.203868,5210.8543594,5235.704891,65.5208716,65.6554924,65.9141708,72.3177887,72.4163136,72.6512702,58.9102145,59.0797269,59.3614777,5930.476165,2346.143057,3584.333109,17398.656,8578.618,8820.038
2009-04-01,10772.848325,10794.2710639,10792.7373,5848.3463112,5864.8309144,5871.020886,4924.5020138,4929.4401494,4921.716415,7633.3845325,7666.0555748,7629.304701,4923.7544966,4946.1374745,4935.68706,2709.6300358,2719.9181004,2693.617641,3139.4637926,3128.215489,3163.4326,924.5918146,918.69344,935.3338259,2214.871978,2209.5220491,2228.098774,61.8319197,61.9505595,61.9417569,68.0768696,68.2640994,68.336148,55.7575547,55.8094581,55.7220126,638.3863273,629.8571009,637.0160525,362.0632606,354.0752688,353.9959603,276.3230667,275.7818321,283.0200922,469.5222629,457.3172421,458.1527314,293.4014705,282.3009203,282.0336671,176.1207924,175.0163218,176.1190643,168.8640644,172.5398589,178.8633211,68.6617901,71.7743486,71.9622932,100.2022743,100.7655103,106.9010279,5.5943668,5.5133932,5.5733141,5.8299418,5.6935297,5.6866667,5.3130621,5.2981762,5.437741,5.7944917,5.6296473,5.6649786,5.6237819,5.3993353,5.405304,6.1031185,6.0456057,6.1371158,5.1042119,5.2272841,5.3515106,6.9128156,7.2465101,7.1441051,4.3282532,4.3616004,4.5782029,11411.2346524,11424.1281648,11429.75335,6210.4095718,6218.9061832,6225.016846,5200.8250805,5205.2219815,5204.736507,65.4960065,65.56544,65.5977241,72.2914171,72.3853826,72.4565081,58.8862159,58.931767,58.9262706,5994.255647,2366.367154,3627.888493,17424.009,8591.384,8832.625
2009-05-01,10771.1961417,10773.090936,10786.79871,5847.1599411,5843.0129292,5847.725952,4924.0362006,4930.0780068,4939.072762,7616.267561,7617.0141701,7602.803502,4912.5346247,4903.2616202,4893.029375,2703.7329363,2713.7525499,2709.774127,3154.9285807,3156.0767658,3183.995212,934.6253164,939.751309,954.6965768,2220.3032643,2216.3254568,2229.298635,61.7226617,61.7391575,61.8177149,67.9508849,67.9093433,67.9641195,55.6641311,55.7371501,55.8388406,652.0466249,664.7756247,667.5181922,372.3289568,384.8246096,387.4445607,279.717668,279.9510151,280.0736315,483.4441621,495.730209,498.4852361,303.3084761,315.1611383,318.6515707,180.135686,180.5690706,179.8336654,168.6024628,169.0454157,169.0329561,69.0204807,69.6634713,68.7929901,99.5819821,99.3819445,100.2399661,5.7080694,5.8120596,5.8276561,5.986488,6.1791048,6.2138567,5.3753055,5.3733101,5.3662728,5.9686589,6.1105119,6.1531597,5.815138,6.0393945,6.1141803,6.2463208,6.2387355,6.2234628,5.072992,5.0838858,5.041203,6.876976,6.9013722,6.7214159,4.2925391,4.2916452,4.3029966,11423.2427666,11437.8665606,11454.31691,6219.4888979,6227.8375388,6235.170512,5203.7538687,5210.0290219,5219.146394,65.4591133,65.5488985,65.6431733,72.2777859,72.3818965,72.4671226,58.8262201,58.902145,59.0052217,5995.048094,2368.966488,3626.081606,17449.365,8604.137,8845.228
2009-06-01,10773.6227129,10755.0258441,10770.92392,5851.5000222,5839.7428757,5842.652539,4922.1226907,4915.2829684,4928.27138,7601.0519582,7597.2593727,7558.251544,4906.8753699,4907.1994834,4884.437542,2694.1765884,2690.0598893,2673.814002,3172.5707547,3157.7664714,3212.672376,944.6246523,932.5433923,958.2149978,2227.9461024,2225.2230791,2254.457378,61.6415725,61.5462055,61.637183,67.8953322,67.7707779,67.8045449,55.5578926,55.4909255,55.6375578,659.122517,669.6691217,654.7344765,376.7791088,382.8632546,376.0188967,282.3434081,286.8058671,278.7155798,491.8251889,508.3353124,503.0405658,308.3751807,318.7456075,318.4393179,183.4500081,189.5897049,184.6012479,167.2973281,161.3338093,151.6939107,68.4039281,64.1176471,57.5795788,98.8934,97.2161622,94.1143319,5.7652165,5.861593,5.7303873,6.0494898,6.1527798,6.0466114,5.4250216,5.5132828,5.3527228,6.07726,6.2714129,6.2401977,5.9129504,6.0992912,6.1204469,6.3750456,6.5837769,6.4581676,5.0090999,4.8607694,4.5088405,6.7524184,6.4332451,5.6684275,4.2501169,4.1859507,4.0073008,11432.7452299,11424.6949658,11425.6584,6228.279131,6222.6061303,6218.671436,5204.4660989,5202.0888355,5206.98696,65.4127597,65.3784225,65.3839358,72.2671245,72.2139429,72.1682804,58.7448113,58.7288109,58.7841081,6049.059604,2398.232564,3650.82704,17474.718,8616.904,8857.814
2009-07-01,10780.6525815,10799.3032109,10808.78138,5859.861622,5865.0917928,5880.217355,4920.7909595,4934.2114181,4928.564024,7589.2104951,7596.7338864,7615.68772,4905.7061119,4902.1118932,4914.542199,2683.5043832,2694.6219931,2701.145521,3191.4420864,3202.5693245,3193.09366,954.1555101,962.9798995,965.6751565,2237.2865763,2239.589425,2227.418503,61.5894849,61.699452,61.7536035,67.8903591,67.9548235,68.1300731,55.4598341,55.6142379,55.5505853,660.4755324,649.4655402,601.7201055,376.1446289,374.110816,346.2237779,284.3309035,275.3547242,255.4963276,494.6215618,484.3894158,453.8507389,308.8879854,305.7816456,287.3642196,185.7335764,178.6077702,166.4865193,165.8539706,165.0761245,147.8693667,67.2566435,68.3291704,58.8595583,98.5973271,96.7469541,89.0098084,5.7728183,5.6727981,5.2733888,6.0318193,5.9961319,5.5605405,5.4625216,5.2855596,4.9284983,6.1186521,5.9940852,5.6242466,5.9235288,5.8715034,5.5242097,6.473272,6.2162718,5.8057142,4.9401056,4.9018261,4.4259504,6.5846723,6.6254794,5.7450038,4.2209858,4.1409685,3.8425453,11441.128114,11448.7687511,11410.50149,6236.0062509,6239.2026088,6226.441133,5205.121863,5209.5661424,5184.060352,65.3627581,65.410031,65.1913994,72.2482425,72.2893907,72.1415321,58.664389,58.7178023,58.4303227,6092.576515,2404.427867,3688.148648,17503.078,8630.869,8872.209
2009-08-01,10793.1330548,10789.3646702,10707.25729,5871.2650853,5879.1509641,5833.811145,4921.8679695,4910.213706,4873.446142,7583.1990921,7571.1592606,7497.187268,4907.9135166,4913.685231,4877.615258,2675.2855755,2657.4740297,2619.57201,3209.9339626,3218.2054096,3210.07002,963.3515687,965.4657332,956.1958873,2246.582394,2252.7396764,2253.874133,61.5700641,61.5429391,61.0745955,67.9233603,68.0076398,67.4831671,55.3894993,55.2541135,54.840372,657.7578714,653.9785037,623.5373613,371.7665738,364.2696738,347.3251121,285.9912976,289.7088299,276.2122492,492.7013686,481.1940738,453.688926,305.7023077,293.9260957,281.4907738,186.9990609,187.2679781,172.1981522,165.0565028,172.7844299,169.8484353,66.0642662,70.343578,65.8343384,98.9922366,102.4408518,104.0140969,5.7441633,5.7149252,5.5030329,5.9549045,5.8344567,5.6191143,5.4915328,5.5714066,5.3637004,6.1008846,5.9758192,5.7061501,5.8635373,5.6441635,5.4561928,6.5332098,6.5829512,6.1680634,4.8905769,5.095398,5.0252229,6.4176462,6.7911707,6.4415256,4.2203832,4.3495966,4.4113243,11450.8909261,11443.3431739,11330.79465,6243.0316591,6243.4206379,6181.136257,5207.859267,5199.922536,5149.658391,65.3222826,65.2732569,64.6312759,72.2242452,72.221364,71.5008835,58.6079755,58.5141762,57.9485591,6200.647351,2463.702743,3736.944609,17531.442,8644.839,8886.603
2009-09-01,10811.5125854,10809.9235849,10882.12388,5885.4931488,5894.2537782,5919.935858,4926.0194366,4915.6698067,4962.188018,7584.2906223,7578.2850655,7689.108916,4913.0944841,4921.593705,4965.395687,2671.1961382,2656.6913605,2723.713228,3227.2219631,3231.6385193,3193.014961,972.3986647,972.6600732,954.5401709,2254.8232985,2258.9784462,2238.47479,61.5858095,61.5606234,61.9717915,67.9916751,68.0724172,68.3690181,55.3544288,55.2260212,55.7486389,652.4088812,648.7967794,647.1759748,365.5185622,357.7478913,358.7453646,286.890319,291.0488881,288.4306102,487.3970873,491.1467209,479.3976647,300.3533066,297.2458374,291.7140831,187.0437807,193.9008834,187.6835816,165.0117939,157.6500586,167.7783101,65.1652556,60.5020539,67.0312815,99.8465383,97.1480047,100.7470285,5.6909748,5.6620352,5.6133155,5.8473505,5.7221336,5.7137057,5.5034584,5.5898716,5.4932691,6.0383541,6.0865094,5.8688533,5.7611262,5.6956309,5.5489441,6.5440196,6.8021263,6.4465133,4.8643993,4.6514203,4.9922235,6.2806015,5.8560077,6.5615852,4.2403626,4.1232084,4.3068608,11463.9214666,11458.7203643,11529.29985,6251.011711,6252.0016695,6278.681223,5212.9097556,5206.7186948,5250.618629,65.3021377,65.2554076,65.6573454,72.2142982,72.2040282,72.5121489,58.5782588,58.495865,58.9890671,6030.502149,2380.117777,3650.384371,17559.802,8658.799,8901.003
2009-10-01,10834.4274973,10820.3497353,10845.17258,5901.3406921,5891.9178218,5904.35772,4933.0868052,4928.4319134,4940.814862,7591.3403626,7582.1990963,7556.088999,4920.4408952,4911.3151351,4905.063687,2670.8994674,2670.8839613,2651.025312,3243.0871347,3238.150639,3289.083584,980.8997969,980.6026868,999.2940339,2262.1873378,2257.5479522,2289.78955,61.6282264,61.5420362,61.6832192,68.0803002,67.9640439,68.1075397,55.3524257,55.2956286,55.4345618,645.4922806,644.7610799,613.6968989,359.1651317,357.2705269,343.5776808,286.3271489,287.4905531,270.1192181,480.0663306,478.8773993,456.0851692,294.3432024,293.6518913,282.8185799,185.7231282,185.225508,173.2665893,165.42595,165.8836806,157.6117297,64.8219293,63.6186356,60.7591009,100.6040207,102.265045,96.8526288,5.6227943,5.6236794,5.3556496,5.7369986,5.7170709,5.4990594,5.4858103,5.5117873,5.1837005,5.9477406,5.9406135,5.6924021,5.6443986,5.6417628,5.4515227,6.5014934,6.4852384,6.1348683,4.8533171,4.8731495,4.5728362,6.1987743,6.0924475,5.7317033,4.2578461,4.333608,4.0581127,11479.9197779,11465.1108152,11458.86948,6260.5058238,6249.1883487,6247.935401,5219.4139541,5215.9224665,5210.93408,65.2999058,65.2091922,65.1736938,72.2237773,72.0852062,72.0707533,58.5652015,58.5211922,58.4652239,6123.177519,2421.233599,3701.94392,17582.047,8669.169,8912.878
2009-11-01,10860.2991237,10851.0804525,10829.23153,5918.1007799,5903.3040852,5884.770815,4942.1983439,4947.7763673,4944.460715,7601.9768889,7608.3738505,7624.634543,4929.1906996,4924.8347629,4928.957986,2672.7861893,2683.5390876,2695.676557,3258.3222348,3242.7066021,3204.596986,988.9100802,978.4693224,955.8128287,2269.4121546,2264.2372797,2248.784158,61.6869835,61.6388207,61.5147094,68.1791194,68.0136048,67.8000779,55.3728555,55.4391151,55.4019637,638.1999544,638.6485467,593.4488303,353.4917615,356.0080365,332.7751561,284.708193,282.6405102,260.6736743,472.2006206,473.0043763,445.8847913,288.6521569,288.69217,272.9805167,183.5484637,184.3122062,172.9042747,165.9993339,165.6441705,147.564039,64.8396046,67.3158665,59.7946394,101.1597293,98.3283039,87.7693996,5.5502892,5.55843,5.1953553,5.6363955,5.6876543,5.3521945,5.4469731,5.4037855,5.0080105,5.8482814,5.8530162,5.5248587,5.5320209,5.537368,5.247669,6.426014,6.4268397,6.0275197,4.8476561,4.8599508,4.402057,6.1532265,6.4368732,5.8875738,4.2673133,4.1619291,3.7563616,11498.4990782,11489.7289992,11422.68036,6271.5925414,6259.3121218,6217.545971,5226.9065368,5230.4168775,5205.134389,65.3119877,65.2666201,64.8857549,72.2514997,72.1152722,71.6340728,58.5627529,58.6060609,58.3227743,6181.61564,2462.047029,3719.568611,17604.296,8679.593,8924.703
2009-12-01,10885.0285192,10887.4259914,11010.93644,5934.1411392,5933.9625816,6000.054823,4950.88738,4953.4634098,5010.881612,7614.0825958,7616.7978632,7738.955374,4939.0993506,4938.2577185,5005.58063,2674.9832453,2678.5401447,2733.374744,3270.9459234,3270.6281282,3271.981062,995.0417886,995.7048631,994.4741934,2275.9041348,2274.9232651,2277.506868,61.7372114,61.7672293,62.4679365,68.2669945,68.2852221,69.0457802,55.3870212,55.4291035,56.0716115,632.3190597,632.5747521,619.1328,349.3513672,349.8542637,340.0932631,282.9676925,282.7204883,279.0395369,465.6396247,460.6399154,448.1163732,284.31021,286.3674193,274.1514061,181.3294147,174.2724961,173.9649671,166.679435,171.9348367,171.0164268,65.0411572,63.4868445,65.941857,101.6382778,108.4479922,105.0745698,5.4901448,5.4910999,5.3235521,5.5598279,5.5675439,5.3641218,5.406487,5.3993613,5.2749281,5.7630648,5.7027974,5.4734634,5.4430005,5.4811094,5.192525,6.3483742,6.1087957,5.9836477,4.8486795,4.9943847,4.9670796,6.1354781,5.9938955,6.2184891,4.2749302,4.550193,4.4101145,11517.347579,11520.0007434,11630.06924,6283.4925064,6283.8168453,6340.148086,5233.8550726,5236.1838981,5289.921149,65.32357,65.3559921,65.9804396,72.28597,72.3111787,72.9594119,58.5526633,58.5927371,59.1940553,5996.471764,2349.817914,3646.653851,17626.541,8689.966,8936.575
2010-01-01,10905.9962065,10936.5746271,10809.93025,5948.1806515,5971.9074251,5924.51006,4957.8155549,4964.667202,4885.420192,7627.0979701,7639.2646677,7630.239738,4950.0797918,4953.3262057,4944.394054,2677.0181783,2685.938462,2685.845684,3278.8982364,3297.3099594,3179.690514,998.1008597,1018.5812194,980.1160064,2280.7973766,2278.72874,2199.574507,61.7642597,61.9436613,61.2263603,68.3289038,68.6089641,68.0644339,55.3806034,55.4623857,54.577084,627.3313343,607.9819209,654.0897793,346.0556394,328.7407649,357.65226,281.2756949,279.241156,296.4375194,459.8760545,442.3449108,489.3927292,280.7580461,261.307787,287.032614,179.1180084,181.0371238,202.3601152,167.4552798,165.6370101,164.6970501,65.2975934,67.4329779,70.619646,102.1576865,98.2040322,94.0774041,5.4392918,5.2663948,5.7055882,5.4979766,5.2175706,5.6931394,5.3687879,5.3250579,5.7206804,5.6866271,5.4734754,6.0272769,5.3673628,5.0110475,5.4866986,6.2713399,6.314568,7.0064299,4.8589119,4.7831229,4.9245803,6.1404635,6.209217,6.7209717,4.2870169,4.1315444,4.1016426,11533.3275408,11544.556548,11464.02003,6294.236291,6300.64819,6282.16232,5239.0912498,5243.908358,5181.857711,65.3170443,65.3872099,64.9310592,72.3041701,72.3857413,72.1733642,58.5225552,58.5819061,57.8887122,6191.659969,2422.10468,3769.555289,17655.68,8704.267,8951.413
2010-02-01,10921.4669304,10920.0521407,10889.15449,5959.1899086,5968.4081772,5957.951239,4962.2770218,4951.6439635,4931.203254,7639.9458715,7622.0532405,7666.220844,4961.3349665,4966.5794394,4996.352805,2678.610905,2655.4738011,2669.86804,3281.521059,3297.9989002,3222.933649,997.8549421,1001.8287378,961.5984348,2283.6661169,2296.1701624,2261.335214,61.7604273,61.7481528,61.57344,68.3551854,68.4562034,68.3362649,55.3478247,55.2253922,54.9974181,623.4382625,610.9974792,690.5412705,343.356776,335.7730357,372.4947298,280.0814865,275.2244435,318.0465407,454.9961798,445.6364596,498.5473434,277.75835,271.628592,299.6483974,177.2378298,174.0078676,198.898946,168.4420826,165.3610197,191.9939271,65.598426,64.1444437,72.8463324,102.8436566,101.2165759,119.1475947,5.4001159,5.2987152,5.9633801,5.4479053,5.3261958,5.8841783,5.3426618,5.2655705,6.0588951,5.6207466,5.5237184,6.1060808,5.3016492,5.1855251,5.6580123,6.2061351,6.1498143,6.9332555,4.8824314,4.7745837,5.6221962,6.1684346,6.0174538,7.0420708,4.309375,4.2219544,5.0051861,11544.9051929,11531.0496199,11579.69576,6302.5466846,6304.1812129,6330.445969,5242.3585083,5226.868407,5249.249795,65.2859439,65.2030782,65.478151,72.2936765,72.3074392,72.6086897,58.4717738,58.2949541,58.5445724,6105.128236,2388.133031,3716.995205,17684.824,8718.579,8966.245
2010-03-01,10932.1796575,10925.7879353,10928.91847,5967.3502604,5956.7450242,5960.621375,4964.8293971,4969.0429111,4968.297095,7652.9829921,7636.1322588,7607.138817,4972.1859023,4958.1289777,4948.965483,2680.7970898,2678.0032811,2658.173334,3279.1966654,3289.6556765,3321.779654,995.1643581,998.6160466,1011.655892,2284.0323073,2291.0396299,2310.123761,61.7331111,61.6789588,61.6966315,68.3516783,68.2104979,68.2548859,55.2976354,55.3279179,55.3196136,620.1366717,626.4261859,666.5577885,340.2941726,348.8280276,365.8460221,279.8424991,277.5981583,300.7117664,450.7742333,448.5501741,464.5629253,274.7792466,273.0136803,280.0070542,175.9949867,175.5364938,184.5558711,169.3624384,177.8760118,201.9948632,65.514926,75.8143473,85.8389679,103.8475124,102.0616645,116.1558954,5.3680721,5.4225638,5.7484296,5.3949486,5.5320591,5.7827852,5.3357484,5.2909691,5.707179,5.5625338,5.5481483,5.7554521,5.2369177,5.2190066,5.3549154,6.1605809,6.1515349,6.4922072,4.9111073,5.1297588,5.7323436,6.1766952,7.0562363,7.8213549,4.3489422,4.2648284,4.7874075,11552.3163292,11552.2141212,11595.47626,6307.644433,6305.5730518,6326.467397,5244.6718961,5246.6410693,5269.008862,65.2349714,65.2153,65.4595262,72.2495017,72.2049166,72.4441771,58.4144854,58.4188407,58.6678954,6118.486741,2406.418603,3712.068138,17713.963,8732.886,8981.077
2010-04-01,10942.9388471,10937.2723016,10940.0966,5974.9043292,5976.3725374,5983.713887,4968.0345179,4960.8997642,4956.382717,7668.9519474,7677.7086801,7642.882255,4982.9912732,4990.3032733,4979.977152,2685.9606742,2687.4054068,2662.905103,3273.9868997,3259.5636215,3297.214349,991.913056,986.0692641,1003.736735,2282.0738437,2273.4943574,2293.477614,61.7118952,61.6755384,61.6914647,68.3473167,68.3593614,68.4433337,55.2602769,55.1763768,55.1261371,615.9506868,636.4352855,642.7492554,335.9016179,344.8556829,343.4350697,280.0490689,291.5796026,299.3141857,445.7665138,460.2152344,460.0762358,270.699558,278.4012182,277.3861017,175.0669558,181.8140162,182.6901341,170.184173,176.2200511,182.6730196,65.2020598,66.4544647,66.048968,104.9821132,109.7655864,116.6240516,5.328805,5.498975,5.549148,5.3226422,5.455517,5.4279593,5.3362159,5.5512755,5.6950428,5.4933084,5.6551922,5.6778797,5.1525597,5.2840545,5.2761449,6.1190236,6.3367066,6.4201026,4.941223,5.1289624,5.2493946,6.1679243,6.313821,6.1740373,4.3979745,4.6056909,4.8389681,11558.8895339,11573.7075871,11582.84586,6310.805947,6321.2282203,6327.148957,5248.0835869,5252.4793668,5255.696903,65.1855036,65.2644121,65.315943,72.189717,72.3039137,72.3716367,58.3753094,58.4193986,58.4551849,6150.720141,2415.432044,3735.288097,17733.566,8742.581,8990.985
2010-05-01,10957.7677902,10939.2416958,10957.42661,5984.2817173,5969.6117732,5977.195003,4973.4860729,4969.6299226,4980.231606,7688.1894566,7694.8597552,7685.523719,4994.5842547,4996.5378969,4987.437982,2693.6052019,2698.3218583,2698.085737,3269.5783337,3244.3819406,3271.90289,989.6974627,973.0738763,989.7570212,2279.880871,2271.3080644,2282.145869,61.7198055,61.6185227,61.7209546,68.3708699,68.2062684,68.2929112,55.2532175,55.2127178,55.3305028,611.1461287,603.6494084,604.6141035,330.7012037,329.5845885,329.9397778,280.4449249,274.0648199,274.6743257,439.5690355,442.1643055,443.3807954,265.2572563,273.6401455,274.9973003,174.3117791,168.52416,168.3834951,171.5770932,161.4851029,161.2333081,65.4439474,55.944443,54.9424775,106.1331458,105.5406599,106.2908306,5.2826578,5.2296206,5.2293027,5.2367711,5.2321688,5.231215,5.3378113,5.2265594,5.2270075,5.4082443,5.4339806,5.4543733,5.0430656,5.1922372,5.2256662,6.0779925,5.878382,5.8742474,4.9860315,4.7413801,4.6963854,6.2023864,5.436681,5.2591657,4.4481359,4.4403608,4.450226,11568.9139189,11542.8911043,11562.04071,6314.982921,6299.1963617,6307.134781,5253.9309978,5243.6947425,5254.905932,65.162096,65.018757,65.1266228,72.1491561,71.971963,72.0626641,58.3688359,58.2575851,58.3821417,6191.130288,2445.157219,3745.973068,17753.171,8752.292,9000.879
2010-06-01,10980.3779986,10992.7114894,11009.25116,5997.9433743,6001.5569608,6006.146885,4982.4346242,4991.1545286,5003.104275,7711.1134378,7712.6391433,7673.618719,5008.2307691,5005.3526768,4981.869952,2702.8826688,2707.2864665,2691.748767,3269.2645608,3280.0723461,3335.632442,989.7126053,996.204284,1024.276933,2279.5519555,2283.8680621,2311.355509,61.7759348,61.851411,61.9444728,68.4488882,68.4953642,68.5477487,55.2882665,55.3909019,55.523518,606.7361106,596.1510804,580.3019453,325.3208457,320.1911291,312.4883828,281.4152648,275.9599513,267.8135625,433.075987,425.2116845,419.7896349,258.9593528,254.3101723,253.2777127,174.1166342,170.9015122,166.5119222,173.6601236,170.9393959,160.5123105,66.361493,65.8809567,59.2106701,107.2986306,105.0584391,101.3016403,5.2363005,5.1441725,5.0071124,5.1448245,5.0649144,4.9455044,5.3461871,5.2393004,5.0809664,5.317607,5.2251103,5.186809,4.9164611,4.8351041,4.8380242,6.0520221,5.9378162,5.825638,5.043971,4.9533125,4.5911231,6.2837914,6.202982,5.4648221,4.4954063,4.3977259,4.1987582,11587.1141091,11588.8625698,11589.55311,6323.2642201,6321.7480899,6318.635268,5263.8498891,5267.11448,5270.917838,65.1894503,65.2057049,65.2095903,72.1614691,72.1496839,72.1141575,58.4110295,58.453454,58.495663,6183.220894,2443.354732,3739.866162,17772.774,8761.99,9010.784
2010-07-01,11011.4430617,11018.9578797,11030.48682,6016.5950829,6010.9211738,6027.166935,4994.8479788,5008.0367058,5003.319881,7736.887492,7712.8498418,7732.378867,5024.2379494,5018.2757729,5031.011636,2712.6495426,2694.5740688,2701.367231,3274.5555697,3306.1080379,3298.107948,992.3571335,992.6454009,996.1552985,2282.1984362,2313.462637,2301.95265,61.8813026,61.9256917,61.9904834,68.5865122,68.5241485,68.7093492,55.3624518,55.51,55.4577178,603.2706537,615.2378402,572.03707,320.2195755,324.7668713,301.9053678,283.0510782,290.4709689,270.1317022,427.1284552,438.0903411,412.0670771,252.4374243,257.0256473,243.0274099,174.6910309,181.0646938,169.0396671,176.1421984,177.1474991,159.969993,67.7821512,67.741224,58.8779579,108.3600473,109.4062751,101.092035,5.1940209,5.2881854,4.9302813,5.0533208,5.1259921,4.7701362,5.3629498,5.4821279,5.1224838,5.2318425,5.3747216,5.0594857,4.7840242,4.8722457,4.6079941,6.0502399,6.2965034,5.8890489,5.1045386,5.0856877,4.62598,6.3937024,6.3883514,5.5806732,4.532834,4.5155672,4.2068313,11614.7137153,11634.1957199,11602.52389,6336.8146583,6335.6880452,6329.072303,5277.899057,5298.5076747,5273.451583,65.2715189,65.3832808,65.2052876,72.2368732,72.2264717,72.1510527,58.4997648,58.7296336,58.4519073,6191.315115,2442.902697,3748.412417,17793.839,8771.975,9021.864
2010-08-01,11047.7395295,11060.8251419,10973.82293,6037.7684089,6044.9247752,5996.98636,5009.9711206,5015.9003667,4976.836573,7763.645439,7776.5534093,7699.911728,5041.239261,5037.8929776,4999.87276,2722.406178,2738.6604317,2700.038968,3284.0940906,3284.2717326,3273.911205,996.5291479,1007.0317976,997.1135996,2287.5649426,2277.239935,2276.797606,62.0153536,62.0874915,61.5991239,68.7528288,68.8329731,68.287103,55.4653365,55.5293467,55.0968846,600.5631233,586.1124722,559.2822219,315.5219618,299.852791,285.9592732,285.0411615,286.2596812,273.3229487,422.2744948,411.248793,386.855605,246.4795051,235.9844143,226.2188789,175.7949897,175.2643787,160.6367262,178.2886285,174.8636792,172.4266168,69.0424567,63.8683767,59.7403943,109.2461718,110.9953025,112.6862225,5.1557994,5.0323312,4.8493638,4.9662764,4.725978,4.5513568,5.3832011,5.3989257,5.2059932,5.1585466,5.0227006,4.7838103,4.6613581,4.4745905,4.3286436,6.0656586,6.0147186,5.6153421,5.1493045,5.0551267,5.0031838,6.4793822,5.9639898,5.652663,4.55798,4.6475867,4.7159232,11648.3026528,11646.9376141,11533.10515,6353.2903707,6344.7775662,6282.945633,5295.0122821,5302.1600479,5250.159522,65.3865532,65.377504,64.7385307,72.3457171,72.2473678,71.5432936,58.6210241,58.6984314,58.1227511,6281.795845,2499.073367,3782.722478,17814.901,8782.019,9032.882
2010-09-01,11084.0419055,11087.124295,11159.35996,6057.9877662,6060.9213379,6086.677146,5026.0541393,5026.2029571,5072.682814,7789.7409752,7813.9907281,7928.194398,5058.0405249,5080.7731558,5125.666907,2731.7004503,2733.2175724,2802.527491,3294.3009303,3273.1335668,3231.165563,999.9472413,980.1481821,961.0102389,2294.353689,2292.9853847,2270.155324,62.147697,62.1616138,62.5666138,68.9069903,68.9366897,69.2296353,55.576657,55.575276,56.0892089,598.7594629,590.2263119,592.0659826,311.7375098,310.2996471,313.6864605,287.0219531,279.9266648,278.3795222,418.9565991,408.4484169,398.4178391,242.2032901,234.8966476,230.4489025,176.753309,173.5517693,167.9689367,179.8028638,181.777895,193.6481435,69.5342197,75.4029995,83.237558,110.2686441,106.3748955,110.4105855,5.125136,5.054454,5.038248,4.8940495,4.8703325,4.9010725,5.4021804,5.2755339,5.2023225,5.1038133,4.9674848,4.7848732,4.5696632,4.4189473,4.3025377,6.077226,5.9706068,5.6545746,5.1755179,5.2614343,5.6542679,6.501676,7.1434717,7.9710542,4.5856949,4.4334691,4.6379974,11682.8013683,11677.3506069,11751.42594,6369.7252759,6371.220985,6400.363607,5313.0760924,5306.1296219,5351.062336,65.5049129,65.4708055,65.8861199,72.4528696,72.4660261,72.7974932,58.750463,58.6704558,59.1672818,6084.540057,2391.647393,3692.892664,17835.966,8792.011,9043.955
2010-10-01,11116.4002499,11104.3776047,11128.97087,6075.7009913,6066.6622552,6077.07418,5040.6992586,5037.7153495,5051.896685,7815.151182,7792.8555135,7765.264798,5074.6309192,5068.3745881,5060.419401,2740.5202628,2724.4809254,2704.845397,3301.249068,3311.5220912,3363.706068,1001.0700721,998.2876671,1016.65478,2300.1789959,2313.2344241,2347.051288,62.254794,62.1851165,62.3228401,69.02962,68.9243058,69.0425973,55.6690738,55.6343184,55.7909309,597.3068042,619.5771988,589.8094069,308.6128057,321.5340143,309.8102447,288.6939984,298.0431844,279.9991621,416.9519139,433.1165581,412.0189035,239.6820958,247.4684582,238.8946209,177.2698181,185.6481,173.1242826,180.3548903,186.4606406,177.7905034,68.93071,74.0655562,70.9156239,111.4241803,112.3950845,106.8748796,5.0992124,5.2847116,5.0330273,4.8339229,5.033252,4.8507257,5.4170144,5.5857697,5.2513997,5.0649501,5.2652325,5.0385791,4.5101238,4.6553003,4.5080292,6.0754822,6.3793769,6.0155006,5.1802242,5.3305192,5.0202083,6.4421177,6.9068246,6.5205548,4.6203364,4.633646,4.3552606,11713.7070541,11723.9548035,11718.78027,6384.313797,6388.1962695,6386.884425,5329.3932571,5335.758534,5331.895847,65.5998707,65.6547824,65.6258048,72.535952,72.5773044,72.5624003,58.8573869,58.9257766,58.8831188,6138.189728,2415.035575,3723.154153,17856.97,8801.92,9055.05
2010-11-01,11141.9953832,11163.5436742,11144.54524,6089.877212,6101.4803218,6084.173987,5052.1181712,5062.0633524,5060.371252,7839.0435721,7858.2189427,7877.137175,5091.1230768,5095.7650419,5101.563576,2747.9204952,2762.4539008,2775.573599,3302.9518111,3305.3247315,3267.408064,998.7541351,1005.71528,982.6104117,2304.197676,2299.6094515,2284.797653,62.3197028,62.4430056,62.3367383,69.1074726,69.2419205,69.0455216,55.7222171,55.834806,55.816142,595.3156685,601.0485164,558.2334409,305.8691855,302.4833018,282.9565577,289.446483,298.5652146,275.2768832,415.3677317,420.4849606,396.474602,238.477028,238.2245896,225.4049981,176.8907037,182.260371,171.069604,179.9479368,180.5635558,161.7588389,67.3921575,64.2587122,57.5515596,112.5557793,116.3048436,104.2072793,5.0719936,5.1089618,4.7700931,4.7823845,4.7233763,4.44402,5.4187584,5.5695934,5.1592023,5.0320697,5.0791158,4.7920378,4.4745764,4.4661615,4.2313934,6.0479358,6.1894077,5.8055758,5.1666126,5.1798434,4.7171469,6.3210985,6.0056331,5.5329421,4.6573133,4.814113,4.3619533,11737.3110517,11764.5921906,11702.77868,6395.7463974,6403.9636236,6367.130545,5341.5646542,5360.6285669,5335.648135,65.6494381,65.8049556,65.4592032,72.5784533,72.6746161,72.2566203,58.9146601,59.1279949,58.8524595,6175.19432,2444.699455,3730.494865,17877.973,8811.83,9066.143
2010-12-01,11160.2118863,11169.4430601,11294.95718,6099.8503509,6106.6306711,6174.693352,5060.3615353,5062.812389,5120.263832,7858.8942778,7855.5129796,7980.672735,5105.7553654,5103.6454619,5174.569868,2753.1389124,2751.8675176,2806.102867,3301.3176084,3313.9300805,3314.28445,994.0949855,1002.9852091,1000.123484,2307.2226229,2310.9448713,2314.160966,62.3381887,62.4026896,63.1039259,69.1315735,69.2225036,69.9940369,55.7363131,55.77483,56.4077479,592.572248,572.635831,561.5366885,303.3988493,294.0087929,286.583363,289.1733987,278.6270381,274.9533255,413.9186605,406.3371523,396.7342978,237.9693816,229.3104868,219.2070824,175.9492789,177.0266655,177.5272154,178.6535875,166.2986787,164.8023907,65.4294677,64.698306,67.3762806,113.2241198,101.6003727,97.4261101,5.0419734,4.8767841,4.7361108,4.7382015,4.5934284,4.4353984,5.4055802,5.2163287,5.0962421,5.0033606,4.9182344,4.7357649,4.4532492,4.2998759,4.0640739,6.0069642,6.0441468,5.9500411,5.1337663,4.7783836,4.7369439,6.1753617,6.0596895,6.3115968,4.6778191,4.2113354,4.0399167,11752.7841343,11742.0788911,11856.49387,6403.2492003,6400.6394639,6461.276715,5349.534934,5341.4394271,5395.217158,65.648151,65.6019553,66.2411817,72.5700907,72.5552784,73.2426398,58.9213541,58.8443444,59.4367906,6042.483127,2360.465285,3682.017842,17898.977,8821.742,9077.235
2011-01-01,11172.38459,11199.8850252,11063.65263,6105.8983802,6129.8897427,6077.545984,5066.4862098,5069.9952825,4986.106645,7874.2189776,7863.5805735,7839.307252,5117.6304895,5103.4897011,5088.671468,2756.5884881,2760.0908724,2750.635784,3298.1656124,3336.3044518,3224.345377,988.2678907,1026.4000417,988.8745159,2309.8977217,2309.9044101,2235.470861,62.3189622,62.4774425,61.7174836,69.1060469,69.3835286,68.7910556,55.7242709,55.766354,54.8436384,589.8361327,589.9959913,631.0617593,301.4516231,302.7299358,328.1557555,288.3845096,287.2660554,302.9060039,413.0182983,415.4866961,458.3826044,237.9636826,244.3260827,266.9145237,175.0546157,171.1606134,191.4680807,176.8178344,174.5092951,172.679155,63.4879405,58.4038531,61.2412318,113.3298938,116.105442,111.4379232,5.0146664,5.0042574,5.396128,4.7047785,4.7061687,5.1228697,5.3854617,5.3621811,5.7270803,4.9837875,5.0185206,5.5242195,4.4432732,4.5687079,4.9838528,5.9712117,5.8391651,6.5078627,5.0883072,4.9706224,5.0832472,6.0363764,5.3838167,5.8318554,4.6768159,4.7858603,4.7482852,11762.2207227,11789.8810165,11694.71439,6407.3500033,6432.6196786,6405.70174,5354.8707194,5357.2613379,5289.012649,65.6090365,65.7686763,65.2377988,72.5178511,72.8100945,72.5054134,58.8960976,58.9260769,58.1753897,6231.571611,2429.08926,3802.482351,17926.286,8834.791,9091.495
2011-02-01,11180.280293,11175.2548417,11146.1761,6108.0218783,6108.9851072,6101.549414,5072.2584147,5066.2697345,5044.626681,7885.2342477,7895.276855,7938.381432,5125.5286501,5138.6777307,5169.865483,2759.7055975,2756.5991243,2768.515949,3295.0460454,3279.9779867,3207.794664,982.4932282,970.3073765,931.683931,2312.5528172,2309.6706102,2276.110733,62.2746239,62.2452208,62.0832546,69.0337062,69.0450256,68.9609858,55.7078957,55.6380339,55.4003488,587.4622503,584.7808878,662.6877726,300.2265036,308.237783,342.4697512,287.2357467,276.5431048,320.2180215,412.5617712,405.921178,454.8356766,238.3884322,242.2288534,267.783573,174.173339,163.6923247,187.0521035,174.9004792,178.8597098,207.8520961,61.8380714,66.0089296,74.6861781,113.0624078,112.8507801,133.1659179,4.9921406,4.9726115,5.6117826,4.685001,4.8032893,5.3145365,5.3593817,5.1759834,5.9688218,4.971944,4.8899108,5.4190863,4.4442975,4.5016365,4.9246204,5.9366232,5.6053421,6.3288038,5.0404373,5.1710929,6.0852925,5.9213079,6.3695736,7.421343,4.6611848,4.6584018,5.5272157,11767.7425433,11760.0357295,11808.86387,6408.2483819,6417.2228902,6444.019165,5359.4941614,5342.8128393,5364.844703,65.5468129,65.5024007,65.7743693,72.4269076,72.5287934,72.8316505,58.8625652,58.6750445,58.9169996,6144.731132,2403.808835,3740.922297,17953.595,8847.828,9105.767
2011-03-01,11186.2526386,11215.3100354,11217.01905,6106.8844311,6117.9597793,6120.273803,5079.3682075,5097.350256,5096.745248,7892.0238986,7931.583956,7902.31264,5128.6538768,5139.6885217,5130.603205,2763.3700218,2791.8954344,2771.709435,3294.22874,3283.7260793,3314.706411,978.2305543,978.2712576,989.6705975,2315.9981857,2305.4548217,2325.035813,62.2216541,62.3734493,62.3829539,68.9261604,69.0446149,69.0707299,55.7084012,55.8918452,55.8852114,586.1503622,581.1323727,619.2324081,300.2738689,293.520416,307.2858173,285.8764933,287.6119566,311.9465909,412.7303312,406.6287158,421.6446384,239.3718977,233.3877109,239.430475,173.3584335,173.2410049,182.2141634,173.4200311,174.5036569,197.5877697,60.9019713,60.1327052,67.8553423,112.5180598,114.3709517,129.7324275,4.9790205,4.9263359,5.2316598,4.6865374,4.5780445,4.7807541,5.328303,5.3410209,5.7675053,4.9698079,4.8766892,5.0654349,4.4592166,4.3436516,4.4586401,5.9031142,5.8425981,6.1685469,5.0010841,5.04604,5.6256042,5.8608474,5.7908779,6.4164234,4.6332019,4.7264127,5.2849155,11772.4030008,11796.442408,11836.25146,6407.1583,6411.4801953,6427.55962,5365.2447008,5384.9622127,5408.691839,65.4820171,65.6053912,65.8267875,72.3152412,72.3571577,72.5386231,58.8437759,59.0454764,59.305669,6144.652541,2433.31938,3711.333161,17980.904,8860.879,9120.025
2011-04-01,11191.4601832,11182.2672334,11186.5476,6103.3864565,6089.9979251,6096.563874,5088.0737267,5092.2693083,5089.983723,7893.8603622,7883.6476261,7848.757158,5126.4618027,5120.4778087,5109.297326,2767.3985595,2763.1698173,2739.459833,3297.599821,3298.6196074,3337.790439,976.9246538,969.5201164,987.2665488,2320.6751672,2329.099491,2350.52389,62.1686347,62.1148348,62.1386112,68.796674,68.6429214,68.7169289,55.7298089,55.771623,55.7465908,587.2274209,583.5495226,588.206156,302.237209,312.302976,310.2848894,284.9902119,271.2465465,277.9212666,414.4196758,416.6760965,416.3475621,241.3835352,243.2694804,241.9976453,173.0361407,173.4066161,174.3499168,172.8077451,166.8734261,171.8585939,60.8536739,69.0334956,68.2872441,111.9540712,97.8399305,103.5713498,4.9855081,4.9597026,4.9954858,4.7183104,4.8779803,4.8430188,5.304054,5.0572526,5.1774625,4.9880321,5.0199981,5.0374142,4.4968422,4.5354389,4.5222259,5.8847129,5.9050605,5.9835724,4.9794654,4.8152867,4.8967459,5.8638413,6.6470806,6.4693287,4.6021839,4.0314121,4.2203476,11778.6876042,11765.816756,11774.75375,6405.6236656,6402.3009012,6406.848764,5373.0639386,5363.5158548,5367.90499,65.4306869,65.3563136,65.4059565,72.2034572,72.1630192,72.2142801,58.8513144,58.7423732,58.790444,6227.817246,2465.148236,3762.66901,18002.571,8871.997,9130.574
2011-05-01,11198.1249373,11173.0981099,11196.18107,6099.5065139,6090.3176538,6101.109173,5098.6184234,5082.7804561,5095.071894,7893.2688804,7836.6027301,7830.789454,5120.6849518,5098.2933925,5090.364544,2772.5839287,2738.3093376,2740.424911,3304.8560569,3336.4953798,3365.391613,978.8215621,992.0242613,1010.744629,2326.0344947,2344.4711185,2354.646984,62.1281307,61.9892884,62.1173546,68.6687397,68.5605308,68.6820142,55.7742075,55.6035063,55.7379695,590.7566319,589.6891717,589.8361665,305.81523,303.4305131,302.3472715,284.941402,286.2586586,287.488895,417.8974588,423.1792206,423.770992,244.5729586,245.051904,245.3140107,173.3245002,178.1273167,178.4569813,172.8591731,166.5099511,166.0651745,61.2422714,58.3786092,57.0332608,111.6169017,108.131342,109.0319137,5.0111338,5.0131755,5.0045419,4.774393,4.7457376,4.7216261,5.2928065,5.3316553,5.3411175,5.0281446,5.1233704,5.1337802,4.5584567,4.5861139,4.597616,5.8835671,6.1077039,6.1138815,4.970481,4.7533456,4.7024552,5.8883185,5.5577351,5.3413038,4.5788705,4.408841,4.4255732,11788.8815693,11762.7872817,11786.01723,6405.3217439,6393.7481669,6403.456444,5383.5598253,5369.0391148,5382.560789,65.4056977,65.2609335,65.3898152,72.1116323,71.976339,72.085628,58.891205,58.7350571,58.8829786,6238.222767,2479.668556,3758.554211,18024.24,8883.125,9141.115
2011-06-01,11206.6593748,11205.544118,11221.25443,6096.8945967,6093.9637048,6098.139619,5109.7647781,5111.5804132,5123.114807,7892.087778,7907.2257777,7869.827023,5113.9960485,5120.3315248,5097.03292,2778.0917295,2786.8942529,2772.794103,3314.5715968,3298.3183402,3351.427403,982.8985482,973.63218,1001.1067,2331.6730486,2324.6861602,2350.320703,62.1004422,62.0946574,62.1817148,68.5591771,68.5157835,68.5627342,55.8259371,55.8541398,55.9801759,596.3724847,579.4276662,564.2161214,311.0508829,300.0502516,292.6045245,285.3216018,279.3774146,271.6115969,423.0391914,411.624963,405.9567284,248.9470681,244.7559173,242.8583199,174.0921233,166.8690457,163.0984084,173.3332933,167.8027033,158.259393,62.1038148,55.2943343,49.7462045,111.2294785,112.5083689,108.5131885,5.0527059,4.9166657,4.7873873,4.8541437,4.6926743,4.5785673,5.2885456,5.1823335,5.0347613,5.0875855,4.9480989,4.9053569,4.641986,4.5620117,4.5480012,5.8970624,5.6493709,5.5553263,4.9695533,4.8412246,4.509217,5.9429353,5.3739828,4.7338885,4.5531689,4.6163065,4.4131972,11803.0318596,11784.9717842,11785.47055,6407.9454797,6394.0139565,6390.744144,5395.0863799,5390.9578278,5394.726404,65.4051732,65.305511,65.3082749,72.0569237,71.8893149,71.8525517,58.9431737,58.9068914,58.9480706,6260.436453,2503.503856,3756.932596,18045.907,8894.248,9151.659
2011-07-01,11216.1168437,11209.6043648,11225.7164077,6096.3216764,6092.2809433,6110.2757872,5119.7951673,5117.3234215,5115.4406205,7890.8449818,7884.0703859,7905.5541472,5108.5264764,5099.5234667,5112.803496,2782.3185054,2784.5469193,2792.7506512,3325.2718618,3325.5339789,3320.1622606,987.7952,992.7574766,997.4722912,2337.4766619,2332.7765023,2322.6899693,62.0775058,62.0425137,62.13169,68.4736084,68.4271922,68.6293065,55.8639693,55.8396779,55.819133,604.4070038,601.5258934,562.5198415,318.1044559,315.1207516,295.4222845,286.3025479,286.4051417,267.097557,429.991708,422.3339391,399.2892604,254.4717814,250.7353072,238.9271542,175.5199267,171.5986319,160.3621062,174.4152957,179.1919543,163.2305811,63.6326745,64.3854445,56.4951303,110.7826212,114.8065098,106.7354508,5.1131998,5.0928732,4.7718745,4.9592037,4.9180739,4.6118671,5.2959188,5.3001393,4.9622975,5.1676499,5.0844375,4.8079084,4.7449536,4.6864146,4.4644839,5.9340607,5.80481,5.4302737,4.9837396,5.1128664,4.6859653,6.0520247,6.0905147,5.360235,4.5249546,4.6906074,4.3934442,11820.5238474,11811.1302582,11788.2362492,6414.4261323,6407.4016949,6405.6980717,5406.0977152,5403.7285632,5382.5381775,65.4226991,65.3718175,65.2451045,72.0465432,71.9665609,71.9474262,58.9879218,58.9648998,58.7336726,6279.3817508,2497.6059283,3781.7758225,18067.618,8903.304,9164.314
2011-08-01,11226.7626444,11218.5869989,11127.2154885,6098.8890877,6095.3253619,6045.8909825,5127.8735567,5123.2616371,5081.324506,7891.2999991,7885.1255438,7806.701713,5106.2057805,5106.8483457,5067.4918021,2785.0942186,2778.2771981,2739.2099109,3335.4626453,3333.4614551,3320.5137755,992.6833072,988.4770162,978.3991804,2342.7793381,2344.9844389,2342.1145951,62.0580989,62.0147207,61.5096322,68.4207088,68.3859901,67.8313653,55.8776449,55.8267078,55.369731,613.4786449,624.1441004,596.7613242,325.4504876,336.8295657,322.0807126,288.0281572,287.3145347,274.6806115,437.7273524,446.5872803,422.0877432,260.0164311,267.0505902,256.8178546,177.7109213,179.5366901,165.2698886,175.7512925,177.5568201,174.673581,65.4340565,69.7789755,65.262858,110.317236,107.7778446,109.4107229,5.1813019,5.2702717,5.090093,5.065898,5.2366519,5.0578226,5.3181939,5.3102392,5.1284606,5.2554438,5.3600897,5.1294026,4.845428,4.9694011,4.8234958,5.9980631,6.0699117,5.6901717,5.0054282,5.0571318,4.9975456,6.1840074,6.5937709,6.2532559,4.4970605,4.3941415,4.4629652,11840.2412893,11842.7310993,11723.9768127,6424.3395754,6432.1549275,6367.9716951,5415.901714,5410.5761718,5356.0051176,65.4492206,65.4648987,64.8084422,72.0717922,72.1650211,71.4449227,59.0162431,58.9574916,58.3628465,6366.2231873,2545.1483049,3821.0748824,18090.2,8913.12,9177.08
2011-09-01,11237.4084389,11245.7803754,11315.9301478,6104.2850865,6105.8621543,6131.0825372,5133.1233524,5139.9182212,5184.8476107,7893.887471,7895.1363682,8009.9752383,5107.391365,5101.9625027,5147.0236539,2786.496106,2793.1738655,2862.9515844,3343.5209679,3350.6440072,3305.9549095,996.8937215,1003.8996516,984.0588832,2346.6272464,2346.7443557,2321.8960263,62.0342891,62.087531,62.4748252,68.3940308,68.4289613,68.7116084,55.8572339,55.930303,56.4192046,620.7960959,619.5988141,620.1409733,330.8810242,330.2245217,331.9503294,289.9150717,289.3742924,288.190644,444.1549906,443.113538,432.8079436,263.9593957,264.3232651,259.4774579,180.1955949,178.7902729,173.3304857,176.6411053,176.4852761,187.3330297,66.9216285,65.9012566,72.4728714,109.7194768,110.5840195,114.8601583,5.235161,5.2219049,5.1955201,5.1417635,5.1308278,5.1361387,5.3459896,5.3298711,5.2656428,5.3268497,5.3142271,5.1263657,4.9142089,4.9256278,4.7993601,6.0739576,6.015896,5.7086424,5.0179822,5.003652,5.3626564,6.2907184,6.1601421,6.8595072,4.4667748,4.5001727,4.71365,11858.2045348,11865.3791896,11936.0711211,6435.1661107,6436.086676,6463.0328665,5423.0384241,5429.2925136,5473.0382546,65.4612932,65.5083127,65.8986002,72.1013097,72.129818,72.4318064,59.0120098,59.0791453,59.555167,6176.7128788,2459.8881335,3716.8247454,18112.784,8922.921,9189.863
2011-10-01,11247.2703712,11249.2394215,11270.9275609,6110.9432596,6106.6609972,6114.771445,5136.3271117,5142.5784242,5156.1561159,7899.1479106,7916.4306748,7888.1915191,5111.3635387,5127.0203272,5118.3530614,2787.7843719,2789.4103477,2769.8384577,3348.1224607,3332.8087466,3382.7360418,999.5797209,979.6406701,996.4183837,2348.5427398,2353.1680766,2386.3176581,62.0004477,62.0127264,62.1322848,68.3737318,68.330413,68.4211648,55.8109526,55.87784,56.0253714,624.8074256,615.4873414,588.5535235,333.2896859,334.9000305,324.4008883,291.5177397,280.5873109,264.1526351,447.9227277,453.8091312,434.0757273,265.7161704,269.0778419,261.153349,182.2065573,184.7312893,172.9223783,176.8846979,161.6782103,154.4777962,67.5735155,65.8221886,63.2475393,109.3111824,95.8560216,91.2302568,5.2628313,5.1875391,4.9627258,5.1719062,5.1990508,5.0379283,5.3707825,5.1738657,4.8733872,5.3662266,5.4216981,5.215835,4.9416446,4.9865261,4.8545969,6.1349197,6.2112472,5.8761954,5.0179954,4.6266652,4.3672168,6.3321286,6.2959854,5.9686301,4.4474239,3.9140498,3.6822802,11872.0777968,11864.7267629,11859.4810844,6444.2329454,6441.5610277,6439.1723334,5427.8448514,5423.1657352,5420.308751,65.4446914,65.4056712,65.3767538,72.1028222,72.0777731,72.0510448,58.9785629,58.9266244,58.8955812,6280.7299156,2497.7866666,3782.943249,18140.211,8936.959,9203.252
2011-11-01,11255.2738991,11253.1174717,11239.4184518,6117.0487283,6120.1876162,6106.0568337,5138.2251708,5132.9298556,5133.3616181,7906.7536446,7882.869114,7905.9193355,5116.8518112,5103.4605661,5112.2987475,2789.9018334,2779.4085479,2793.6205881,3348.5202545,3370.2483577,3333.4991162,1000.1969171,1016.7270501,993.7580862,2348.3233375,2353.5213077,2339.74103,61.9502033,61.9404473,61.8650438,68.3387509,68.374513,68.2166444,55.7466572,55.691853,55.6965376,624.7232624,621.1413619,578.1630754,332.7892579,329.0188988,308.0222473,291.9340045,292.1224631,270.140828,448.3700102,443.5681889,418.4022697,265.4822883,258.0216477,244.1678164,182.8877219,185.5465412,174.2344534,176.3532522,177.573173,159.7608056,67.3069697,70.9972511,63.854431,109.0462825,106.5759219,95.9063747,5.2586146,5.2309906,4.8923976,5.159653,5.1016958,4.8022833,5.3761592,5.3846939,4.9993653,5.3664078,5.3272267,5.0262627,4.9324751,4.8125059,4.5583747,6.1520575,6.2579883,5.8707198,5.0031087,5.0051326,4.5734016,6.3050796,6.5271366,6.0376017,4.4375206,4.3321833,3.9376132,11879.9971615,11874.2588336,11817.5815271,6449.8379862,6449.206515,6414.079081,5430.1591753,5425.0523187,5403.5024461,65.3887454,65.3593908,65.0474224,72.0566225,72.0503001,71.6578577,58.9139658,58.8613569,58.6275427,6350.0584729,2536.898919,3813.1595539,18167.64,8950.978,9216.662
2011-12-01,11263.1208824,11232.3008553,11355.7551112,6122.5010335,6124.7553767,6191.18647,5140.6198489,5107.5454786,5164.5686412,7917.3112707,7917.0498608,8041.3260995,5123.2798648,5123.3470306,5194.8041796,2794.031406,2793.7028302,2846.5219199,3345.8096117,3315.2509945,3314.4290117,999.2211687,1001.4083461,996.3822904,2346.588443,2313.8426484,2318.0467213,61.8932071,61.732671,62.411175,68.2885138,68.3184368,69.0594409,55.68385,55.3360183,55.953817,620.9900039,615.6818921,602.0448335,329.7142562,314.1605001,306.5691509,291.2757477,301.521392,295.4756826,445.3836702,436.6538963,426.1104878,263.2641243,246.9543332,236.5442349,182.1195459,189.6995631,189.5662529,175.6063337,179.0279959,175.9343457,66.4501319,67.2061669,70.024916,109.1562018,111.821829,105.9094296,5.2253804,5.1965124,5.0347458,5.1100938,4.87909,4.7180776,5.3623223,5.5743698,5.4115986,5.325839,5.2270694,5.0323434,4.8874403,4.5985191,4.3551659,6.119298,6.3584974,6.2437664,4.9868103,5.1234603,5.0405739,6.2355186,6.2890936,6.5664331,4.4449329,4.6099463,4.3692799,11884.1108863,11847.9827474,11957.7999447,6452.2152897,6438.9158768,6497.7556209,5431.8955966,5409.0668706,5460.0443238,65.3056772,65.1164557,65.7200105,71.9660463,71.8227326,72.4790591,58.838986,58.6027525,59.1550509,6237.2670553,2467.2553791,3770.0116762,18195.067,8965.011,9230.056
2012-01-01,11272.6755189,11305.0903706,11160.4515806,6127.7932594,6163.5617406,6105.3139152,5144.8822596,5141.52863,5055.1376654,7929.8138807,7962.0984822,7922.5016882,5130.141068,5164.9254066,5142.0725607,2799.6728127,2797.1730755,2780.4291275,3342.8616382,3342.9918885,3237.9498924,997.6521913,998.636334,963.2413545,2345.2094469,2344.3555545,2274.708538,61.841883,62.0224454,61.2289222,68.2313199,68.6280391,67.97948,55.6388057,55.6063058,54.6719762,616.1292603,601.1828089,642.3392291,325.8010658,316.6046446,342.1346743,290.3281945,284.5781644,300.2045548,440.2435485,430.9086799,472.9131594,259.7341621,254.3064499,276.866472,180.5093864,176.60223,196.0466874,175.8857118,170.274129,169.4260697,66.0669038,62.2981946,65.2682023,109.8188081,107.9759344,104.1578674,5.1824323,5.0492946,5.4422656,5.0483661,4.8857487,5.3065126,5.3416183,5.2446105,5.6057025,5.2597435,5.1341393,5.6329933,4.8189272,4.692666,5.1092376,6.0569916,5.9386541,6.5865372,4.998532,4.8466051,4.9723327,6.2109352,5.8720112,6.3459014,4.4732197,4.402991,4.3784664,11888.8047792,11906.2731796,11802.7908097,6453.5943252,6480.1663852,6447.4485895,5435.2104541,5426.1067944,5355.3422202,65.2219674,65.3206789,64.7529497,71.8590266,72.1532664,71.7889708,58.7785304,58.6840559,57.9187278,6424.6271903,2533.6644105,3890.9627798,18227.418,8981.113,9246.305
2012-02-01,11285.5876414,11270.4352535,11237.7359131,6133.8358137,6131.7697591,6123.5246746,5151.7518277,5138.6654944,5114.2112385,7942.1797001,7948.1090714,7987.6838541,5136.6064896,5144.4907351,5175.4995219,2805.5732105,2803.6183363,2812.1843321,3343.4079413,3322.3261821,3250.052059,997.2293241,987.279024,948.0251527,2346.1786172,2335.0471582,2302.0269063,61.8084176,61.7227803,61.5437017,68.1810068,68.1519628,68.0603222,55.621884,55.4777867,55.2137749,612.5868866,617.3217038,699.6048415,322.7825851,327.9991051,364.9975586,289.8043015,289.3225987,334.6072828,435.2043386,439.3556068,492.8348407,256.1822245,262.6169321,291.0804828,179.022114,176.7386746,201.7543579,177.3825481,177.9660971,206.7700008,66.6003606,65.382173,73.9170758,110.7821875,112.5839241,132.852925,5.1485788,5.19292,5.8606423,4.9992514,5.0775672,5.6252802,5.3257615,5.3301996,6.1409144,5.1949909,5.2382409,5.8113761,4.7504591,4.8568837,5.3247274,5.9982039,5.9301176,6.6940432,5.0381455,5.084321,5.9815055,6.2604345,6.2111317,7.2329995,4.5089115,4.5997097,5.4562415,11898.174528,11887.7569574,11937.3407546,6456.6183988,6459.7688642,6488.5222332,5441.5561292,5427.9880932,5448.8185213,65.163407,65.1035559,65.3751026,71.7689153,71.7975307,72.1171119,58.7508121,58.6013559,58.8262442,6322.4252455,2508.6797668,3813.7454787,18259.766,8997.202,9262.564
2012-03-01,11301.9715241,11333.5957311,11334.5335101,6140.9069457,6142.1919174,6143.950788,5161.0645784,5191.4038137,5190.5827221,7953.1959973,7967.101307,7937.9497562,5142.7191107,5150.5151531,5142.0042089,2810.4768866,2816.5861539,2795.9455473,3348.7755268,3366.4944242,3396.5837539,998.187835,991.6767643,1001.9465791,2350.5876918,2374.8176599,2394.6371748,61.7966734,61.9589068,61.9640335,68.1445163,68.1458195,68.1653336,55.6338825,55.9490259,55.9401768,611.5157784,619.5260364,659.8616174,321.6571212,327.2809347,342.8072689,289.8586572,292.2451017,317.0543485,432.2277402,439.3229631,455.8739266,254.1069079,258.6990199,265.5446758,178.1208323,180.6239432,190.3292508,179.2880382,180.2030733,203.9876908,67.5502133,68.5819147,77.2625931,111.7378249,111.6211586,126.7250976,5.1329704,5.1829643,5.5014164,4.9772369,5.0588501,5.2847241,5.3176067,5.3293912,5.7566311,5.1545128,5.2260384,5.4310639,4.708451,4.782562,4.9106292,5.9600137,6.0264025,6.3734674,5.0817689,5.0808696,5.6654254,6.3383505,6.4684134,7.1591861,4.5378982,4.4891979,5.0260567,11913.4873025,11953.1217675,11994.3951275,6462.5640669,6469.4728521,6486.7580569,5450.9232356,5483.6489155,5507.6370706,65.140306,65.345754,65.5713886,71.7138862,71.7769055,71.9686798,58.7584243,59.0986227,59.3571489,6297.7218726,2526.5489431,3771.1729294,18292.117,9013.307,9278.81
2012-04-01,11319.3249307,11321.8721584,11331.6316897,6147.8192975,6154.938342,6163.5572284,5171.5056332,5166.9338164,5168.0744612,7960.9580594,7945.3952154,7912.2739846,5147.5145844,5133.1573399,5122.1137109,2813.443475,2812.2378755,2790.1602737,3358.3668712,3376.476943,3419.3577051,1000.3047131,1021.7810021,1041.4435176,2358.0621582,2354.6959409,2377.9141875,61.794761,61.8075689,61.8608475,68.1107652,68.1870973,68.2825811,55.6620665,55.6098882,55.6221646,613.231067,595.2457406,599.2862944,322.912463,316.6139826,313.6273486,290.318604,278.631758,285.6589458,432.3218752,422.6726142,421.9538793,254.4051297,251.1286681,249.0806788,177.9167455,171.5439461,172.8732005,180.9091918,172.5731264,177.3324151,68.5073333,65.4853145,64.5466698,112.4018585,107.087812,112.7857453,5.1391426,4.99488,5.0229689,4.9903546,4.8923962,4.842032,5.3154146,5.1166725,5.2378605,5.1508097,5.051018,5.0629031,4.7095319,4.6641034,4.6373425,5.9476871,5.7492121,5.8343317,5.1114745,4.862516,4.9304335,6.4096708,6.0229323,5.8360979,4.5498278,4.3500089,4.5282751,11932.5559976,11917.117899,11930.9179841,6470.7317604,6471.5523246,6477.184577,5461.8242372,5445.5655744,5453.7334071,65.1425284,65.0570927,65.1324291,71.6882638,71.6946854,71.757082,58.7868303,58.6087036,58.6966112,6387.0200159,2549.359423,3837.660593,18317.938,9026.544,9291.394
2012-05-01,11334.967052,11364.4143134,11393.1529779,6153.8561187,6165.7574422,6180.0537916,5181.1109333,5198.6568712,5213.0991863,7966.2525742,7987.3564482,7984.8792357,5151.4557414,5160.8971131,5154.5633738,2814.7968328,2826.4593351,2830.3158619,3368.7144777,3377.0578652,3408.2737422,1002.4003773,1004.860329,1025.4904178,2366.3141005,2372.1975361,2382.7833243,61.78816,61.952477,62.1091442,68.0723061,68.2068357,68.3649848,55.6851733,55.875702,56.0309295,617.6141083,623.3939516,620.9381901,326.6560984,321.9656796,318.0587254,290.9580099,301.4282721,302.8794647,436.1374165,431.4562927,430.0044773,257.6354979,248.410799,246.3366412,178.5019186,183.0454938,183.6678361,181.4766918,191.9376589,190.9337128,69.0206005,73.5548806,71.7220842,112.4560913,118.3827783,119.2116286,5.1672028,5.2002329,5.1684158,5.0405907,4.9626914,4.8946325,5.3171481,5.4804292,5.490947,5.1906352,5.1249066,5.1100466,4.7630089,4.5922843,4.5610295,5.9633847,6.0822462,6.0938563,5.1117442,5.3779182,5.3048821,6.4419684,6.8206457,6.5367542,4.5367696,4.7532207,4.764663,11952.5811603,11987.808265,12014.0911679,6480.5122171,6487.7231217,6498.112517,5472.0689432,5500.0851433,5515.9786509,65.1548428,65.3508747,65.4941545,71.6856882,71.7684841,71.8834137,58.8123109,59.1154842,59.2863093,6329.6698321,2541.681483,3787.9883491,18343.761,9039.794,9303.967
2012-06-01,11347.3200446,11338.3517496,11356.0437073,6158.3551808,6163.3097041,6169.1941485,5188.9648638,5175.0420455,5186.8495588,7971.5532527,7958.7848497,7925.4583561,5155.3582413,5154.3935587,5132.6325942,2816.1950114,2804.3912909,2792.8257619,3375.7667919,3379.5669,3430.5853513,1002.9969395,1008.9161454,1036.5615544,2372.7698524,2370.6507546,2394.0237969,61.7667257,61.723522,61.8198332,68.0205455,68.0801437,68.1451435,55.691748,55.5467104,55.6734472,623.1368314,617.1974119,599.270207,331.7489741,316.8550277,306.7857557,291.3878573,300.3423842,292.4844513,442.7871055,429.2071699,422.9076023,263.0100573,242.9628267,240.517131,179.7770482,186.2443432,182.3904713,180.3497259,187.990242,176.3626047,68.7389168,73.892201,66.2686247,111.6108091,114.098041,110.09398,5.2056228,5.1624346,5.0125845,5.1116125,4.8896138,4.737287,5.3169544,5.4853205,5.3379562,5.2622914,5.1169239,5.065753,4.8540454,4.5015154,4.4762782,6.000625,6.2275839,6.1303266,5.0715359,5.2694388,4.8895245,6.4137928,6.8241255,6.00896,4.4925003,4.5919347,4.3965176,11970.456876,11955.5491616,11955.3139143,6490.1041549,6480.1647318,6475.9799042,5480.3527211,5475.3844297,5479.3340101,65.1586387,65.0834105,65.0821299,71.6847944,71.5801359,71.5339101,58.8191346,58.7704584,58.8128515,6414.2660857,2577.0410958,3837.2249899,18369.58,9053.021,9316.559
2012-07-01,11355.9323359,11348.4768408,11368.7583672,6161.623269,6150.217894,6170.3765818,5194.3090668,5198.2589468,5198.3817853,7978.8637631,7966.5806128,7989.4145273,5160.4648045,5148.6966044,5161.9084727,2818.3989587,2817.8840084,2827.5060546,3377.0685727,3381.8962281,3379.3438398,1001.1584646,1001.5212896,1008.4681091,2375.9101081,2380.3749385,2370.8757307,61.7264061,61.6878162,61.7980621,67.9577324,67.8341959,68.0565373,55.6719367,55.7150463,55.7163629,628.5047261,620.2681291,583.375407,336.8664583,332.2359195,314.3036886,291.6382679,288.0322096,269.0717183,450.8975846,448.5999474,425.6988424,269.2312177,268.919188,258.1164889,181.6663669,179.6807594,167.5823535,177.6071415,171.6681817,157.6765646,67.6352406,63.3167314,56.1871997,109.971901,108.3514502,101.4893649,5.2443408,5.1823991,4.880931,5.1837653,5.1251568,4.8468648,5.3160967,5.2500351,4.9213353,5.3488772,5.3308416,5.0587416,4.9584952,4.9637922,4.7622749,6.0554137,5.9942244,5.595239,4.9964373,4.8308729,4.4578924,6.3281848,5.9461374,5.2775015,4.4238584,4.3536907,4.1049506,11984.437062,11968.7449699,11952.1337741,6498.4897273,6482.4538135,6484.6802704,5485.9473347,5486.2911565,5467.4535037,65.142712,65.0594569,64.9691621,71.6730976,71.4986118,71.5231686,58.7976781,58.8021814,58.6002791,6444.4922259,2581.8647296,3862.6274964,18396.626,9066.545,9330.081
2012-08-01,11362.4958812,11360.7208394,11264.1168555,6165.0683615,6159.7008432,6108.2259897,5197.4275197,5201.0199963,5155.8908658,7988.68388,7978.2857284,7896.5720486,5166.9946218,5163.5742364,5121.9977141,2821.6892582,2814.711492,2774.5743346,3373.8120012,3382.435111,3367.5448068,998.0737397,996.1266067,986.2282756,2375.7382615,2386.3085043,2381.3165312,61.675165,61.6637197,61.1393726,67.8984438,67.8375472,67.2706483,55.6275457,55.6640137,55.1810183,633.2540413,617.7608755,590.767867,341.3818957,341.6869809,327.76435,291.8721456,276.0738946,263.003517,458.8336015,467.5626591,442.8426569,274.9225352,284.439624,274.2140693,183.9110663,183.1230352,168.6285876,174.4204398,150.1982163,147.9252101,66.4593605,57.2473569,53.5502807,107.9610793,92.9508594,94.3749294,5.2789867,5.1572552,4.9833287,5.2468225,5.2556007,5.0926793,5.3171108,5.0405178,4.8534535,5.4315792,5.5360058,5.3102367,5.0519427,5.2209783,5.0816032,6.1189462,6.1085104,5.7294244,4.9156994,4.2517352,4.2078359,6.2430525,5.434666,5.1501621,4.3467854,3.7491382,3.8120635,11995.7499224,11978.4817149,11854.8847225,6506.4502572,6501.3878241,6435.9903397,5489.2996652,5477.0938908,5418.8943828,65.1124422,65.0168021,64.3459424,71.6582236,71.6005882,70.8803576,58.7514241,58.6186997,57.9958183,6568.7862775,2644.0856603,3924.7006172,18423.671,9080.076,9343.595
2012-09-01,11370.3315904,11389.8137195,11457.579725,6169.6852575,6158.6550034,6182.4155989,5200.646333,5231.1587161,5275.1641261,8000.6518975,8022.9320864,8136.2829723,5173.9695614,5162.9738526,5206.9340466,2826.6823361,2859.9582338,2929.3489257,3369.6796929,3366.8816331,3321.2967527,995.7156961,995.6811508,975.4815523,2373.9639968,2371.2004823,2345.8152004,61.6308439,61.7310087,62.0982899,67.8536966,67.7251733,67.9864626,55.5831588,55.9056555,56.3759436,637.1983949,661.437254,661.0912471,344.8256923,370.5362617,371.4831545,292.3727026,290.9009923,289.6080926,464.6660948,485.5151339,474.4569835,278.5715074,300.1807327,294.4389584,186.0945874,185.3344012,180.0180251,172.5323002,175.9221201,186.6342636,66.2541849,70.355529,77.0441961,106.2781152,105.5665911,109.5900675,5.3066567,5.488536,5.4551464,5.2931938,5.6750713,5.6681247,5.3226231,5.2679798,5.2043117,5.4890566,5.7062719,5.5100605,5.1090217,5.494641,5.3520995,6.1768459,6.0859308,5.7895394,4.8707503,4.9656185,5.3203516,6.2388008,6.5997287,7.3199346,4.2849895,4.2622737,4.4632171,12007.5299854,12051.2509735,12118.670972,6514.5109498,6529.1912651,6553.8987534,5493.0190356,5522.0597084,5564.7722187,65.0846635,65.3158952,65.681301,71.6460615,71.799867,72.071569,58.7079624,59.014529,59.4709998,6332.046028,2539.6992466,3792.3467814,18450.717,9093.598,9357.119
2012-10-01,11381.0891197,11391.007507,11405.9647716,6175.4166041,6186.8619577,6190.9145956,5205.6725156,5204.1455493,5215.050176,8011.6588144,8038.2775668,8007.3210694,5179.3339195,5194.998728,5183.697735,2832.3248949,2843.2788388,2823.6233343,3369.4303052,3352.7299402,3398.6437022,996.0826845,991.8632297,1007.2168606,2373.3476207,2360.8667105,2391.4268416,61.6013271,61.6527656,61.7337204,67.8216374,67.9449277,67.9894343,55.5562463,55.5383262,55.6546998,640.470465,651.5244558,623.6190531,347.2938433,346.8432258,335.9634332,293.1766217,304.68123,287.6556199,467.4922228,473.0932858,453.2128607,279.8377508,284.0270328,275.790619,187.654472,189.066253,177.4222417,172.9782422,178.43117,170.4061924,67.4560925,62.816193,60.1728142,105.5221497,115.6149769,110.2333782,5.327682,5.4101949,5.1840451,5.3243793,5.3085227,5.1473834,5.3315997,5.5307825,5.2275304,5.513432,5.5583677,5.3567879,5.1260112,5.1838966,5.0515836,6.2137667,6.2349847,5.9120142,4.8830687,5.0530453,4.7745534,6.3426077,5.9559513,5.6373802,4.2568654,4.6685173,4.4064089,12021.5595847,12042.5319628,12029.5838247,6522.7104474,6533.7051835,6526.8780288,5498.8491373,5508.8267793,5502.7057959,65.06794,65.1790809,65.1090003,71.6357991,71.7540054,71.6790287,58.6851009,58.7898659,58.7245431,6446.4851753,2578.8229712,3867.6622042,18476.069,9105.701,9370.368
2012-11-01,11394.5228888,11385.4196653,11378.3335893,6181.0884182,6173.7553927,6162.8179999,5213.4344706,5211.6642726,5215.5155894,8019.1407953,8016.0025874,8042.2443047,5181.8480305,5182.8937156,5194.0788994,2837.2927649,2833.1088718,2848.1654053,3375.3820934,3369.4170779,3336.0892846,999.2403877,990.8616771,968.7391005,2376.1417057,2378.5554008,2367.3501841,61.5841141,61.5380789,61.4997787,67.7877783,67.7108567,67.5909005,55.55587,55.5401368,55.5811798,644.4113512,631.698454,589.17245,349.6519593,344.2821878,323.3230992,294.7593919,287.4162663,265.8493508,468.4460908,460.3510476,434.572759,279.9664808,274.5095995,260.3642005,188.47961,185.8414481,174.2085585,175.9652604,171.3474064,154.599691,69.6854785,69.7725883,62.9588988,106.2797819,101.5748182,91.6407923,5.3527276,5.2566551,4.9231013,5.3539406,5.2819915,4.9848299,5.3512894,5.2266241,4.8500575,5.5191905,5.4310033,5.126603,5.1258877,5.0300405,4.7734332,6.2291404,6.15583,5.7639644,4.9548873,4.8392771,4.4289162,6.5192059,6.5783834,6.1024543,4.2812948,4.0955438,3.7267641,12038.93424,12017.1181194,11967.5060393,6530.7403774,6518.0375805,6486.1410992,5508.1938625,5499.0805389,5481.3649402,65.0669719,64.9524027,64.6842499,71.6223989,71.4867825,71.1369568,58.6969116,58.6031005,58.4143073,6533.9159607,2631.6809008,3902.2350598,18501.422,9117.822,9383.6
2012-12-01,11409.5307547,11397.6502582,11521.3259666,6185.8495831,6196.0661586,6262.2926727,5223.6811716,5201.5840996,5259.033294,8022.3324198,8005.7673802,8132.3441757,5181.5050564,5182.569299,5256.3551377,2840.8273634,2823.1980812,2875.989038,3387.1983348,3391.8828779,3388.9817909,1004.3445267,1013.4968595,1005.937535,2382.8538082,2378.3860184,2383.0442559,61.5721617,61.5198861,62.1874373,67.7414741,67.8654884,68.5908672,55.5786275,55.3545389,55.9659053,650.1249656,654.6590806,637.8284158,352.8245257,352.9418171,344.7202881,297.3004399,301.7172634,293.1081277,469.8763044,473.0325003,459.5866576,280.9577489,282.1162468,270.5476257,188.9185555,190.9162536,189.0390319,180.2486612,181.6265802,178.2417583,71.8667768,70.8255704,74.1726624,108.3818844,110.8010098,104.0690958,5.3909082,5.4318145,5.2456643,5.3959644,5.3892409,5.2174907,5.3849199,5.4824776,5.2791906,5.5330282,5.579003,5.3490498,5.1434263,5.162534,4.8951038,6.2354587,6.3340747,6.1676118,5.0525954,5.0825829,4.9966523,6.6777571,6.5317814,6.8671384,4.3505271,4.4512931,4.1843326,12059.6557203,12052.3093387,12159.1543824,6538.6741088,6549.0079757,6607.0129608,5520.9816115,5503.301363,5552.1414216,65.0805969,65.0534699,65.630176,71.6052689,71.7312588,72.3665871,58.7418279,58.5653724,59.0851215,6367.6196176,2522.9090392,3844.7105783,18526.774,9129.922,9396.852
2013-01-01,11424.0695143,11463.3325491,11305.9312673,6189.5773499,6220.6716355,6152.157636,5234.4921643,5242.6609136,5153.7736312,8020.883407,8063.151093,8000.4582334,5178.6672761,5208.6921423,5174.7125963,2842.216131,2854.4589507,2825.745637,3403.1861072,3400.1814561,3305.4730339,1010.9100739,1011.9794932,977.4450397,2392.2760334,2388.2019629,2328.0279942,61.5551682,61.7717894,60.9236103,67.6814189,68.0263353,67.2770985,55.6049985,55.6956781,54.7513795,657.211732,653.3754152,696.8740676,356.9404625,356.7456514,383.9065742,300.2712695,296.6297638,312.9674934,473.539739,465.8019177,508.9120206,284.0144557,279.8475876,303.3879459,189.5252832,185.9543301,205.5240746,183.671993,187.5734975,187.9620471,72.9260067,76.8980638,80.5186283,110.7459863,110.6754338,107.4434188,5.4399175,5.3923509,5.8059266,5.4523714,5.4237953,5.8736659,5.4251871,5.3550135,5.7249371,5.5747133,5.4614197,5.9806073,5.1991763,5.0987622,5.538196,6.251367,6.1160873,6.7801316,5.120693,5.228158,5.3804362,6.7285089,7.0621406,7.6107177,4.4244911,4.4290062,4.4116066,12081.2812462,12116.7079643,12002.8053349,6546.5178124,6577.4172869,6536.0642102,5534.7634338,5539.2906774,5466.7411247,65.0963562,65.2925952,64.6788148,71.5844701,71.9275378,71.47532,58.7947221,58.8469397,58.0762058,6554.7476651,2608.4407898,3946.3068753,18557.553,9144.505,9413.048
2013-02-01,11437.5552931,11466.7339004,11425.3118584,6193.1601972,6210.3052177,6198.6660368,5244.3950959,5256.4286827,5226.6458216,8016.8014484,8008.9987274,8044.8367143,5175.0964173,5161.3445275,5191.8638152,2841.7050312,2847.6541999,2852.9728991,3420.7538447,3457.735173,3380.4751441,1018.0637799,1048.9606902,1006.8022215,2402.6900648,2408.7744828,2373.6729225,61.5321281,61.6877978,61.4649589,67.6188773,67.8049612,67.6778831,55.6214949,55.7459182,55.4300625,665.0639305,654.0413064,740.9822388,361.5460032,354.8620085,395.1117896,303.5179273,299.1792979,345.8704492,480.1684793,464.8806231,521.7845761,288.967202,277.3744784,307.4126067,191.2012772,187.5061447,214.3719694,184.8954512,189.1606833,219.1976627,72.5788012,77.4875301,87.699183,112.3166501,111.6731532,131.4984798,5.4952066,5.3960353,6.0904515,5.5158232,5.4052242,5.9921914,5.4708487,5.3851765,6.2067194,5.6510554,5.4860425,6.0909028,5.2885036,5.0999965,5.5900555,6.3042263,6.1778003,6.9888447,5.1279377,5.1868957,6.0893774,6.6546825,6.8789252,8.0127063,4.4658589,4.4306873,5.2490811,12102.6192236,12120.7752068,12166.2940972,6554.7062004,6565.1672262,6593.7778264,5547.9130232,5555.6079806,5572.5162708,65.1100604,65.2063558,65.4512346,71.5663507,71.6793931,71.9917676,58.8405736,58.9187996,59.0981168,6422.0399028,2565.2941736,3856.7457292,18588.334,9159.072,9429.262
2013-03-01,11448.2555664,11435.2696149,11437.3370622,6196.9758054,6187.8922191,6189.833648,5251.279761,5247.3773959,5247.5034142,8011.5132589,7993.591757,7964.8936275,5171.5566902,5163.5136183,5155.2797839,2839.9565687,2830.0781387,2809.6138436,3436.7423075,3441.6778579,3472.4434347,1025.4191152,1024.3786007,1034.5538641,2411.3231923,2417.2992572,2437.8895706,61.4962482,61.4168334,61.4279373,67.5602344,67.4528919,67.474055,55.6083721,55.5544752,55.5558093,673.2847225,683.5128502,726.087422,366.3585824,375.1157575,391.0378276,306.9261401,308.3970927,335.0495943,489.1279014,497.1892463,515.8585913,294.8428379,305.0779087,312.4434899,194.2850635,192.1113376,203.4151014,184.1568211,186.3236039,210.2288307,71.5157445,70.0378488,78.5943377,112.6410766,116.2857551,131.634493,5.5544486,5.6401116,5.9694326,5.5818973,5.7156072,5.9420371,5.5220362,5.5509289,6.0017271,5.7540119,5.8556362,6.0826985,5.3937301,5.5787291,5.7143252,6.4030848,6.356694,6.7511831,5.0859418,5.1357092,5.7085946,6.5195981,6.399561,7.0605457,4.4628634,4.5897712,5.1229134,12121.5402889,12118.7824651,12163.4244842,6563.3343879,6563.0079765,6580.8714756,5558.205901,5555.7744886,5582.5530086,65.1129114,65.0878614,65.3276259,71.5543232,71.5419487,71.7366749,58.8585632,58.819504,59.1030107,6455.6885158,2592.7785244,3862.9099914,18619.113,9173.65,9445.463
2013-04-01,11455.8029425,11467.294774,11481.0679374,6200.9903396,6201.6173513,6211.389242,5254.8126029,5265.6774228,5269.6786954,8007.2892483,8023.4147484,7992.2768662,5168.770607,5178.2972462,5167.225123,2838.5186412,2845.1175022,2825.0517431,3448.5136942,3443.8800256,3488.7910713,1032.2197325,1023.320105,1044.164119,2416.2939616,2420.5599206,2444.6269523,61.4473843,61.5086651,61.582542,67.5073895,67.5145004,67.620883,55.5634402,55.6756588,55.7179655,680.3925965,678.8422012,682.9062991,370.3665067,365.9450383,361.9757628,310.0260899,312.8971629,320.93053629999997,498.1000033,497.3213317,496.5258334,300.0087775,300.0410119,297.0647656,198.0912258,197.2803198,199.4610678,182.2925933,181.5208695,186.3804656,70.3577292,65.9040263,64.9109972,111.9348641,115.6168431,121.4694684,5.6063088,5.5889556,5.6141709,5.6360736,5.572007,5.5067041,5.5711604,5.6089088,5.7405289,5.856287,5.8366006,5.8491857,5.4858453,5.4768617,5.4364752,6.5234335,6.4843696,6.5948164,5.0207193,5.0069185,5.0713406,6.3812051,6.0505478,5.8527142,4.4274024,4.558706,4.7336284,12136.195539,12146.1369752,12163.9742365,6571.3568462,6567.5623895,6573.3650048,5564.8386928,5578.5745857,5590.6092317,65.0969185,65.1498619,65.245538,71.5394029,71.4983961,71.5615668,58.8416001,58.9840186,59.1112647,6479.4067635,2612.2429952,3867.1637683,18643.381,9185.608,9457.773
2013-05-01,11461.0339679,11458.0010139,11491.6647664,6204.562103,6212.6997433,6230.1353237,5256.4718649,5245.3012705,5261.5294427,8004.4732997,8004.3595546,8003.3615197,5165.9433798,5167.7679859,5162.5931694,2838.5299198,2836.5915687,2840.7683503,3456.5606682,3453.6414593,3488.3032467,1038.6187232,1044.9317574,1067.5421543,2417.941945,2408.7097019,2420.7610924,61.3904355,61.3789116,61.5592437,67.4546731,67.5473332,67.7369008,55.5021037,55.3880183,55.5593804,685.7147955,680.9230571,676.9061813,373.1858807,369.0163892,363.5092262,312.5289148,311.9066679,313.3969552,505.3735229,506.4374643,503.738701,303.7081792,302.7890757,299.3433575,201.6653437,203.6483886,204.3953435,180.3412726,174.4855928,173.1674803,69.4777016,66.2273135,64.1658687,110.8635711,108.2582793,109.0016116,5.6452538,5.6094185,5.5627418,5.6734597,5.6066895,5.5130243,5.6119388,5.6126507,5.6215443,5.9386912,5.9505292,5.9213914,5.5526056,5.5348856,5.4805353,6.6333023,6.6984314,6.7121299,4.9586509,4.809247,4.7294514,6.270005,5.9602009,5.6698254,4.3840292,4.3011385,4.3087682,12146.7487634,12138.924071,12168.5709477,6577.7479837,6581.7161325,6593.6445499,5569.0007797,5557.2079385,5574.9263978,65.0634313,65.0265214,65.1853356,71.5118702,71.5594493,71.6891406,58.8020381,58.6816121,58.8687111,6499.0800523,2603.9054501,3895.1746022,18667.651,9197.55,9470.101
2013-06-01,11464.4692444,11469.8168728,11492.4854477,6206.5969567,6215.3954684,6224.2059368,5257.8722877,5254.4214044,5268.2795108,8002.0115249,7992.73205,7965.5831424,5161.6088324,5163.0027489,5143.7938664,2840.4026925,2829.7293012,2821.789276,3462.4577195,3477.0848228,3526.9023052,1044.9881243,1052.3927196,1080.4120704,2417.4695952,2424.6921033,2446.4902348,61.3275946,61.3624362,61.4837109,67.3908429,67.4888981,67.5845652,55.4399631,55.4122934,55.5584388,689.4110041,692.6363564,673.4005686,375.3607477,378.3701782,367.6331,314.0502564,314.2661782,305.7674686,509.8766824,514.1395989,506.0507994,306.0253423,305.9039739,302.644516,203.85134,208.235625,203.4062833,179.5343217,178.4967575,167.3497692,69.3354054,72.4662043,64.988584,110.1989163,106.0305532,102.3611853,5.6723531,5.6948738,5.5351543,5.7028739,5.7383019,5.5770946,5.6362997,5.6434514,5.485556,5.9901713,6.0438152,5.9734734,5.597034,5.5935124,5.5567418,6.6962657,6.8544447,6.72374,4.9295638,4.8828553,4.5300041,6.222197,6.4422482,5.6738735,4.359706,4.1897342,4.015973,12153.8802484,12162.4532292,12165.8860162,6581.9577044,6593.7656466,6591.8390368,5571.922544,5568.6875826,5574.0469794,65.0155036,65.0679753,65.0863403,71.4664865,71.5973714,71.5764516,58.7513662,58.7264946,58.7830139,6526.0329838,2617.6689632,3908.3640206,18691.919,9209.508,9482.411
2013-07-01,11466.4715336,11457.2576472,11479.9723996,6206.3006188,6197.7282149,6220.262618,5260.1709148,5259.5294323,5259.7097816,7998.8012911,7991.8701007,8014.7143861,5154.9695945,5152.2769631,5165.6703081,2843.8316966,2839.5931377,2849.044078,3467.6702425,3465.3875465,3465.2580135,1051.3310243,1045.4512518,1054.5923099,2416.3392182,2419.9362947,2410.6657036,61.2601827,61.212285,61.3336424,67.3078652,67.2146548,67.4590414,55.3880492,55.3841464,55.3860455,692.7525966,684.2840248,647.1758146,377.9834979,373.5379961,356.5245025,314.7690987,310.7460287,290.6513121,512.3509615,507.4637033,483.9034139,308.081771,303.329629,293.5742298,204.2691905,204.1340742,190.3291841,180.4016351,176.8203215,163.2724007,69.9017269,70.2083671,62.9502728,110.4999082,106.6119544,100.3221279,5.6973421,5.6358908,5.336587,5.7406924,5.6844143,5.4209524,5.6461432,5.5786474,5.2366199,6.0197603,5.9706292,5.6939072,5.6393717,5.5599616,5.3775615,6.7015233,6.7067138,6.2621194,4.9451228,4.8547565,4.499684,6.2343636,6.2929917,5.6329194,4.3730488,4.2196683,3.9953251,12159.2241302,12141.541672,12127.1482142,6584.2841167,6571.266211,6576.7871205,5574.9400135,5570.275461,5550.3610936,64.9612472,64.8681851,64.7912857,71.4071289,71.265692,71.3255665,58.702475,58.656379,58.4466758,6590.1037858,2644.0118795,3946.0919064,18717.252,9220.799,9496.453
2013-08-01,11465.8573811,11459.5764979,11361.4097873,6202.601752,6196.6672584,6144.8618919,5263.255629,5262.9092395,5216.5478953,7992.2906798,7997.2038923,7915.5026767,5145.8262994,5140.3910083,5098.4371991,2846.4643804,2856.8128841,2817.0654776,3473.5667012,3462.3726056,3445.9071106,1056.7754526,1056.2762501,1046.4246929,2416.7912486,2406.0963554,2399.4824177,61.1815492,61.1419274,60.6181645,67.194142,67.1208708,66.559727,55.3446813,55.3379923,54.8505159,696.4350326,711.2591186,680.9789535,381.5533332,389.2805972,373.5024105,314.8816994,321.9785213,307.476543,514.3054931,515.6071279,488.8662425,310.8046088,309.7799634,299.1898707,203.5008843,205.8271645,189.6763718,182.1295395,195.6519906,192.112711,70.7487244,79.5006338,74.3125398,111.3808151,116.1513568,117.8001712,5.7261823,5.8439629,5.6548495,5.7950235,5.9107756,5.7300021,5.6449256,5.7651744,5.5661691,6.0459611,6.0568375,5.8168108,5.6959068,5.6838577,5.5429889,6.6722361,6.7205797,6.308369,4.9820753,5.3485696,5.2806945,6.2746969,6.99967,6.6306836,4.4055868,4.6050733,4.6796562,12162.2924137,12170.8356165,12042.3887408,6584.1550852,6585.9478556,6518.3643025,5578.1373285,5584.8877608,5524.0244383,64.8977103,64.9368106,64.2514895,71.3275927,71.3374685,70.605419,58.655755,58.7235047,58.0835442,6700.1942592,2713.7376975,3986.4565617,18742.583,9232.102,9510.481
2013-09-01,11462.0789025,11474.0140076,11539.2776889,6196.4674246,6202.8216232,6225.2800221,5265.6114779,5271.1923844,5313.9976668,7980.8324588,8002.7630055,8115.5762314,5135.1362435,5149.2123189,5193.950089,2845.6962153,2853.5506866,2921.6261424,3481.2464437,3471.2510021,3423.7014575,1061.3311811,1053.6093043,1031.3299331,2419.9152626,2417.6416978,2392.3715244,61.0883571,61.1363244,61.4840651,67.0587704,67.1054335,67.3484004,55.2941322,55.3433972,55.7928192,701.097696,694.4156896,693.3544513,385.7195955,376.6153769,377.1016271,315.3781005,317.8003126,316.2528243,517.3150944,511.0612745,498.9126998,314.4085568,308.1873543,302.3384631,202.9065376,202.8739202,196.5742367,183.7826016,183.354415,194.4417516,71.3110387,68.4280226,74.763164,112.4715629,114.9263924,119.6785876,5.7641003,5.7066993,5.6680724,5.8600522,5.7241277,5.7116,5.6509351,5.6861823,5.6170294,6.0873866,6.0027228,5.7915531,5.7694462,5.6471465,5.5007749,6.6557224,6.6376223,6.3040925,5.0144924,5.0170783,5.3740756,6.2959898,6.0985514,6.7592108,4.4413263,4.5379389,4.7641799,12163.1765986,12168.4296972,12232.6321402,6582.1870201,6579.4370001,6602.3816492,5580.9895784,5588.9926971,5630.2504911,64.8249311,64.8363393,65.1784255,71.2330652,71.1798595,71.428087,58.6059144,58.6800519,59.1132265,6535.2838597,2641.0153508,3894.2685089,18767.916,9243.397,9524.519
2013-10-01,11456.96919,11470.5258643,11482.559747,6189.8441484,6195.260582,6198.2416315,5267.1250416,5275.2652822,5284.3181155,7966.9107929,7965.1200296,7933.5715473,5124.7978171,5117.9668506,5105.8206456,2842.1129758,2847.153179,2827.7509018,3490.058397,3505.4058347,3548.9881997,1065.0463313,1077.2937314,1092.420986,2425.0120658,2428.1121033,2456.5672137,60.9883634,61.055814,61.1198685,66.9190475,66.972141,67.0043668,55.2345457,55.3168836,55.4118123,706.1498472,709.2046386,680.4325743,389.3517265,391.6219784,380.9961015,316.7981206,317.5826603,299.4364728,521.2287554,527.7212646,506.9004381,317.7774819,322.6662341,315.0773526,203.4512735,205.0550305,191.8230855,184.9210918,181.4833741,173.5321362,71.5742446,68.9557442,65.9187489,113.3468471,112.5276298,107.6133873,5.8056642,5.822827,5.594286,5.9179227,5.9454829,5.7908852,5.6733968,5.6783711,5.3626367,6.1406714,6.2137187,6.0055935,5.8387338,5.9306744,5.8122723,6.6802489,6.7182517,6.3526539,5.0318945,4.9223984,4.661684,6.2971097,6.0157711,5.6907958,4.4653594,4.4291061,4.1967944,12163.1190371,12179.7305029,12162.9923213,6579.1958749,6586.8825604,6579.237733,5583.9231622,5592.8479425,5583.7545883,64.7473788,64.8307993,64.7417046,71.1283694,71.2056614,71.1230192,58.5566997,58.6470825,58.5517288,6623.9586786,2671.266267,3952.6924116,18786.951,9250.504,9536.447
2013-11-01,11454.1713866,11449.4714619,11445.9000442,6185.3275068,6187.9832263,6178.2844765,5268.8438798,5261.4882355,5267.6155677,7954.3644238,7954.7624753,7983.3970255,5117.0292627,5121.3240294,5134.5684253,2837.3351611,2833.4384459,2848.8286002,3499.8069628,3494.7089866,3462.5030187,1068.2982441,1066.6591969,1043.7160512,2431.5087187,2428.0497896,2418.7869675,60.8981318,60.8820524,60.8630615,66.7982071,66.8423342,66.7375687,55.1757118,55.1033092,55.1674805,710.0212818,704.4814497,657.5810212,391.1256994,389.0209081,365.84798,318.8955824,315.4605416,291.7330412,524.3350237,515.8039677,487.1249728,319.1579074,314.5361716,298.4195222,205.1771163,201.2677961,188.7054506,185.6862581,188.677482,170.4560484,71.967792,74.4847365,67.4284578,113.7184661,114.1927455,103.0275906,5.8369783,5.7963154,5.4329909,5.9473654,5.9148649,5.5904733,5.7070589,5.6565078,5.2476119,6.1841445,6.0893681,5.7508259,5.8709882,5.7863183,5.492733,6.7436742,6.6322003,6.2124555,5.0383014,5.1223917,4.6919342,6.3114913,6.5271991,6.0683788,4.4679102,4.4918116,4.0854547,12164.1926684,12153.9529116,12103.4810653,6576.4532062,6577.0041344,6544.1324564,5587.7394622,5576.9487772,5559.3486089,64.6730857,64.628101,64.3597192,71.0221541,71.0445216,70.6894431,58.5152093,58.4071121,58.2227864,6702.5069347,2713.4485436,3989.0583911,18805.988,9257.581,9548.407
2013-12-01,11456.2878884,11420.5889786,11537.5922029,6184.7515336,6173.2965408,6234.2992635,5271.5363548,5247.2924378,5303.2929394,7947.5926894,7910.7523147,8032.8399466,5114.1466446,5103.7456764,5174.6727811,2833.4460448,2807.0066383,2858.1671655,3508.695199,3509.8366638,3504.7522563,1070.604889,1069.5508644,1059.6264824,2438.0903099,2440.2857994,2445.1257739,60.8289477,60.6670652,61.2885955,66.7121676,66.6325429,67.2909863,55.1245205,54.8860672,55.4718259,711.8475944,716.0339059,694.6201289,390.4466566,396.9798604,385.9855489,321.4009378,319.0540456,308.63458,525.324672,527.9380907,510.5096809,317.7908925,322.2934438,307.3529185,207.5337796,205.6446469,203.1567624,186.5229224,188.0958152,184.110448,72.6557642,74.6864165,78.6326304,113.8671582,113.4093987,105.4778176,5.8500959,5.8997788,5.6786141,5.9381732,6.0420572,5.8303466,5.74655,5.7318395,5.4996181,6.2000448,6.2561614,5.9755213,5.8504151,5.9397553,5.6065574,6.8245694,6.8260355,6.6362387,5.0476837,5.086513,4.9909813,6.3551355,6.5271791,6.9081486,4.4619536,4.440992,4.1354061,12168.1354828,12136.6228845,12232.2123318,6575.1981902,6570.2764012,6620.2848124,5592.9372925,5566.3464833,5611.9275194,64.6086136,64.4706935,64.9784722,70.9237423,70.9174136,71.4571881,58.4854141,58.2233353,58.7001076,6592.8106683,2644.4021876,3948.4084807,18825.023,9264.687,9560.336
2014-01-01,11465.0147349,11455.8968404,11323.7672331,6188.5830454,6187.6400708,6140.8390459,5276.4316895,5268.2567696,5182.9281872,7949.8905467,7939.6929048,7928.6773637,5116.8308972,5121.9628203,5111.3076926,2833.0596495,2817.7300845,2817.3696711,3515.1241882,3516.2039356,3395.0898694,1071.7521482,1065.6772505,1029.5313533,2443.37204,2450.5266851,2365.5585161,60.7903838,60.7518085,60.0511115,66.666155,66.6717101,66.1674299,55.094647,55.0145003,54.1234448,711.8858073,724.1420151,772.0829283,387.6786517,387.6792658,416.1000168,324.2071556,336.4627493,355.9829115,524.1446349,543.8141656,591.3359265,314.1933149,317.4764964,343.1191128,209.95132,226.3376692,248.2168136,187.7411724,180.3278495,180.7470018,73.4853368,70.2027694,72.980904,114.2558356,110.1250801,107.7660978,5.8461988,5.9453178,6.3830398,5.895122,5.8959762,6.3459491,5.7887531,6.0032041,6.4269476,6.1853016,6.4102518,6.9405517,5.7851577,5.8365666,6.2906539,6.8994598,7.435369,8.0968785,5.0701593,4.8782984,5.0546769,6.4166025,6.180474,6.6195095,4.467258,4.300666,4.3571352,12176.9005422,12180.0388555,12095.8501615,6576.261697,6575.3193366,6556.9390628,5600.6388451,5604.7195189,5538.9110987,64.5649809,64.5920087,64.1455473,70.842401,70.8489472,70.6509001,58.4799043,58.5280591,57.8408456,6761.0318385,2723.8189372,4037.2129013,18856.882,9280.758,9576.124
2014-02-01,11479.5070959,11478.2391434,11464.5644341,6196.1413507,6194.7003367,6222.0849921,5283.3657452,5283.5388067,5242.479442,7961.5017266,7956.5246592,8060.2854609,5124.4189189,5117.1922219,5178.9264347,2837.0828078,2839.3324372,2881.3590262,3518.0053693,3521.7144842,3404.2789733,1071.7224319,1077.5081148,1043.1585575,2446.2829375,2444.2063695,2361.1204158,60.7810919,60.7676338,60.6952377,66.6566446,66.6325009,66.9270604,55.0867494,55.0832071,54.6551452,711.6361648,716.7893625,837.1655999,384.4341445,381.0304453,427.6408347,327.2020203,335.7589172,409.5247652,522.0184562,523.2992114,580.4423963,309.9605759,305.9456268,334.405774,212.0578803,217.3535846,246.0366223,189.6177086,193.4901511,256.7232036,74.4735686,75.0848185,93.2350607,115.14414,118.4053326,163.4881429,5.837321,5.8777178,6.8052672,5.8419533,5.7944958,6.4309544,5.8318879,5.9751046,7.2456557,6.1533237,6.1711094,6.7175174,5.7036977,5.6414872,6.0654022,6.9546768,7.1107593,7.8671409,5.1142661,5.2080617,7.0123751,6.4974549,6.5144264,8.2044689,4.495312,4.6204945,6.4757819,12191.1432608,12195.0285059,12301.730034,6580.5754952,6575.730782,6649.7258269,5610.5677655,5619.2977239,5652.0042072,64.5490257,64.5624314,65.1273263,70.7922975,70.7310061,71.5269243,58.498305,58.5836409,58.9246203,6587.0079659,2647.0891731,3939.9187928,18888.738,9296.815,9591.923
2014-03-01,11497.5483549,11532.3308893,11535.7075507,6206.1807158,6232.6755842,6236.0275776,5291.3676391,5299.6553051,5299.6799731,7979.0718825,7989.4050922,7962.8636645,5135.1321874,5133.1140839,5126.5216394,2843.9396951,2856.2910082,2836.3420251,3518.4764723,3542.9257972,3572.8438862,1071.0485284,1099.5615002,1109.5059382,2447.4279439,2443.3642969,2463.337948,60.7934429,60.9512031,60.9690496,66.6755963,66.9253722,66.9613653,55.0935462,55.1603731,55.1606299,712.9421878,719.7890628,766.8110356,382.7943999,373.4297347,389.6399259,330.1477879,346.3593281,377.1711097,520.8920271,508.913242,529.3535892,307.0349512,296.0177295,303.0617592,213.8570759,212.8955125,226.29183,192.0501607,210.8758207,237.4574464,75.7594487,77.4120051,86.5781667,116.290712,133.4638156,150.8792797,5.8387678,5.8748124,6.2329598,5.8096198,5.6527972,5.8807649,5.8729322,6.1345808,6.6440198,6.1281675,5.9883994,6.2333967,5.6417773,5.4523953,5.5816761,6.993829,6.9365453,7.388798,5.1758195,5.6176602,6.231986,6.6061146,6.5772088,7.2384681,4.5360169,5.1793837,5.7714898,12210.4905426,12252.1199521,12302.5185862,6588.9751157,6606.1053188,6625.6675035,5621.515427,5646.0146332,5676.8510827,64.5631343,64.7554652,65.0218343,70.7881167,70.9351949,71.1452502,58.5310341,58.765383,59.0863379,6618.0774137,2687.2064965,3930.8709172,18920.596,9312.874,9607.722
2014-04-01,11514.9921985,11538.0266172,11555.0602161,6216.039809,6237.2083329,6249.0415591,5298.9523895,5300.8182844,5306.018657,7997.0429839,8007.3701457,7977.9154577,5146.1403585,5164.9740278,5153.5419565,2850.9026254,2842.3961179,2824.3735012,3517.9492146,3530.6564716,3577.1447584,1069.8994505,1072.2343051,1095.4996026,2448.0497641,2458.4221665,2481.6451558,60.8083223,60.9218483,61.0117873,66.6986112,66.913151,67.0400986,55.1011025,55.1151639,55.1692347,717.1260824,710.9887384,714.2270759,383.8825429,383.8533854,378.8294827,333.2435395,327.1353531,335.3975932,522.4909226,516.693156,515.339399,306.7155566,307.137978,303.0132666,215.775366,209.5551781,212.3261324,194.6351598,194.2955824,198.8876769,77.1669864,76.7154074,75.8162161,117.4681734,117.580175,123.0714608,5.8626484,5.8044563,5.8212597,5.8164706,5.7974597,5.7157039,5.9167604,5.8126874,5.9452729,6.1328581,6.0615828,6.0676314,5.6248608,5.6127868,5.5531971,7.0361273,6.8662687,6.9920031,5.2425788,5.2160559,5.2671072,6.7273336,6.6770031,6.472739,4.5787313,4.5644436,4.7249463,12232.1182809,12249.0153557,12269.287292,6599.9223519,6621.0617182,6627.8710418,5632.195929,5627.9536374,5641.4162502,64.5953187,64.6759346,64.7829723,70.817702,71.0311535,71.1042044,58.5663321,58.5165479,58.6565252,6669.774708,2693.4779582,3976.2967498,18939.062,9321.349,9617.713
2014-05-01,11528.0381466,11513.2352425,11553.3487631,6222.8963169,6211.9265909,6232.9035591,5305.1418297,5301.3086516,5320.4452039,8010.2638265,8021.9112274,8022.7857495,5154.0024211,5158.8498867,5155.372784,2856.2614053,2863.0613407,2867.4129655,3517.7743201,3491.3240151,3530.5630136,1068.8938958,1053.0767043,1077.5307752,2448.8804244,2438.2473109,2453.0322384,60.8058665,60.731736,60.9433328,66.6965118,66.5812268,66.806064,55.0987004,55.0631996,55.2619655,725.4003076,725.7073083,717.9358301,387.984824,382.7606653,373.8671365,337.4154836,342.946643,344.0686936,527.1828695,537.219217,531.3398454,309.0158273,314.1620712,307.7068965,218.1670422,223.0571458,223.6329489,198.217438,188.4880913,186.5959847,78.9689967,68.5985941,66.16024,119.2484413,119.8894972,120.4357447,5.9199735,5.9294935,5.8505352,5.8688822,5.8040761,5.6588484,5.9798326,6.07603,6.074108,6.1749477,6.276563,6.2115039,5.6565037,5.7402044,5.6324805,7.0961821,7.227757,7.2348634,5.3341732,5.1222205,5.0198548,6.8796541,6.1157266,5.7848002,4.6433979,4.6865944,4.6799006,12253.4384542,12238.9425508,12271.2845932,6610.8811409,6594.6872562,6606.7706956,5642.5573133,5644.2552946,5664.5138976,64.6320677,64.5598055,64.7304081,70.8549025,70.6837664,70.8132802,58.6030656,58.6252897,58.8357101,6686.2424068,2723.0763044,3963.1661024,18957.527,9329.847,9627.68
2014-06-01,11535.818828,11528.1427058,11553.2234435,6225.9853752,6216.7234198,6227.3656478,5309.8334528,5311.419286,5325.8577957,8016.8460646,7999.2926047,7976.6124328,5157.5614765,5138.2818115,5121.3520082,2859.2845881,2861.0107932,2855.2604246,3518.9727634,3528.8501011,3576.6110107,1068.4238988,1078.4416083,1106.0136396,2450.5488647,2450.4084928,2470.5973711,60.7792657,60.751196,60.8833669,66.6591529,66.572161,66.6861239,55.0828405,55.1110308,55.2608441,737.0295339,742.1341658,721.8138837,394.1429467,400.9653892,389.6550418,342.8865872,341.1687766,332.1588419,533.6957203,541.0478381,533.1631734,313.0265071,319.3251522,316.2369358,220.6692133,221.7226859,216.9262375,203.3338136,201.0863278,188.6507103,81.1164396,81.640237,73.4181059,122.2173739,119.4460908,115.2326044,6.0053666,6.0482267,5.8803396,5.9537055,6.0589943,5.888678,6.0658689,6.0356207,5.8705879,6.2416597,6.3352022,6.2653024,5.7219902,5.8510104,5.8157566,7.1646923,7.1924053,7.0609719,5.4625757,5.3911462,5.0102947,7.0564239,7.0374549,6.2248711,4.7504267,4.6479708,4.4563102,12272.8483619,12270.2768716,12275.0373272,6620.1283219,6617.688809,6617.0206896,5652.72004,5652.5880626,5658.0166377,64.662485,64.6621069,64.6871936,70.8790849,70.8659232,70.8587686,58.6398574,58.6509816,58.7073083,6700.9556728,2721.3023104,3979.6533624,18975.993,9338.323,9637.67
2014-07-01,11540.7536195,11545.2143292,11542.1595137,6226.9388933,6227.9610299,6224.3679264,5313.8147263,5317.2532993,5317.7915873,8017.8455809,8030.6032403,8043.6470469,5157.9549178,5170.0656768,5172.644672,2859.8906631,2860.5375635,2871.0023749,3522.9080386,3514.6110889,3498.5124668,1068.9839755,1057.895353,1051.7232544,2453.9240632,2456.7157358,2446.7892123,60.7385064,60.7661377,60.7500592,66.6010147,66.6164833,66.5780501,55.0593266,55.0985468,55.1041246,749.7794037,759.521034,741.7106201,400.70367,408.992128,405.5228909,349.0757337,350.5289061,336.1877292,540.3623509,547.2991022,540.5975949,317.4768067,321.7482661,322.2366065,222.8855443,225.5508361,218.3609884,209.4170527,212.2219318,201.1130252,83.2268633,87.2438618,83.2862844,126.1901894,124.97807,117.8267408,6.1004629,6.1725914,6.0380858,6.0459457,6.1623477,6.1165848,6.1642678,6.1845867,5.9460375,6.3139661,6.3803373,6.2975558,5.7982059,5.8586884,5.8643052,7.2300267,7.3086317,7.0681549,5.6109006,5.6944309,5.4360374,7.2232321,7.6186249,7.337937,4.890876,4.8409331,4.594323,12290.5330232,12304.7353632,12283.8701338,6627.6425632,6636.9531578,6629.8908173,5662.89046,5667.7822054,5653.9793165,64.6845642,64.7637387,64.6539183,70.8867916,70.9912083,70.915667,58.6762902,58.7308043,58.5877757,6715.5508662,2719.0881827,3996.4626835,18999.421,9348.979,9650.442
2014-08-01,11545.2851472,11548.6875572,11572.7635314,6227.8140333,6232.7180499,6225.3297553,5317.4711139,5315.9695073,5347.4337761,8016.0774583,8015.5479685,7964.2358467,5157.5234497,5159.0487108,5120.6472318,2858.5540086,2856.4992577,2843.5886148,3529.2076889,3533.1395887,3608.5276848,1070.2905836,1073.669339,1104.6825235,2458.9171053,2459.4702496,2503.8451613,60.694564,60.7095676,60.8361311,66.5418952,66.5916783,66.5127402,55.0307583,55.0122832,55.337891,761.2474233,750.2604927,733.8306401,406.5478719,402.9872572,396.8414213,354.6995514,347.2732355,336.9892188,545.2135383,540.8940571,517.193509,321.268797,320.59789490000003,312.6961435,223.9447412,220.2961622,204.4973655,216.033885,209.3664356,216.6371311,85.2790749,82.3893623,84.1452778,130.7548102,126.9770733,132.4918533,6.1857182,6.1002005,5.962906,6.1279122,6.0730132,5.992618,6.25333,6.1320563,5.9282924,6.3683566,6.3214833,6.0979522,5.8638616,5.8507038,5.7551331,7.2650392,7.1599223,6.7090419,5.768223,5.5942845,5.6634718,7.3798299,7.1267456,7.0780039,5.0490879,4.9093238,5.0256038,12306.5325705,12298.9480498,12306.5941715,6634.3619052,6635.705307,6622.1711766,5672.1706653,5663.2427428,5684.422995,64.6965076,64.6535647,64.6937591,70.8857092,70.8972794,70.7526779,58.7015606,58.6060385,58.8252223,6716.2518285,2737.4338234,3978.818005,19022.846,9359.605,9663.241
2014-09-01,11552.4211669,11546.8546576,11533.7784499,6230.9567477,6225.2968539,6214.9791986,5321.4644193,5321.5578037,5318.7992513,8014.5134897,8011.5996521,7978.3722381,5158.3768832,5153.0113765,5130.9684142,2856.1366065,2858.5882756,2847.4038239,3537.9076773,3535.2550055,3555.4062118,1072.5798645,1072.2854774,1084.0107844,2465.3278128,2462.9695281,2471.3954274,60.6626477,60.625268,60.5566131,66.5058019,66.4367569,66.3266462,55.0039625,54.9974174,54.9689082,770.2026373,768.0357222,746.4175677,411.6213653,402.6087101,400.1178857,358.581272,365.4270121,346.299682,547.7712514,544.6539729,525.0532297,324.3552152,318.2544989,311.4906945,223.4160362,226.3994739,213.5625351,222.4313859,223.3817493,221.3643381,87.2661501,84.3542111,88.6271912,135.1652358,139.0275382,132.7371469,6.2503136,6.2366428,6.0782219,6.196711,6.0744485,6.0485565,6.3129998,6.4256724,6.112862,6.3974893,6.365566,6.1746085,5.9159413,5.8168348,5.7233447,7.2548211,7.3387479,6.9769645,5.9151949,5.9431588,5.861207,7.5239427,7.2930414,7.5579329,5.1976773,5.343109,5.0971732,12322.6238043,12314.8903798,12280.1960177,6642.578113,6627.905564,6615.0970843,5680.0456913,5686.9848159,5665.0989333,64.7070407,64.6577403,64.475582,70.8992217,70.7334222,70.5967293,58.7103465,58.7740449,58.547858,6766.0779823,2755.1629157,4010.9150667,19046.274,9370.26,9676.014
2014-10-01,11563.8798245,11542.3014371,11550.1473412,6237.5140427,6229.6629127,6229.6906955,5326.3657818,5312.6385244,5320.4566457,8015.5294093,8013.7036896,7981.6868759,5162.190072,5147.480714,5134.1965466,2853.3393372,2866.2229756,2847.4903293,3548.3504152,3528.5977475,3568.4604653,1075.3239706,1082.1821987,1095.4941489,2473.0264446,2446.4155488,2472.9663164,60.6510711,60.534386,60.5755344,66.5035505,66.4159949,66.4162911,54.9845251,54.8396641,54.9203666,775.6273966,783.5519939,751.9593601,415.7551963,414.9293089,403.1502159,359.8722003,368.622685,348.8091442,548.3554873,540.5304186,518.8850343,327.060593,320.7716798,313.3166382,221.2948943,219.7587388,205.5683961,227.2719093,243.0215753,233.0743258,88.6946033,94.1576291,89.8335777,138.577306,148.8639462,143.2407481,6.2857242,6.3569796,6.1124438,6.2488858,6.2446166,6.0780926,6.3288276,6.4883953,6.1526335,6.403116,6.318864,6.1041191,5.9582011,5.866073,5.7515536,7.1974381,7.1211938,6.733195,6.0194556,6.443428,6.1310586,7.6196897,8.0042881,7.5787966,5.3062148,5.7359505,5.4751304,12339.507221,12325.8534311,12302.1067012,6653.269239,6644.5922216,6632.8409114,5686.237982,5681.2612094,5669.2657898,64.7191376,64.6437778,64.5192365,70.9362775,70.83966,70.7143764,58.6995163,58.6447685,58.5209459,6765.2402988,2746.9220886,4018.3182102,19067.347,9379.763,9687.584
2014-11-01,11579.6112625,11542.4648002,11581.725704,6247.2238974,6250.7296778,6259.7534854,5332.3873651,5291.7351225,5321.9722186,8020.1913845,7984.6668219,8012.7697433,5168.4097671,5173.1223708,5187.0976224,2851.7816174,2811.5444511,2825.6721209,3559.4198779,3557.7979783,3568.9559607,1078.8141303,1077.607307,1072.655863,2480.6057477,2480.1906713,2496.3000977,60.6585522,60.4684043,60.6740835,66.5307021,66.5731522,66.6692599,54.9739823,54.5587063,54.870456,777.6446099,775.6493627,723.7626939,418.8169724,422.5294932,398.2224134,358.8276375,353.1198695,325.5402805,547.6878801,548.6045608,518.4149137,329.3648594,334.7813307,318.5196097,218.3230207,213.8232302,199.895304,229.9567298,227.0448019,205.3477802,89.452113,87.7481626,79.7028037,140.5046167,139.2966394,125.6449765,6.2930202,6.2968191,5.8816251,6.2828444,6.3316812,5.9811333,6.3049391,6.2556057,5.7643127,6.3923389,6.4290064,6.0767049,5.990876,6.0781987,5.785357,7.1112567,7.0676775,6.6068699,6.068458,5.9987908,5.4406798,7.656826,7.5297336,6.9164928,5.3604998,5.3177062,4.7920522,12357.2558724,12318.114163,12305.4883979,6666.0408698,6673.259171,6657.9758988,5691.2150025,5644.854992,5647.5124992,64.7321601,64.5318587,64.4657152,70.9909532,71.073286,70.9105122,58.673298,58.1994333,58.2268327,6782.9346021,2731.2891012,4051.6455008,19088.423,9389.265,9699.158
2014-12-01,11599.6892791,11600.6741287,11715.6939143,6259.3168076,6262.0381963,6320.694957,5340.3724715,5338.6359324,5394.9989574,8029.1775081,8031.9711303,8154.0601866,5175.7478838,5187.4201513,5258.1222336,2853.4296243,2844.550979,2895.937953,3570.511771,3568.7029984,3561.6337277,1083.5689238,1074.618045,1062.5727234,2486.9428472,2494.0849534,2499.0610044,60.6845332,60.7063322,61.3082308,66.5780012,66.6261883,67.2502784,54.9801956,54.9766581,55.5570781,776.5988858,754.2310733,731.9524648,420.3249045,399.3546811,390.4207316,356.2739813,354.8763921,341.5317332,545.808768,544.9318229,528.9444552,330.4894973,325.4256654,312.3258941,215.3192706,219.5061575,216.618561,230.7901178,209.2992504,203.0080096,89.8354071,73.9290157,78.0948375,140.9547107,135.3702346,124.9131721,6.2748934,6.1047095,5.8802479,6.2926265,5.9950627,5.8175235,6.2541003,6.2329959,5.9536286,6.365127,6.3534801,6.0917214,6.0020932,5.9030431,5.6068361,7.0165164,7.1639055,6.9595061,6.0713441,5.5399451,5.3924921,7.6559635,6.4367424,6.8464152,5.3637826,5.1482237,4.7604574,12376.2881649,12354.905202,12447.6463791,6679.6417121,6661.3928774,6711.1156886,5696.6464528,5693.5123245,5736.5306905,64.7473611,64.6532237,65.1385383,71.0488393,70.875201,71.4042366,58.648107,58.6311343,59.0741325,6661.8496209,2687.6483114,3974.2013095,19109.496,9398.764,9710.732
2015-01-01,11623.4449993,11609.1006624,11467.3810824,6272.600397,6262.5736858,6208.5496834,5350.8446023,5346.5269766,5258.8313989,8041.711135,8030.5940907,8006.5486934,5182.8599041,5173.5116668,5156.2592249,2858.851231,2857.082424,2850.2894685,3581.7338643,3578.5065717,3460.8323889,1089.740493,1089.062019,1052.2904585,2491.9933713,2489.4445526,2408.5419304,60.7263842,60.656654,59.9161801,66.6337815,66.5332054,65.9592577,55.0093788,54.9695952,54.067965,773.1658718,787.2052868,837.6400707,419.7237364,429.5600604,460.0107693,353.4421354,357.6452264,377.6293014,542.849102,544.9754054,593.6821089,329.6656406,330.6956786,357.3179432,213.1834613,214.2797268,236.3641657,230.3167699,242.2298813,243.9579618,90.0580958,98.8643817,102.6928261,140.2586741,143.3654996,141.2651357,6.2369133,6.3503215,6.807303,6.2717186,6.4188804,6.898202,6.1960794,6.2698883,6.6997593,6.3235517,6.3549763,6.9030951,5.9803014,6.0080527,6.4806918,6.9394874,6.9767001,7.6576187,6.0418077,6.3398741,6.584933,7.6333449,8.3224332,8.8912825,5.3284667,5.4453415,5.5402284,12396.6108712,12396.3059491,12305.0211531,6692.3241335,6692.1337462,6668.5604528,5704.2867377,5704.172203,5636.4607003,64.765769,64.7697408,64.2927848,71.0925033,71.0968256,70.8463843,58.6429421,58.6466763,57.9505096,6834.0178469,2744.1435472,4089.8742997,19139.039,9412.704,9726.335
2015-02-01,11649.0210626,11675.4338795,11724.132317,6285.5622759,6299.9082943,6334.1063614,5363.4587868,5375.5255853,5390.0259556,8057.1317862,8069.5939004,8152.7751021,5188.6761702,5194.4694922,5249.8060859,2868.455616,2875.1244081,2902.9690163,3591.8892765,3605.8399792,3571.3572148,1096.8861057,1105.438802,1084.3002755,2495.0031708,2500.4011771,2487.0569393,60.7770052,60.9092332,61.1632867,66.6850407,66.8309986,67.1937803,55.0602208,55.1791426,55.3279872,768.6060373,765.2039943,837.4873114,416.8338469,413.24835,444.6321392,351.7721903,351.9556443,392.8551723,539.3260556,538.0192712,581.9114416,326.687706,325.3402154,346.4849753,212.6383496,212.6790557,235.4264663,229.2799816,227.1847231,255.5758699,90.1461409,87.9081345,98.1471639,139.1338407,139.2765886,157.428706,6.189637,6.1508421,6.6670329,6.2191765,6.1557978,6.5592166,6.1549952,6.1450336,6.793416,6.2738173,6.2505048,6.6620758,5.9232303,5.8940477,6.1913323,6.9013913,6.8877135,7.5014914,6.0002572,5.9270352,6.678347,7.5942453,7.3665195,8.3003405,5.2819515,5.2762724,5.9530936,12417.6270999,12440.6378738,12561.6196284,6702.3961228,6713.1566442,6778.7385005,5715.2309771,5727.4812296,5782.8811279,64.7870909,64.9012038,65.53235,71.1073312,71.2148402,71.9105489,58.6714454,58.7919262,59.3605997,6606.9583716,2647.8874995,3959.0708721,19168.578,9426.626,9741.952
2015-03-01,11673.9491656,11693.7033062,11698.2006911,6296.6062018,6320.5698977,6324.7907159,5377.3429638,5373.1334086,5373.4099751,8072.9929825,8101.5511329,8076.9760906,5192.2820034,5226.2127187,5221.073366,2880.7109791,2875.3384142,2855.9027246,3600.9561831,3592.1521734,3621.2246004,1104.3241984,1094.357179,1103.7173499,2496.6319847,2497.7949944,2517.5072505,60.8268897,60.9106657,60.9340919,66.7188455,66.9512392,66.9959486,55.1265778,55.0663404,55.0691748,764.3330112,760.0589377,808.7887232,412.4232392,409.2184467,426.9881818,351.909772,350.840491,381.8005414,536.1295343,534.8972634,556.9065222,322.5096388,323.5265145,331.6284753,213.6198955,211.3707489,225.2780469,228.2034769,225.1616743,251.882201,89.9136003,85.6919321,95.3597064,138.2898765,139.4697422,156.5224946,6.1450046,6.1030468,6.4666939,6.1472862,6.0807031,6.3240842,6.1423328,6.1293168,6.6339978,6.2274585,6.1934865,6.4502443,5.8480838,5.8295805,5.9723804,6.9035893,6.8477702,7.3114193,5.9596229,5.8984323,6.5033632,7.5289528,7.2617259,7.9527588,5.2483483,5.288424,5.8534313,12438.2821768,12453.7622439,12506.9894142,6709.029441,6729.7883443,6751.7788977,5729.2527358,5723.9738996,5755.2105166,64.8094323,64.8696935,65.1469454,71.0888826,71.2859246,71.5188616,58.7342296,58.661915,58.9820422,6691.1315858,2688.7781023,4002.3534834,19198.121,9440.557,9757.564
2015-04-01,11696.0762908,11692.4714836,11711.5074593,6304.264964,6305.8367399,6320.0265589,5391.8113269,5386.6347437,5391.4809004,8087.2462698,8085.3685733,8057.6500372,5193.8199861,5187.5843903,5175.8819863,2893.4262836,2897.784183,2881.7680509,3608.8300211,3607.1029103,3653.8574221,1110.4449779,1118.2523496,1144.1445726,2498.3850432,2488.8505607,2509.7128495,60.8669612,60.8430011,60.9420568,66.7223116,66.7331978,66.8833653,55.2030347,55.1450396,55.1946515,761.6805946,761.197396,764.6777652,407.9488608,412.1827184,406.3098832,353.7317337,349.0146776,358.367882,534.3072869,532.9699026,531.5868017,318.5335459,318.6306359,313.6341646,215.773741,214.3392667,217.9526371,227.3733077,228.2274933,233.0909635,89.4153149,93.5520825,92.6757186,137.9579928,134.6754109,140.4152449,6.1141071,6.1122341,6.1290992,6.0777096,6.1354797,6.0405822,6.1566284,6.0850072,6.2326488,6.1973435,6.1841375,6.1889876,5.7785399,5.7867452,5.7133298,6.9398475,6.8872354,7.0313638,5.92704,5.9506606,5.9967599,7.4521438,7.7200644,7.4930626,5.2329303,5.1333744,5.2984324,12457.7568854,12453.6688796,12476.1852245,6712.2138248,6718.0194583,6726.3364422,5745.5430606,5735.6494213,5749.8487823,64.8307848,64.8039715,64.9211377,71.039911,71.0952312,71.1832479,58.8246498,58.7180363,58.8634006,6741.2617755,2722.9885578,4018.2732176,19217.447,9449.325,9768.122
2015-05-01,11715.7312471,11733.8616426,11781.4409312,6309.2625797,6318.4316906,6343.2994865,5406.4686674,5415.4299521,5438.1414448,8099.4841819,8107.6126916,8109.0942376,5195.0229665,5200.9216341,5198.5334558,2904.4612154,2906.6910575,2910.5607817,3616.2470652,3626.2489511,3672.3466937,1114.2396132,1117.5100565,1144.7660306,2502.007452,2508.7388946,2527.5806631,60.8989165,60.9970407,61.2443758,66.7033518,66.8046761,67.0676029,55.2852266,55.3798331,55.6120877,760.5097499,739.755947,730.1910352,404.6537646,399.0061109,388.3432526,355.8559853,340.7498361,341.8477826,534.4044065,510.7190111,503.5529851,316.0356418,307.8254694,300.4052274,218.3687647,202.8935416,203.1477577,226.1053434,229.0369359,226.6380501,88.6181228,91.1806415,87.9380252,137.4872206,137.8562944,138.7000249,6.0956642,5.9305646,5.8360975,6.0270898,5.9398557,5.7689225,6.1755629,5.9197219,5.9143325,6.1896143,5.9259614,5.8466691,5.7345723,5.5879398,5.4629674,6.9926562,6.5247796,6.5243023,5.8845551,5.9408548,5.8127452,7.3672987,7.5437531,7.13375,5.2088463,5.2088168,5.2020039,12476.240997,12473.6175896,12511.6319664,6713.9163444,6717.4378015,6731.642739,5762.3246527,5756.1797881,5779.9892274,64.8520816,64.8425712,65.0401843,70.9814686,71.0233612,71.1735498,58.9241229,58.8644445,59.1079271,6725.1400336,2726.425261,3998.7147726,19236.772,9458.068,9778.704
2015-06-01,11735.1541787,11726.6388222,11752.901484,6312.9778239,6304.6907549,6316.6858264,5422.1763547,5421.9480673,5436.2156575,8110.2605238,8106.253997,8085.3210348,5196.9617189,5189.8245042,5174.2891298,2913.2988049,2916.4294928,2911.031905,3624.8936548,3620.3848252,3667.5804491,1116.016105,1114.8662507,1142.3966966,2508.8775498,2505.5185746,2525.1837525,60.9322837,60.8983161,61.0347023,66.6744092,66.5976477,66.7243539,55.3798246,55.3867,55.5324474,760.098844,749.4907662,729.7044028,402.8387441,402.7903791,391.8038964,357.2600999,346.7003872,337.9005064,535.7431712,540.4840064,533.0143897,315.1166986,316.0686949,313.1003315,220.6264726,224.4153115,219.9140582,224.3556728,209.0067598,196.6900131,87.7220455,86.7216842,78.7035649,136.6336272,122.2850757,117.9864482,6.0831009,6.0073981,5.8457698,5.9983584,6.0050915,5.8404188,6.1815733,6.01008,5.8519866,6.1964254,6.2507272,6.1846559,5.7168399,5.7405526,5.7058157,7.0399404,7.1450621,7.0238855,5.8285565,5.4579626,5.089965,7.2874691,7.2172566,6.4452992,5.1647345,4.6535089,4.4638233,12495.2530226,12476.1295885,12482.6058867,6715.816568,6707.481134,6708.4897228,5779.4364546,5768.6484545,5774.1161639,64.8789347,64.7905419,64.8241743,70.9289838,70.8523991,70.863053,59.0287287,58.9283404,58.9841946,6773.4911133,2758.3472772,4015.1438361,19256.097,9466.837,9789.26
2015-07-01,11757.2437001,11760.4283833,11759.9120647,6317.0811508,6326.469815,6323.7301958,5440.1625493,5433.9585683,5436.1818689,8121.8259916,8132.0110769,8147.5065329,5200.2811242,5206.2825843,5209.5151287,2921.5448674,2925.7284927,2937.9914042,3635.4177085,3628.4173064,3612.4055318,1116.8000267,1120.1872307,1114.2150671,2518.6176818,2508.2300757,2498.1904647,60.9799334,60.999395,60.996717,66.6509587,66.7532567,66.7243498,55.4971913,55.4361855,55.4588672,759.2349162,787.4053383,770.9601549,401.8486107,405.4052832,403.9804294,357.3863055,382.0000551,366.9797255,536.6763064,562.1436779,557.5203212,314.9011669,319.3946385,321.7706546,221.7751396,242.7490394,235.7496666,222.5586097,225.2616605,213.4398336,86.9474438,86.0106447,82.2097747,135.6111659,139.2510158,131.2300589,6.0658827,6.2752293,6.152486,5.9808426,6.0221748,6.0047236,6.164438,6.5681357,6.3237895,6.1982579,6.4657657,6.404579,5.7097146,5.7801899,5.8172849,7.0554426,7.661378,7.4281317,5.7687915,5.8453665,5.5788934,7.2230635,7.1307243,6.8712862,5.1092492,5.2597549,4.9908357,12516.4786163,12547.8337216,12530.8722196,6718.9297616,6731.8750982,6727.7106252,5797.5488547,5815.9586235,5803.1615944,64.9177691,65.0835362,64.9955597,70.8908275,71.0308592,70.9869181,59.1430265,59.3332756,59.2027228,6748.7097804,2749.6843748,3999.0254056,19279.582,9477.395,9802.187
2015-08-01,11784.1209817,11764.5147995,11702.6312549,6323.8291028,6312.9034593,6276.4792507,5460.2918789,5451.6113402,5426.1520042,8136.0356512,8116.9817871,8051.7513524,5205.6234454,5201.8176278,5165.0417498,2930.4122058,2915.1641593,2886.7096026,3648.0853305,3647.5330124,3650.8799025,1118.2056574,1111.0858316,1111.4375009,2529.879673,2536.4471808,2539.4424017,61.0512782,60.9463691,60.6257798,66.6551646,66.535976,66.1520765,55.6344488,55.5430715,55.2836822,757.0804728,762.5344752,760.3228751,400.9912031,413.496028,415.5750631,356.0892697,349.0384473,344.747812,535.9979284,543.1801075,540.8790987,314.4282358,331.3951212,334.2018979,221.5696925,211.7849863,206.6772008,221.0825444,219.3543677,219.4437763,86.5629673,82.1009067,81.3731652,134.5195771,137.253461,138.0706111,6.036746,6.0871037,6.1006634,5.9628538,6.1473605,6.2099774,6.1221791,6.0172301,5.9739005,6.180764,6.2721704,6.2946859,5.6961104,5.989199,6.0772339,7.0295357,6.7728951,6.6812595,5.7139559,5.672634,5.6699076,7.1850284,6.8808095,6.8219683,5.048777,5.133464,5.1566738,12541.2014545,12527.0492747,12462.95413,6724.820306,6726.3994873,6692.0543138,5816.3811485,5800.6497875,5770.8998162,64.9735674,64.8966984,64.5646518,70.8817391,70.8940914,70.5321043,59.262612,59.0992067,58.7961028,6840.10687,2795.9006862,4044.2061838,19303.061,9487.955,9815.106
2015-09-01,11815.3967688,11783.6702854,11771.0386774,6334.1593261,6321.2971664,6310.4377915,5481.2374427,5462.373119,5460.6008859,8153.7456163,8143.253151,8107.5664940999995,5213.1977929,5200.4865552,5177.9449051,2940.5478233,2942.7665957,2929.6215891,3661.6511525,3640.4171345,3663.4721833,1120.9615332,1120.8106112,1132.4928864,2540.6896193,2519.6065233,2530.9792969,61.1436184,60.971427,60.9060682,66.6959771,66.5504641,66.4361369,55.7777119,55.5794589,55.5614265,753.0334769,775.4391527,753.5571166,399.1442415,417.3626104,414.5690067,353.8892353,358.0765423,338.9881099,533.3683017,557.0255426,536.3138146,312.6611885,328.6424537,321.9706351,220.7071132,228.3830889,214.3431796,219.6651752,218.4136101,217.243302,86.4830531,88.7201567,92.5983717,133.1821221,129.6934534,124.6449303,5.991468,6.1743164,6.0166183,5.927911,6.1935552,6.1645887,6.0648081,6.1520426,5.8450368,6.1397641,6.4023874,6.2045493,5.6581464,5.9438377,5.8541014,6.9816297,7.2019019,6.8176076,5.6595535,5.6600982,5.5980219,7.1624863,7.3350889,7.5584877,4.9808717,4.8953857,4.6936208,12568.4302457,12559.1094381,12524.595794,6733.3035677,6738.6597769,6725.0067982,5835.126678,5820.4496613,5799.5889958,65.040499,64.983728,64.8051465,70.8987945,70.9444476,70.8007094,59.3789301,59.2228754,59.0106189,6801.949206,2773.4952018,4028.4540042,19326.545,9498.502,9828.043
2015-10-01,11847.6360461,11860.8889816,11865.7759157,6346.9240318,6359.4746687,6357.9544389,5500.7120144,5501.4143129,5507.8214769,8172.7816733,8175.9385041,8142.3368277,5221.426896,5235.3452749,5221.1153331,2951.3547774,2940.5932291,2921.2214946,3674.8543728,3684.9504775,3723.4390881,1125.4971358,1124.1293938,1136.8391057,2549.357237,2560.8210838,2586.5999823,61.2376996,61.3022452,61.327503,66.7591233,66.8861823,66.8701932,55.902846,55.9069321,55.9720435,747.5368519,745.2648522,713.7453765,396.1569406,401.0308294,388.2052447,351.3799113,344.2340228,325.5401319,529.0791361,529.6804937,506.1277368,309.2753631,312.3267836,303.3376336,219.803773,217.3537101,202.7901032,218.4577157,215.5843585,207.6176397,86.8815774,88.7040458,84.8676111,131.5761383,126.8803127,122.7500286,5.9351059,5.911913,5.6738675,5.8750138,5.9319651,5.7544627,6.0043471,5.8887227,5.5806609,6.0800689,6.0843519,5.8522265,5.5919727,5.6298711,5.4908176,6.9313397,6.8827537,6.4913364,5.6111021,5.5270461,5.2814715,7.1662078,7.3137863,6.9466436,4.9078481,4.7207741,4.530608,12595.172898,12606.1538338,12579.5212923,6743.0809723,6760.5054981,6746.1596835,5852.0919257,5845.6483357,5833.3616087,65.1015452,65.1540989,65.0164503,70.9260378,71.1040497,70.9531667,59.4738632,59.4051359,59.2802746,6768.6917077,2761.7453165,4006.9463913,19348.213,9507.905,9840.308
2015-11-01,11878.358014,11893.9225717,11935.26632,6360.9699845,6362.871957,6373.6960612,5517.3880295,5531.0506147,5561.5702588,8190.2335628,8193.1784846,8221.1150692,5228.2797089,5223.8033404,5239.033522,2961.9538538,2969.3751442,2982.0815472,3688.1244512,3700.7440871,3714.1512508,1132.6902756,1139.0686166,1134.6625392,2555.4341756,2561.6754705,2579.4887116,61.3189068,61.4042109,61.6176543,66.8297931,66.8560904,66.9698216,55.995323,56.1378945,56.4476564,741.123388,739.0966329,689.0761048,392.299416,387.8132294,365.4527446,348.823972,351.2834035,323.6233602,524.0405068,515.5829447,486.8947962,305.0470471,299.221151,285.0881677,218.9934598,216.3617937,201.8066285,217.0828812,223.5136882,202.1813086,87.2523689,88.5920784,80.3645769,129.8305123,134.9216098,121.8167317,5.8728514,5.8505146,5.4583129,5.8090296,5.744798,5.4228324,5.946324,5.9718371,5.4989416,6.0135876,5.9202787,5.5913441,5.512905,5.4177046,5.1607872,6.8845359,6.7915775,6.3383705,5.5588055,5.6956933,5.1625163,7.1521698,7.2163326,6.6142209,4.8349242,5.0034027,4.5095504,12619.481402,12633.0192046,12624.3424248,6753.2694005,6750.6851864,6739.1488058,5866.2120015,5882.3340182,5885.193619,65.1447619,65.2199113,65.1751161,70.9513798,70.930929,70.8097137,59.5354965,59.7032769,59.7323007,6745.5385752,2778.1171942,3967.421381,19369.881,9517.266,9852.615
2015-12-01,11903.8253392,11910.2286456,12025.0291789,6373.7354063,6380.2464962,6435.2656144,5530.089933,5529.9821495,5589.7635645,8202.3258058,8224.6267165,8348.9896878,5231.5510521,5246.3233491,5315.8166291,2970.7747537,2978.3033674,3033.1730587,3701.4995334,3685.6019291,3676.0394911,1142.1843542,1133.9231471,1119.4489853,2559.3151792,2551.6787821,2556.5905058,61.3665996,61.4196867,62.0116999,66.8791161,66.972459,67.5499861,56.0424517,56.0572843,56.663287,734.7572275,725.2283831,702.9856324,388.4363046,379.8043292,373.5450589,346.3209229,345.4240539,329.4405735,519.5145052,512.7054417,496.7696685,301.4396502,297.5299885,286.6019104,218.0748549,215.1754532,210.1677581,215.2427223,212.5229414,206.2159639,86.9966544,82.2743408,86.9431485,128.2460679,130.2486007,119.2728154,5.8136047,5.7396292,5.5231365,5.7442538,5.618365,5.4862013,5.8934089,5.8791519,5.5656228,5.9564781,5.8679862,5.6159076,5.4480419,5.3668445,5.1156819,6.8386685,6.737964,6.4799776,5.4954528,5.4519275,5.3117567,7.0776113,6.7648833,7.206873,4.771838,4.8565297,4.4573583,12638.5825667,12635.4570287,12728.0148113,6762.1717109,6760.0508254,6808.8106733,5876.4108558,5875.4062033,5919.204138,65.15442,65.1596065,65.6369164,70.9549484,70.9592062,71.4710307,59.5521005,59.5588389,60.0028174,6663.5341887,2717.8613267,3945.672862,19391.549,9526.672,9864.877
2016-01-01,11921.6891798,11911.2585846,11759.6157464,6383.2634567,6390.4573945,6328.4520205,5538.4257231,5520.8011901,5431.163726,8206.8771566,8188.6546374,8155.1409033,5229.886591,5231.238366,5208.8553252,2976.9905656,2957.4162714,2946.2855781,3714.8120231,3722.6039472,3604.4748432,1153.3768657,1159.2190285,1119.5966953,2561.4351575,2563.3849187,2484.8781479,61.369956,61.3217618,60.5410713,66.8876671,66.9697598,66.3199651,56.0415554,55.867856,54.9607679,729.444279,765.7659132,816.0817505,385.3408821,413.9116283,443.7016835,344.1033969,351.8542848,372.380067,516.1955377,546.560671,594.0725514,299.4146917,322.1442746,348.2865907,216.780846,224.4163963,245.7859608,213.2487413,219.2052422,222.0091991,85.9261905,91.7673537,95.4150928,127.3225509,127.4378885,126.5941062,5.7658413,6.0405808,6.4893558,5.6930626,6.0830273,6.5518549,5.8495826,5.9914001,6.4164256,5.9175884,6.25698,6.7900109,5.4150547,5.8008658,6.267369,6.7876131,7.0530546,7.6998889,5.4288555,5.5610313,5.801911,6.9334284,7.3355997,7.8530179,4.7353672,4.7360193,4.8476144,12651.1334588,12677.0244978,12575.6974969,6768.6043388,6804.3690228,6772.153704,5882.52912,5872.655475,5803.543793,65.1249577,65.264092,64.7424385,70.9255003,71.3074089,70.9698037,59.5234274,59.4284523,58.7290753,6848.4975031,2770.149296,4078.348207,19424.195,9542.303,9881.892
2016-02-01,11934.3602167,11928.4156273,11975.8940345,6389.9029366,6385.4414925,6418.3334854,5544.4572802,5542.9741348,5557.5605491,8204.6267539,8213.1483287,8295.9522126,5224.109301,5228.7720585,5282.9789083,2980.5174529,2984.3762703,3012.9733042,3729.7334629,3715.2672985,3679.941822,1165.7936356,1156.669434,1135.3545771,2563.9398273,2558.5978645,2544.5872449,61.3446993,61.3070709,61.5510901,66.8628427,66.8074582,67.1515896,56.0163227,55.9960971,56.1434516,725.2904634,719.9620728,787.8359465,382.9178002,378.537654,406.2918966,342.3726632,341.4244188,381.5440499,513.1671759,513.8608718,556.4408925,298.4450129,297.1292662,315.7643381,214.722163,216.7316056,240.6765544,212.1232875,206.101201,231.395054,84.4727873,81.4083878,90.5275585,127.6505002,124.6928132,140.8674955,5.7291507,5.6921298,6.1724586,5.6537418,5.5963752,5.9533216,5.8159088,5.8021974,6.4242689,5.8864339,5.888167,6.285768,5.4041119,5.3770281,5.6399146,6.7200645,6.7705186,7.3971252,5.3813038,5.2558488,5.9160093,6.7563829,6.5753854,7.384687,4.742568,4.647011,5.2455732,12659.6506802,12648.3777001,12763.729981,6772.8207368,6763.9791465,6824.625382,5886.8299434,5884.3985536,5939.104599,65.0728191,65.007375,65.6002376,70.8696286,70.7678952,71.4024043,59.4753551,59.4452264,59.9978765,6693.105019,2733.351618,3959.753401,19456.835,9557.977,9898.858
2016-03-01,11943.8641027,11941.9081494,11945.4993755,6393.8607782,6393.0257447,6399.3237985,5550.0033245,5548.8824047,5546.175577,8198.0760121,8189.6388549,8165.5536089,5215.95097,5213.9169273,5209.993148,2982.1250421,2975.7219276,2955.5604609,3745.7880906,3752.2692945,3779.9457667,1177.9098082,1179.1088175,1189.3306505,2567.8782824,2573.160477,2590.6151161,61.3050523,61.2736078,61.2920343,66.8114259,66.7775661,66.8433516,55.9882782,55.9596236,55.9323256,721.9881444,715.534653,762.2667934,380.7525272,382.2160669,400.0592667,341.2356172,333.3185861,362.2075267,509.3438256,503.24196,525.8606139,297.3623557,294.9725886,303.0486557,211.9814699,208.2693715,222.8119582,212.6443187,212.292693,236.4061795,83.3901715,87.2434783,97.010611,129.2541472,125.0492147,139.3955685,5.7002729,5.6530744,5.9984326,5.6202843,5.6413642,5.8837583,5.7922556,5.6665623,6.1304002,5.8495379,5.7891276,6.0503458,5.3935327,5.3544837,5.496941,6.6366437,6.5411414,7.0102533,5.3719325,5.3547578,5.8860922,6.6114464,6.8893529,7.5415921,4.7922803,4.6345254,5.1060448,12665.8522471,12657.4428024,12707.7661689,6774.6133053,6775.2418116,6799.3830652,5891.2389417,5882.2009908,5908.3831037,65.010848,64.9449968,65.2032046,70.7900266,70.7699571,71.0221216,59.4306536,59.3210901,59.5851327,6781.7148311,2774.2299348,4007.4848963,19489.481,9573.613,9915.868
2016-04-01,11952.9585113,11948.6041088,11968.5115958,6397.1907587,6384.6557643,6400.9528785,5555.7677525,5563.9483445,5567.5587173,8190.6477012,8175.1891835,8147.6434302,5208.2958147,5182.6033004,5170.0246984,2982.3518865,2992.5858832,2977.6187318,3762.3108101,3773.4149253,3820.8681656,1188.894944,1202.0524639,1230.9281801,2573.4158661,2571.3624614,2589.9399855,61.2671281,61.2384732,61.3405022,66.7576227,66.6199529,66.7900033,55.9659785,56.0435688,56.0799347,719.6746506,714.8201153,719.3649394,378.809141,376.8815629,371.7309683,340.8655096,337.9385523,347.6339711,504.6574316,506.2018226,505.9190351,295.6503883,300.1369316,295.3424967,209.0070433,206.064891,210.5765384,215.017219,208.6182927,213.4459043,83.1587527,76.7446313,76.3884716,131.8584663,131.8736613,137.0574327,5.678967,5.6447617,5.6697032,5.5904538,5.5739035,5.4886804,5.7806802,5.7259408,5.8769678,5.8037921,5.8308838,5.8463672,5.3716075,5.474214,5.4038912,6.549155,6.4422441,6.6048821,5.4060721,5.2389893,5.2907607,6.5373618,6.0013142,5.8431499,4.8741255,4.8783626,5.0259466,12672.6331618,12663.4242241,12687.8765352,6775.9998997,6761.5373272,6772.6838468,5896.6332621,5901.8868969,5915.1926885,64.9559553,64.9020386,65.0273606,70.7106701,70.5524801,70.6687871,59.3996843,59.4474973,59.5815216,6823.7204648,2811.0151532,4012.7053115,19511.597,9583.699,9927.898
2016-05-01,11961.3151671,11941.9194459,11999.9494196,6400.3139088,6391.840615,6420.8034837,5561.0012583,5550.0788308,5579.1459358,8182.8230405,8169.5516722,8170.7802854,5202.2075759,5196.3432838,5194.5868551,2980.6154647,2973.2083885,2976.1934303,3778.4921265,3772.3677736,3829.1691342,1198.1063329,1195.4973313,1226.2166287,2580.3857936,2576.8704424,2602.9525055,61.2287824,61.1349181,61.4319941,66.7057058,66.6246182,66.9265093,55.9412984,55.8363592,56.1287878,717.6029187,724.6761125,715.1397025,376.8616924,383.7017684,373.2288124,340.7412264,340.974344,341.9108901,499.4322223,505.8254644,498.7915282,293.1856088,299.690955,292.3972377,206.2466135,206.1345094,206.3942905,218.1706964,218.8506481,216.3481743,83.6760835,84.0108135,80.8315747,134.4946129,134.8398346,135.5165996,5.6598119,5.7211593,5.6243389,5.5607485,5.6630414,5.4934801,5.7735699,5.7880032,5.7744909,5.7523329,5.8305876,5.7533583,5.3351161,5.4528582,5.3289245,6.4717772,6.483557,6.4851092,5.4588217,5.4833042,5.3478494,6.5281036,6.5658678,6.1842841,4.9539793,4.9725015,4.9486262,12678.9180858,12666.5955583,12715.0891221,6777.1756011,6775.5423834,6794.0322962,5901.7424847,5891.0531749,5921.0568259,64.9021203,64.844792,65.0930477,70.6334546,70.6240896,70.8168171,59.3690097,59.2667188,59.5685694,6818.6238779,2799.7797038,4018.8441741,19533.713,9593.812,9939.901
2016-06-01,11967.673196,11961.7587468,11991.2572457,6402.5444172,6392.7136,6406.0503099,5565.1287789,5569.0451468,5585.2069358,8175.127291,8206.579119,8189.765432,5197.6816774,5221.5980202,5208.4121701,2977.4456137,2984.9810988,2981.3532619,3792.545905,3755.1796277,3801.4918136,1204.8627398,1171.1155798,1197.6381398,2587.6831652,2584.064048,2603.8536738,61.1812818,61.1672292,61.3180717,66.6459936,66.563739,66.7026067,55.9064477,55.9594429,56.1218414,715.7962565,722.3990373,703.5399532,375.110419,366.2090362,356.6840683,340.6858375,356.1900011,346.855885,495.0586251,491.9122972,485.5674706,290.6566895,284.1721972,281.7783942,204.4019356,207.7401,203.7890765,220.7376314,230.4867401,217.9724826,84.4537295,82.0368391,74.9056741,136.2839019,148.4499011,143.0668085,5.6435367,5.6952858,5.541955,5.5345164,5.4181569,5.2742581,5.7686511,6.011407,5.8471378,5.7098963,5.6551449,5.5971048,5.295896,5.1613523,5.1323973,6.4240015,6.5066784,6.3981152,5.5001753,5.782891,5.4229237,6.5502715,6.5464374,5.8862943,5.0031406,5.4327225,5.2082617,12683.4694526,12684.1577841,12694.7971989,6777.6548362,6758.9226362,6762.7343782,5905.8146164,5925.2351479,5932.0628207,64.840584,64.8612635,64.9156689,70.5506298,70.3768682,70.4165577,59.3289264,59.5385473,59.6071538,6861.0318011,2841.1636218,4019.8681793,19555.829,9603.898,9951.931
2016-07-01,11971.4313166,11995.8541871,11995.3298724,6403.5818741,6414.7805492,6412.6710581,5567.8494426,5581.073638,5582.6588143,8168.6977214,8175.1162302,8193.0173815,5195.2625437,5200.536301,5204.1390693,2973.4351777,2974.5799292,2988.8783122,3802.7335952,3820.7379569,3802.3124909,1208.3193304,1214.2442482,1208.5319888,2594.4142648,2606.4937087,2593.7805021,61.1198279,61.2486805,61.2460034,66.5732003,66.6949732,66.6730407,55.8569863,55.9932576,56.0091612,715.1360898,724.354668,708.8436854,374.8081011,374.3851305,373.5287024,340.3279887,349.9695375,335.314983,493.5637043,478.1997226,475.3259349,289.4579513,284.185084,287.0246158,204.105753,194.0146385,188.3013191,221.5723855,246.1549454,233.5177505,85.3501499,90.2000465,86.5040866,136.2222357,155.954899,147.0136639,5.636955,5.6945187,5.5796127,5.5294561,5.5144498,5.5042397,5.7602872,5.9006405,5.6660437,5.697862,5.526202,5.4834692,5.2775333,5.1813951,5.2270271,6.4233871,6.1230503,5.9266816,5.5058533,6.0526537,5.7861143,6.5975236,6.9148255,6.6796662,4.9886624,5.6455312,5.3639075,12686.5674065,12720.2088551,12704.1735578,6778.3899752,6789.1656796,6786.1997605,5908.1774313,5931.0431755,5917.9737973,64.7709364,64.9471055,64.8652322,70.4697968,70.5874846,70.5566477,59.2711763,59.5043982,59.373277,6881.3164422,2831.8872395,4049.4292027,19585.49,9618.087,9967.403
2016-08-01,11973.3425178,11955.8146331,11895.6100409,6403.0843951,6393.4410551,6358.4510156,5570.2581227,5562.373578,5537.1590253,8164.2146357,8164.9056113,8100.1554248,5194.3472361,5195.6353196,5159.7602114,2969.8673997,2969.2702917,2940.3952134,3809.127882,3790.9090218,3795.4546161,1208.7371591,1197.8057354,1198.6908042,2600.390723,2593.1032864,2596.7638119,61.0477133,60.9531435,60.6462084,66.4828025,66.3773217,66.0140517,55.80355,55.7195902,55.4670102,715.8215597,711.234265,708.1165746,376.0825399,379.1865494,380.263781,339.7390199,332.0477156,327.8527936,495.3918588,496.5707366,493.0523312,290.1580582,290.5561549,292.0889652,205.2338006,206.0145818,200.963366,220.429701,214.6635284,215.0642434,85.9244817,88.6303946,88.1748158,134.5052193,126.0331338,126.8894276,5.6412034,5.6148379,5.6183111,5.5476218,5.59881,5.6429719,5.748548,5.6332539,5.5899767,5.7207202,5.7330958,5.7376983,5.2905056,5.2961359,5.3576127,6.4638507,6.4880661,6.3973393,5.4703202,5.3591222,5.3625042,6.6368292,6.8896071,6.8519055,4.918111,4.6350427,4.6587952,12689.1640775,12667.0488981,12603.7266154,6779.166935,6772.6276045,6738.7147966,5909.9971425,5894.4212936,5865.0118188,64.6974268,64.5791586,64.2563289,70.3876427,70.314073,69.961987,59.2070985,59.0457894,58.7511879,7011.0363791,2893.2511999,4117.7851792,19614.7629945,9631.9659965,9982.796998
2016-09-01,11974.3243767,11942.157399,11932.4230721,6401.382778,6372.4167048,6362.4390276,5572.9415986,5569.7406942,5569.9840445,8161.7555891,8106.6037603,8069.7180014,5194.7037914,5149.685934,5127.4418875,2967.0517977,2956.9178263,2942.2761139,3812.5687876,3835.5536388,3862.7050707,1206.6789866,1222.7307709,1234.99714,2605.889801,2612.8228679,2627.7079306,60.9702464,60.7927831,60.7432295,66.3786317,66.0639267,65.9604865,55.7526783,55.707412,55.709846,717.7563788,717.1946882,696.2180571,378.3987773,379.5905725,376.1896605,339.3576015,337.6041157,320.0283966,499.9101303,502.7637732,483.746395,292.4032088,295.7546046,289.9069584,207.5069215,207.0091686,193.8394366,217.8462485,214.430915,212.4716621,85.9955685,83.8359679,86.2827021,131.8506799,130.5949471,126.1889599,5.6551514,5.6653349,5.5130085,5.5812827,5.6218922,5.5825848,5.7398584,5.7149892,5.4334078,5.7715242,5.8397295,5.655561,5.3289139,5.4312338,5.3514545,6.5365596,6.5427922,6.1808767,5.4050575,5.2946107,5.2138024,6.6525305,6.4165087,6.5302368,4.8160401,4.7603011,4.5821962,12692.0807555,12659.3520872,12628.6411292,6779.7815553,6752.0072773,6738.6286881,5912.2992001,5907.3448099,5890.0124411,64.6248812,64.4437365,64.2873992,70.3024078,69.9992067,69.8605086,59.1476708,59.0840596,58.9107048,7015.3968629,2907.2053072,4108.1915557,19644.0379921,9645.8339953,9998.2039968
2016-10-01,11976.1126626,11961.2516796,11964.1883641,6399.6767167,6388.9146643,6387.2376541,5576.435946,5572.3370153,5576.95071,8161.4734932,8146.1734758,8111.1559552,5196.1298319,5181.7972255,5167.06023,2965.3436613,2964.3762504,2944.0957253,3814.6391694,3815.0782037,3853.0324089,1203.5468848,1207.1174388,1220.1774241,2611.0922846,2607.9607649,2632.8549848,60.8954922,60.8146598,60.8295908,66.2719893,66.1544264,66.1370617,55.7091839,55.6632983,55.7093856,722.2023793,709.0865846,677.9522204,381.843525,376.5071115,363.3444376,340.3588544,332.5794731,314.6077828,506.39608,498.7578213,474.5613699,295.6849676,291.8909817,282.1037693,210.7111124,206.8668396,192.4576006,215.8062993,210.3287633,203.3908505,86.1585573,84.6161298,81.2406683,129.647742,125.7126335,122.1501822,5.6873875,5.5964298,5.3626379,5.6306479,5.5651684,5.3824164,5.7524194,5.6322469,5.3399755,5.8422208,5.7693671,5.5273351,5.384103,5.3326198,5.1770101,6.6343665,6.5232098,6.1359582,5.3544032,5.225031,5.0140441,6.6804834,6.5505869,6.2424726,4.7303918,4.5986705,4.4337551,12698.315042,12670.3382642,12642.1405845,6781.5202416,6765.4217758,6750.5820916,5916.7948004,5904.9164884,5891.5584928,64.567708,64.4198727,64.2765071,70.2261781,70.0529934,69.899335,59.1094048,58.9855078,58.8520718,7026.2284031,2906.9949011,4119.2335021,19668.3689876,9657.5769927,10010.7919949
2016-11-01,11980.5683177,11987.6519641,12032.7998803,6399.4227741,6398.9578255,6412.9996991,5581.1455437,5588.6941386,5619.8001811,8164.148666,8186.6514778,8215.7834798,5199.2479045,5208.9629017,5226.6878055,2964.9007615,2977.6885761,2989.0956742,3816.4196518,3801.0004863,3817.0164005,1200.1748696,1189.9949238,1186.3118936,2616.2447822,2611.0055625,2630.7045069,60.8311331,60.8735669,61.102829,66.1757493,66.1779986,66.3232196,55.6757039,55.7565157,56.0668502,728.8651375,733.6694643,683.9464568,385.2675505,385.0638557,363.236544,343.597587,348.6056086,320.7099128,513.2964224,515.3738891,486.1270088,298.740812,301.9119884,287.7912556,214.5556105,213.4619007,198.3357532,215.5687151,218.2955752,197.819448,86.5267386,83.1518673,75.4452884,129.0419765,135.1437079,122.3741596,5.7348358,5.7672426,5.3783133,5.6784839,5.6760411,5.3604469,5.7993668,5.8714504,5.3986932,5.9152944,5.9224591,5.58644,5.4336381,5.4784765,5.2188294,6.7481854,6.6891832,6.222432,5.3464617,5.4311892,4.9272114,6.7246934,6.5312082,5.9793825,4.7004917,4.9212076,4.4449932,12709.4334553,12721.3214284,12716.7463371,6784.6903246,6784.0216812,6776.2362431,5924.7431307,5937.2997472,5940.510094,64.5319335,64.599157,64.5759246,70.15976,70.1603276,70.0798106,59.1033224,59.2344362,59.2664648,6975.9586803,2893.0767678,4082.8819126,19692.7050174,9669.3130109,10023.3920065
2016-12-01,11990.0184203,12020.6313656,12128.2708743,6402.1978055,6418.1473575,6467.4652121,5587.8206148,5602.4840081,5660.8056623,8170.8217899,8208.8243168,8329.7438295,5205.0082092,5228.0473813,5294.0778504,2965.8135807,2980.7769356,3035.6659791,3819.1966304,3811.8070488,3798.5270448,1197.1895963,1190.0999762,1173.3873616,2622.0070341,2621.7070726,2625.1396832,60.7871613,60.9657119,61.5116332,66.104068,66.295936,66.8053623,55.6582116,55.8239909,56.4051166,735.6148499,744.8272516,722.4218032,387.5285671,396.9837946,390.9784982,348.0862828,347.843457,331.443305,518.1395018,529.6463741,513.1443987,300.0042563,303.9052555,292.9148115,218.1352455,225.7411186,220.2295872,217.4753481,215.1808775,209.2774046,87.5243108,93.078539,98.0636868,129.9510373,122.1023384,111.2137178,5.7805756,5.8347081,5.6216565,5.7075727,5.8250353,5.7006883,5.8640792,5.8457868,5.5312005,5.9631927,6.0610877,5.8029049,5.4496563,5.4936344,5.2427993,6.8510914,7.0400701,6.7640249,5.3874912,5.3434696,5.2217469,6.8127472,7.2537482,7.7127379,4.72213,4.4501028,4.0643039,12725.6332702,12765.4586172,12850.6926775,6789.7263726,6815.131152,6858.4437103,5935.9068976,5950.3274651,5992.2489673,64.5165916,64.7432941,65.1755805,70.1053838,70.3965605,70.8439554,59.1253701,59.2899553,59.7076674,6866.3433346,2822.6132974,4043.7300372,19717.0360121,9681.0570077,10035.9790044
2017-01-01,12007.9796562,12033.9956694,11864.3045798,6409.8877721,6412.6437868,6339.993901,5598.091884,5621.3518827,5524.3106789,8184.4806003,8150.1824534,8094.7788114,5214.8400602,5212.3791534,5180.883831,2969.6405401,2937.8033,2913.8949805,3823.4990559,3883.813216,3769.5257684,1195.0477119,1200.2646333,1159.11007,2628.4513439,2683.5485827,2610.4156984,60.781914,60.9209478,60.0619029,66.0769509,66.113642,65.3646298,55.673588,55.9114016,54.946205,739.9058931,725.3100161,773.1516168,387.7794112,376.3043032,403.7970135,352.126482,349.0057129,369.3546033,519.3580957,510.6877055,555.1584529,299.0682752,296.0012589,320.0326239,220.2898205,214.6864466,235.1258289,220.5477974,214.6223106,217.9931639,88.7111359,80.3030443,83.7643896,131.8366615,134.3192663,134.2287743,5.804146,5.6845571,6.1179371,5.7045954,5.5428956,5.9876858,5.9178749,5.8456417,6.2669762,5.9670005,5.8964942,6.4180633,5.4238891,5.3736532,5.8178056,6.9057878,6.8100601,7.4666331,5.453641,5.2366887,5.4668872,6.9102648,6.2708942,6.7395696,4.7761922,4.7666986,4.8905706,12747.8855493,12759.3056855,12637.4561966,6797.6671833,6788.94809,6743.7909145,5950.218366,5970.3575956,5893.6652821,64.5271649,64.5927601,63.9759088,70.0744126,69.9932974,69.527732,59.1755213,59.3827015,58.6199002,7116.0048118,2955.6350909,4160.3697209,19753.4610084,9699.4260054,10054.035003
2017-02-01,12034.9045466,12017.9327187,12062.092326,6422.8530727,6416.5521961,6448.9115254,5612.051474,5601.3805225,5613.1808006,8206.1049527,8182.0173646,8263.4850367,5229.0934381,5219.8708834,5273.5338255,2977.0115147,2962.1464812,2989.9512112,3828.7995939,3835.915354,3798.6072893,1193.7596346,1196.6813127,1175.3776999,2635.0399593,2639.2340413,2623.2295895,60.8205918,60.7276715,60.9508139,66.101544,66.0288631,66.3618534,55.7253474,55.6129471,55.7301054,741.1146909,752.2257935,824.1295921,386.524747,396.1805208,424.6996707,354.5899439,356.0452726,399.4299214,517.1274841,522.8554998,567.0079114,296.7940187,298.8408086,316.6428061,220.3334654,224.0146912,250.3651053,223.9872068,229.3702936,257.1216807,89.7307283,97.3397122,108.0568646,134.2564785,132.0305814,149.0648161,5.8008264,5.8904969,6.3954322,5.6763592,5.8152952,6.1786979,5.9428734,5.9764953,6.6432028,5.9281635,6.0064691,6.4210222,5.3709747,5.4150466,5.6642719,6.8911383,7.030865,7.7265637,5.5267454,5.6421692,6.3397156,6.9911494,7.5222667,8.4193513,4.8480356,4.7642719,5.3769475,12776.0192375,12770.1585121,12886.2219181,6809.3778197,6812.7327169,6873.6111961,5966.6414178,5957.4257952,6012.610722,64.5659505,64.5287347,65.1152133,70.0795086,70.1057175,70.7321812,59.2462787,59.1479197,59.6958197,6903.6570859,2844.1878063,4059.4692796,19789.879004,9717.7990024,10072.0800016
2017-03-01,12070.4931373,12075.9193374,12079.571643,6440.1762605,6435.6598829,6443.6942839,5630.3168768,5640.2594545,5635.8773591,8236.0627909,8252.1534308,8228.7518984,5246.7455827,5240.1938871,5236.521662,2989.3172082,3011.9595436,2992.2302364,3834.4303464,3823.7659067,3850.8197446,1193.4306778,1195.4659957,1207.1726219,2640.9996686,2628.2999109,2643.6471227,60.9058105,60.9085755,60.926997,66.1734026,66.1004816,66.1830027,55.8229661,55.8987955,55.8553659,739.2427665,749.7001173,799.5779157,384.303064,386.1153689,404.5088437,354.9397026,363.5847485,395.069072,512.2097941,515.4489887,540.0201299,294.1497109,295.15908,303.4719422,218.0600832,220.2899087,236.5481878,227.0329725,234.2511286,259.5577858,90.1533531,90.9562888,101.0369015,136.8796194,143.2948398,158.5208843,5.7709446,5.8453326,6.208313,5.6312437,5.6600424,5.906788,5.9302337,6.0558658,6.5506977,5.8549821,5.8790187,6.1584465,5.3087037,5.332254,5.4778392,6.7987038,6.8153746,7.3262441,5.5899304,5.7725516,6.3146945,7.0235646,7.0704845,7.7232966,4.9274862,5.1701224,5.6570799,12809.7359038,12825.6194548,12879.1495588,6824.4793245,6821.7752517,6848.2031276,5985.2565793,6003.844203,6030.9464312,64.6359133,64.6899163,64.9599116,70.1221518,70.0662617,70.3377016,59.3420908,59.5021669,59.7707683,6947.1544399,2887.9738716,4059.1805683,19826.3039987,9736.1769992,10090.1269995
2017-04-01,12113.1893322,12133.2309434,12151.1863446,6460.4366492,6487.6828638,6504.3588324,5652.752683,5645.5480796,5646.8275121,8272.8754151,8259.7883769,8232.349345,5266.5913066,5267.0538529,5253.9294536,3006.2841085,2992.7345241,2978.4198914,3840.3139171,3873.4425664,3918.8369996,1193.8453426,1220.6290109,1250.4293789,2646.4685745,2652.8135555,2668.4076207,61.0325313,61.1273329,61.2177924,66.2816798,66.5545968,66.725669,55.9669938,55.8898863,55.9025525,735.372933,720.889817,727.3398233,382.1507734,364.8229751,360.2231875,353.2221596,356.0668419,367.1166358,505.8278197,502.4039335,503.8729268,291.8724433,284.0286279,279.4511805,213.9553764,218.3753056,224.4217464,229.5451134,218.4858835,223.4668964,90.2783301,80.7943472,80.772007,139.2667832,137.6915363,142.6948894,5.7233869,5.608239,5.6476946,5.584887,5.3239353,5.2475619,5.8811795,5.9328505,6.1044238,5.7619879,5.7337698,5.7676294,5.2509552,5.116635,5.0502794,6.6440828,6.8006178,7.0069573,5.6401244,5.3394356,5.394749,7.0303454,6.2081525,6.0676024,4.9992826,4.9342872,5.0761183,12848.5622652,12854.1207604,12878.5261678,6842.5874226,6852.5058389,6864.5820199,6005.9748426,6001.6149215,6013.9441479,64.7377215,64.7591827,64.8821374,70.2024047,70.2971728,70.4210576,59.4641895,59.4148825,59.5369396,6970.5828311,2883.3289792,4087.2538518,19849.1089989,9747.9109991,10101.1979998
2017-05-01,12158.1209908,12164.6556497,12230.1203954,6480.6544362,6481.5497469,6510.1483776,5677.4665546,5683.1059028,5719.9720178,8312.5407883,8323.4596615,8324.6537007,5286.6222527,5293.0570284,5291.3060236,3025.9185356,3030.4026331,3033.3476771,3845.5802025,3841.1959882,3905.4666947,1194.0321835,1188.4927185,1218.842354,2651.548019,2652.7032697,2686.6243407,61.1765242,61.2153103,61.5447438,66.3968435,66.411764,66.7047935,56.1383307,56.2000672,56.5646351,730.6334757,714.3755111,703.7719652,380.6613107,373.2009902,363.2319523,349.9721651,341.1745209,340.5400129,499.4966083,487.0030326,479.192914,290.3603763,279.5153969,273.0697534,209.136232,207.4876357,206.1231606,231.1368675,227.3724785,224.5790513,90.3009344,93.6855933,90.1621989,140.8359331,133.6868852,134.4168523,5.6687671,5.546811,5.4413006,5.5479346,5.4444137,5.2846188,5.8063164,5.663324,5.6189974,5.6683442,5.5275534,5.4429948,5.2064063,5.0159132,4.9074643,6.4646891,6.408112,6.3628651,5.6696814,5.588513,5.4376892,7.030959,7.3067523,6.8878446,5.0435734,4.7978523,4.7647958,12888.7544665,12879.0311608,12933.8923606,6861.3157469,6854.7507371,6873.3803299,6027.4387196,6024.2804237,6060.5120307,64.8528831,64.8102101,65.0862841,70.2968678,70.2356853,70.4265693,59.5988272,59.573932,59.9322253,6938.0246385,2886.2606694,4051.7639691,19871.9169992,9759.6409994,10112.2759998
2017-06-01,12201.3180902,12195.8442982,12227.7246326,6499.2000585,6484.6890192,6496.4310217,5702.1180316,5711.155279,5731.2936109,8350.5080612,8384.3899136,8371.683564,5304.9036556,5328.6253351,5316.8347179,3045.6044056,3055.7645785,3054.8488461,3850.810029,3811.4543847,3856.0410687,1194.296403,1156.0636841,1179.5963038,2656.513626,2655.3907006,2676.4447648,61.3158774,61.3019117,61.4621569,66.5006395,66.3641471,66.4843145,56.3116704,56.4156823,56.6146119,725.8057409,726.6360955,707.4645543,379.5461386,378.9849668,369.2977168,346.2596023,347.6511287,338.1668374,494.6646852,495.1442881,488.9005651,289.5066669,293.5790687,291.1703896,205.1580183,201.5652194,197.7301755,231.1410557,231.4918075,218.5639892,90.0394717,85.4058981,78.1273272,141.101584,146.0859093,140.436662,5.6145957,5.6230389,5.4693019,5.5176645,5.521605,5.3788568,5.7248344,5.7379475,5.5716128,5.5924819,5.5762417,5.5177013,5.1749273,5.2217786,5.1920493,6.3110739,6.1880507,6.0791813,5.6625141,5.7258196,5.3640534,7.0105861,6.8794193,6.211804,5.043638,5.2146039,4.9855369,12927.123831,12922.4803938,12935.1891869,6878.7461971,6863.673986,6865.7287385,6048.3776339,6058.8064078,6069.4604484,64.9633043,64.9543183,65.0181985,70.3842038,70.2426699,70.2636982,59.7311816,59.8498343,59.9550766,6959.5318125,2905.6452612,4053.8865514,19894.7209994,9771.3739997,10123.3469997
2017-07-01,12240.4718007,12232.5157044,12234.1056559,6514.8233972,6513.2129617,6512.6980766,5725.6484035,5719.3027427,5721.4075793,8383.6102622,8370.2702997,8391.0241353,5319.8952961,5311.0252105,5315.3325797,3063.7149661,3059.2450893,3075.6915556,3856.8615385,3862.2454046,3843.0815206,1194.9281011,1202.1877512,1197.3654969,2661.9334374,2660.0576534,2645.7160237,61.4370628,61.4010417,61.4090225,66.5784283,66.5661781,66.5609159,56.4746128,56.4158539,56.4366163,721.2894228,726.5839272,712.4062063,378.5316801,383.0061127,382.7868162,342.7577428,343.5778145,329.6193901,491.6435134,482.9448045,480.5681453,288.9749805,289.6944257,292.8320448,202.6685328,193.2503788,187.7361005,229.6459094,243.6391227,231.838061,89.5566995,93.311687,89.9547714,140.0892099,150.3274357,141.8832896,5.5647486,5.606747,5.5026884,5.4912546,5.5538565,5.5512676,5.6482334,5.6669072,5.4473297,5.5394868,5.4550217,5.4169323,5.1521067,5.1724501,5.2215308,6.2046766,5.9416033,5.7527275,5.6196131,5.933901,5.6893898,6.9721883,7.2027578,6.9877538,4.9995745,5.3489978,5.0898021,12961.7612235,12959.0996316,12946.5118623,6893.3550772,6896.2190744,6895.4848929,6068.4061463,6062.8805572,6051.0269694,65.0573402,65.0481256,64.9849413,70.4468439,70.4805677,70.4730642,59.8553846,59.8049446,59.6880195,6975.8141376,2889.083107,4086.7310306,19922.3259998,9784.5679998,10137.758
2017-08-01,12274.8434307,12281.9353301,12221.5629377,6526.7387261,6524.1390791,6488.9163603,5748.1047045,5757.796251,5732.6465774,8411.3304557,8414.5196828,8347.2266669,5330.8774816,5323.083687,5286.4055735,3080.452974,3091.4359958,3060.8210934,3863.512975,3867.4156473,3874.3362708,1195.8612445,1201.0553921,1202.5107868,2667.6517305,2666.3602551,2671.825484,61.5353145,61.5638047,61.2611851,66.6208873,66.5879591,66.2284621,56.6267914,56.7150264,56.4672989,718.1929474,718.9374804,714.8637458,377.6659299,379.6290456,380.0762356,340.5270175,339.3084348,334.7875102,490.464703,493.1802843,488.8639791,288.4804703,289.6851839,290.7590311,201.9842327,203.4951004,198.104948,227.7282444,225.7571961,225.9997667,89.1854596,89.9438618,89.3172046,138.5427848,135.8133343,136.6825621,5.527522,5.529917,5.5259753,5.4699275,5.4988673,5.5332166,5.5928332,5.5650748,5.5177775,5.509728,5.5365615,5.5325822,5.1336909,5.1611814,5.2133844,6.1534835,6.1760047,6.0788415,5.5662385,5.5154572,5.5117377,6.9402504,6.9669956,6.9140168,4.9370343,4.8467138,4.8667321,12993.0363781,13000.8728105,12936.4266835,6904.404656,6903.7681247,6868.9925959,6088.6317221,6097.1046858,6067.4340876,65.135705,65.1675142,64.8444748,70.4758661,70.4626042,70.1076713,59.9814541,60.0572577,59.7649985,7013.5023155,2928.7834036,4084.7189119,19949.928999,9797.7759995,10152.1529995
2017-09-01,12305.4221157,12321.4200865,12308.5763506,6535.8835803,6537.9170497,6525.0177143,5769.5385355,5783.5030368,5783.5586363,8435.333029,8428.9163774,8387.3234298,5338.8222546,5348.0699257,5323.2243526,3096.5107744,3080.8464517,3064.0990773,3870.0890867,3892.5037091,3921.2529207,1197.0613257,1189.847124,1201.7933617,2673.027761,2702.6565851,2719.459559,61.6154879,61.6763815,61.6120906,66.6369763,66.638865,66.5073862,56.7690443,56.8874728,56.8880197,717.3109111,712.2492105,691.3316601,377.4644902,373.8053836,370.8668394,339.8464209,338.4438269,320.4648206,491.0506069,485.6229571,467.1441046,288.0986072,282.0230164,277.2619485,202.9519997,203.5999407,189.8821562,226.2603042,226.6262533,224.1875554,89.365883,91.7823671,93.6048909,136.8944212,134.8438862,130.5826645,5.5081442,5.4646868,5.3179735,5.4599376,5.4082812,5.3780894,5.5626945,5.5283692,5.2500588,5.5011148,5.4475384,5.2758012,5.1200046,5.0092071,4.9506763,6.151062,6.198912,5.8353795999999996,5.5234621,5.5017991,5.4080515,6.9468278,7.1613807,7.2259547,4.8718225,4.7522067,4.58178,13022.7330268,13033.669297,12999.9080106,6913.3480704,6911.7224333,6895.8845537,6109.3849564,6121.9468637,6104.0234569,65.2071942,65.2416324,65.0726362,70.4854371,70.4489418,70.2875115,60.1129438,60.2164611,60.0401636,6977.6259879,2915.0824453,4062.5435426,19977.5339985,9810.966999,10166.5669995
2017-10-01,12333.6628882,12325.5863725,12321.874807,6543.815911,6540.0251311,6535.1289513,5789.8469772,5785.5612413,5786.7458558,8455.7480566,8446.7786731,8407.1005069,5344.6454379,5342.2708923,5325.2631631,3111.1026187,3104.5077807,3081.8373437,3877.9148317,3878.8076994,3914.7743002,1199.1704732,1197.7542388,1209.8657882,2678.7443585,2681.0534606,2704.908512,61.6831701,61.6356486,61.6170885,66.6399109,66.5948226,66.5449665,56.899483,56.8500767,56.8617169,717.6431443,704.0073349,671.7606368,377.4226728,365.0832669,350.9564457,340.2204715,338.924068,320.8041911,492.6128145,489.1722788,462.9896871,287.8378292,282.7098758,271.5028351,204.7749853,206.462403,191.486852,225.0303298,214.8350561,208.7709498,89.5848437,82.373391,79.4536107,135.4454862,132.4616651,129.3173391,5.4986309,5.4031411,5.1699206,5.4531088,5.2871475,5.0966032,5.5500282,5.5339192,5.2525839,5.505062,5.4742051,5.2196728,5.1103184,5.0259705,4.8510664,6.1755894,6.2357071,5.8499202,5.4846049,5.2480167,5.0628995,6.9512686,6.4347796,6.1624459,4.8129477,4.7080488,4.5627041,13051.3060326,13029.5937074,12993.6354439,6921.2385839,6905.108398,6886.085397,6130.0674487,6124.4853094,6107.5500469,65.2722502,65.1561261,64.9763123,70.4834501,70.3123397,70.118635,60.2429857,60.1804121,60.0140028,7003.8605552,2934.5356026,4069.3249526,19997.4959991,9820.6209997,10176.8749995
2017-11-01,12360.5839792,12368.5524483,12418.737536,6551.9834551,6558.2090086,6575.1017396,5808.6005241,5810.3434396,5843.6357965,8472.5117731,8486.7548796,8517.0558267,5349.3554828,5355.6225593,5374.7012121,3123.1562903,3131.1323203,3142.3546145,3888.0722061,3881.7975687,3901.6817094,1202.6279723,1202.5864493,1200.4005274,2685.4442338,2679.2111194,2701.281182,61.7405588,61.7888268,62.0395334,66.6404457,66.7142917,66.8861353,57.0119174,57.0359104,57.3627172,719.1142903,713.5263337,664.5539435,378.0413687,375.0577163,353.2183909,341.0729216,338.4686175,311.3355526,494.7449628,492.5806196,463.7711405,287.9872561,287.4622305,273.7720577,206.7577067,205.1183891,189.9990828,224.3693275,220.9457142,200.782803,90.0541126,87.5954858,79.4463332,134.3152149,133.3502284,121.3364698,5.4979425,5.4542275,5.0794094,5.4551229,5.4095383,5.0981823,5.5461957,5.504618,5.0582779,5.5172387,5.4857135,5.1640138,5.1085639,5.0940619,4.8468328,6.2091005,6.1481707,5.7016481,5.4558667,5.3853166,4.8941996,6.9664548,6.7893902,6.2074874,4.7633572,4.741238,4.2987214,13079.6982695,13082.078782,13083.2914796,6930.0248238,6933.2667249,6928.3201305,6149.6734457,6148.8120571,6154.9713491,65.3325022,65.353347,65.3594052,70.4855173,70.5296184,70.4792984,60.3595777,60.3584103,60.4188716,6934.1665191,2901.9708685,4032.1956506,20017.4579986,9830.290999,10187.1669997
2017-12-01,12385.0659124,12401.8500421,12511.9101691,6560.4285457,6561.6167617,6610.7565886,5824.6373668,5840.2332804,5901.1535805,8484.5913362,8495.0892827,8621.2178596,5353.0211497,5356.6996108,5423.8883744,3131.5701865,3138.3896719,3197.3294852,3900.4745763,3906.7607594,3890.6923095,1207.407396,1204.9171509,1186.8682142,2693.0671803,2701.8436085,2703.8240953,61.7790646,61.8934476,62.4427205,66.6352048,66.6834225,67.1828134,57.0926275,57.2714058,57.868812,722.1405836,737.7193559,714.2146263,379.6121535,395.5132006,390.8204285,342.5284301,342.2061553,323.3941978,497.2689318,502.0213679,486.6436522,288.8074162,298.1852418,289.0183825,208.4615155,203.8361261,197.6252696,224.8716518,235.6979879,227.5709741,90.8047372,97.3279588,101.802046,134.0669146,138.3700291,125.7689282,5.5094927,5.6144865,5.4000294,5.4698837,5.6850052,5.5818914,5.5540655,5.5351315,5.1954649,5.536369,5.5798065,5.3431165,5.1190392,5.2730559,5.0590425,6.2413035,6.0988137,5.8211459,5.4509765,5.6898089,5.5258967,6.9945993,7.4738587,7.8997746,4.7421491,4.8718176,4.4447709,13107.206496,13139.569398,13226.1247954,6940.0406991,6957.1299623,7001.5770171,6167.1657969,6182.4394357,6224.5477783,65.3812392,65.5751559,66.0071246,70.4909794,70.7028852,71.1545851,60.4500637,60.6272011,61.0401305,6811.295204,2838.3749825,3972.9202215,20037.4199993,9839.9519996,10197.4679998
2018-01-01,12405.2565755,12429.4388903,12247.3778342,6568.7672996,6596.9087594,6517.6982651,5836.4892759,5832.5301308,5729.6795692,8490.5821347,8474.9345113,8405.4683085,5355.8221927,5332.7086412,5296.3068575,3134.759942,3142.2258701,3109.161451,3914.6744408,3954.504379,3841.9095257,1212.945107,1264.2001182,1221.3914075,2701.7293338,2690.3042608,2620.5181182,61.7894573,61.9197447,61.012771,66.6200989,66.9167967,66.1133124,57.1273709,57.0971921,56.0903429,725.4586149,726.9359681,776.8624785,381.5474101,378.8257764,407.3928808,343.9112049,348.1101917,369.4695978,499.476576,497.4070249,541.6329101,289.9748002,283.3904232,307.424632,209.5017758,214.0166017,234.208278,225.9820389,229.5289432,235.2295685,91.5726098,95.4353532,99.9682487,134.4094291,134.09359,135.2613198,5.524898,5.5253516,5.9647431,5.4896422,5.430622,5.8828523,5.5645456,5.6322674,6.0577236,5.5558767,5.5437817,6.0537251,5.1361181,5.0460368,5.48607,6.264515,6.3766728,7.0051564,5.4576379,5.4858297,5.7694762,7.0196524,7.0191868,7.5655593,4.7391697,4.7476877,4.9082781,13130.7151904,13156.3748583,13024.2403127,6950.3147097,6975.7345358,6925.0911458,6180.4004807,6180.6403225,6099.1491669,65.4029008,65.5411221,64.8828673,70.489733,70.7594764,70.2457671,60.4935629,60.5049952,59.7072426,7049.2256864,2933.2838535,4115.9418329,20073.4659991,9858.3749993,10215.0909998
2018-02-01,12420.3714474,12425.7501794,12471.0718182,6576.6031999,6585.4094163,6619.8461558,5843.7682476,5840.3407631,5851.2256624,8491.0441321,8500.008696,8584.6282058,5358.5147377,5365.7504055,5421.9305141,3132.5293944,3134.2582905,3162.6976917,3929.3273153,3925.7414834,3886.4436124,1218.0884621,1219.6590108,1197.9156417,2711.2388532,2706.0824726,2688.5279707,61.7708433,61.7904205,62.0157947,66.5945336,66.6755503,67.0242133,57.1149786,57.0752048,57.1815784,727.2186193,734.0720079,804.5017742,383.3325777,384.8209577,412.0056875,343.8860416,349.2510501,392.4960867,500.8535263,512.67466,556.7288038,291.1260972,296.8593078,314.2259733,209.7274291,215.8153522,242.5028305,226.365093,221.3973479,247.7729704,92.2064805,87.9616499,97.7797142,134.1586125,133.435698,149.9932562,5.5311933,5.5781301,6.0600152,5.5077028,5.5209216,5.8591349,5.5576156,5.6425538,6.2862521,5.5700537,5.6883687,6.0902206,5.1530019,5.2424469,5.4779882,6.2750243,6.4421077,7.1215433,5.4471089,5.3385565,5.9932267,7.0370783,6.7268477,7.546505,4.714934,4.6992373,5.2842041,13147.5900667,13159.8221873,13275.5735923,6959.9357776,6970.230374,7031.8518433,6187.6542892,6189.5918132,6243.721749,65.3875554,65.4407931,66.0163985,70.4761505,70.571762,71.1956632,60.4760024,60.4882891,61.0172783,6833.9354068,2844.9461563,3988.9892505,20109.5089992,9876.7979996,10232.7109995
2018-03-01,12433.4814608,12442.5783293,12446.0420461,6585.4994994,6584.211018,6594.4862578,5847.9819614,5858.3673113,5851.5557883,8490.6100738,8473.0875203,8450.4704055,5363.1925979,5358.340526,5355.2145769,3127.417476,3114.7469943,3095.2558285,3942.8713869,3969.490809,3995.5716406,1222.3069015,1225.870492,1239.2716808,2720.5644854,2743.620317,2756.2999598,61.7430616,61.7633931,61.7805866,66.5796732,66.5393292,66.6431697,57.0740801,57.1529184,57.0864667,726.4723216,728.3072733,777.9555727,384.246308,382.4886494,402.4134504,342.2260135,345.8186239,375.5421223,501.4333549,516.6435747,544.4802002,291.8837158,299.7903136,310.6965494,209.5496392,216.8532611,233.7836508,225.0389666,211.6636986,233.4753726,92.3625923,82.6983357,91.716901,132.6763744,128.9653629,141.7584716,5.5203258,5.5296758,5.8829077,5.5130606,5.4902417,5.7513108,5.5285059,5.5739565,6.0307727,5.5764116,5.7470415,6.0531761,5.1614461,5.2983984,5.4836114,6.2796435,6.508982,7.0225557,5.3993236,5.0623266,5.5207561,7.025537,6.3197544,6.8908856,4.6500236,4.4895219,4.891498,13159.9537823,13170.8856026,13223.9976188,6969.7458074,6966.6996673,6996.8997082,6190.2079749,6204.1859353,6227.0979106,65.3506292,65.3786188,65.6422601,70.4644194,70.4047184,70.7099168,60.4140759,60.5266474,60.7501715,6921.5573805,2898.3172914,4023.2400891,20145.5549993,9895.2169995,10250.3379997
2018-04-01,12448.5173608,12460.6348199,12475.5302487,6597.4042578,6600.9690308,6616.0858729,5851.113103,5859.665789,5859.4443758,8494.3916631,8515.1454475,8486.161985,5371.400446,5377.8017616,5363.117554,3122.9912171,3137.3436858,3123.0444311,3954.1256977,3945.4893724,3989.3682637,1226.0038118,1223.1672692,1252.9683189,2728.1218859,2722.3221032,2736.3999448,61.7286235,61.7811205,61.8549736,66.5990332,66.6266598,66.7792412,57.0263376,57.1028363,57.1006786,723.1577531,731.4067803,738.8127871,383.9551229,388.8428769,385.118028,339.2026302,342.5639034,353.6947591,500.9035136,496.8010262,499.5791398,291.8487662,289.8290396,285.5578229,209.0547473,206.9719866,214.0213169,222.2542395,234.6057541,239.2336472,92.1063566,99.0138373,99.5602051,130.1478829,135.5919168,139.6734421,5.4902489,5.5443032,5.5909914,5.4997186,5.5629949,5.5007401,5.4795691,5.5232379,5.6926901,5.5685056,5.5126939,5.5596877,5.1533802,5.11376,5.055306,6.2740655,6.1887694,6.4134582,5.3216959,5.6124501,5.6575117,6.9877586,7.4886743,7.3610429,4.55338,4.7444365,4.8563935,13171.6751139,13192.0416001,13214.3430358,6981.3593807,6989.8119077,7001.2039009,6190.3157332,6202.2296924,6213.1391349,65.3145552,65.4075113,65.5180841,70.4749576,70.5514324,70.6664171,60.3322869,60.4411445,60.5474577,6954.6579634,2906.1950987,4048.4628647,20169.0009992,9907.3989996,10261.6019996
2018-05-01,12469.4398721,12451.841306,12526.1292688,6613.4463021,6607.1336485,6636.5737874,5855.99357,5844.7076575,5889.5554813,8508.1691453,8490.906692,8491.6032768,5384.1718763,5380.6697418,5377.9968502,3123.9972689,3110.2369502,3113.6064266,3961.2707268,3960.934614,4034.525992,1229.2744257,1226.4639067,1258.5769372,2731.9963011,2734.4707073,2775.9490548,61.7474437,61.6658424,62.0337422,66.6649016,66.6071443,66.9039332,56.9991467,56.8944941,57.331059,717.5836227,715.5872803,705.4949097,382.0304898,377.3107242,367.8533102,335.5531329,338.2765561,337.6415996,498.4438358,492.204709,485.1965447,290.3486415,286.9269214,281.1793623,208.0951943,205.2777876,204.0171824,219.1397869,223.3825714,220.298365,91.6818483,90.3838028,86.6739478,127.4579386,132.9987686,133.6244172,5.441589,5.4345256,5.3318844,5.4611072,5.4021581,5.2517259,5.4195365,5.4710888,5.4220478,5.5341984,5.479223,5.4050057,5.1167079,5.0625854,4.9685564,6.2451807,6.1914304,6.1494975,5.2420638,5.3385669,5.1776136,6.9405665,6.8636489,6.4429579,4.4574219,4.638193,4.5925775,13187.0234948,13167.4285863,13231.6241785,6995.4767919,6984.4443727,7004.4270976,6191.5467029,6182.9842136,6227.1970809,65.3008474,65.2096791,65.527598,70.5158476,70.4108497,70.6122975,60.2652436,60.1874002,60.6177842,6960.8208205,2915.1299019,4045.6909187,20192.444999,9919.5569995,10272.8879996
2018-06-01,12497.3916592,12520.3326029,12558.3113878,6633.0765014,6629.4833549,6641.1736826,5864.3151578,5890.8492481,5917.1377052,8533.4608636,8525.2975151,8518.6706729,5401.1733115,5398.0155208,5388.7384537,3132.2875521,3127.2819943,3129.9322192,3963.9307956,3995.0350878,4039.6407149,1231.9031899,1231.467834,1252.4352289,2732.0276057,2763.5672537,2787.205486,61.8031347,61.9331228,62.1209888,66.7698353,66.7505328,66.8682396,57.0067819,57.2808012,57.5364221,710.9363333,706.7530339,687.4884597,378.8003582,385.3223616,375.0924103,332.1359751,321.4306723,312.3960494,493.9245964,495.3485643,488.7341412,287.2063212,293.8834083,291.2366107,206.7182752,201.465156,197.4975305,217.0117369,211.4044696,198.7543185,91.594037,91.4389533,83.8557996,125.4176999,119.9655164,114.8985189,5.3824855,5.3432257,5.1902374,5.4022677,5.4929869,5.3460403,5.3601,5.1741177,5.0147581,5.4714025,5.4912759,5.4259151,5.0490006,5.1631874,5.1274276,6.1910127,6.0522817,5.935438,5.190498,5.0257342,4.6893769,6.9206066,6.9119725,6.2752647,4.3891549,4.160366,3.9591455,13208.3279926,13227.0856368,13245.7998475,7011.8768597,7014.8057164,7016.2660929,6196.4511329,6212.2799204,6229.5337546,65.3189159,65.42915,65.5217217,70.5829132,70.6302428,70.6449469,60.2354629,60.406294,60.5740649,6970.0911516,2915.4649063,4054.6262454,20215.8909991,9931.7309992,10284.1599999
2018-07-01,12529.4186878,12522.3440772,12524.4981708,6653.3678432,6650.232714,6651.2442371,5876.0508447,5872.1113633,5873.2539337,8566.2472176,8552.5535628,8575.8801397,5419.2855975,5415.5300868,5420.5206996,3146.9616201,3137.0234761,3155.3594401,3963.1714702,3969.7905144,3948.6180311,1234.0822457,1234.7026272,1230.7235375,2729.0892245,2735.0878872,2717.8944936,61.8792466,61.8498294,61.8604689,66.8826668,66.8571313,66.8673004,57.0470707,57.0139063,57.0249999,703.3837387,700.2933404,688.1519604,374.3730132,374.1727549,373.76126,329.0107255,326.1205855,314.3907004,487.3220506,493.6814286,490.3385949,282.5683867,284.1076107,286.4336158,204.7536639,209.5738179,203.9049791,216.0616881,206.6119118,197.8133655,91.8046266,90.0651443,87.3276442,124.2570616,116.5467676,110.4857213,5.3154556,5.2961699,5.2082811,5.3270748,5.3267534,5.3204408,5.3022959,5.2615099,5.0809431,5.3826512,5.4573138,5.4084135,4.9557282,4.9846609,5.0190277,6.1089217,6.2622957,6.0699294,5.1698883,4.9471265,4.7706895,6.9240166,6.7985609,6.6255124,4.3547838,4.0870161,3.9063249,13232.8024266,13222.6374177,13212.6501312,7027.7408564,7024.4054689,7025.0054971,6205.0615702,6198.2319488,6187.6446341,65.3530594,65.3086885,65.2593598,70.6460338,70.6188217,70.624854,60.2412394,60.1802987,60.0775036,7033.7178683,2921.9255026,4111.7923657,20246.3679995,9946.9309997,10299.4369998
2018-08-01,12562.728069,12585.8382901,12524.4818997,6672.1573412,6690.1533246,6653.73885,5890.5707278,5895.6849655,5870.7430497,8601.7440567,8620.3476923,8550.2638039,5436.3115029,5446.4151816,5408.6359509,3165.4325538,3173.9325107,3141.627853,3960.9840123,3965.4905978,3974.2180957,1235.8458383,1243.7381429,1245.1028991,2725.138174,2721.7524548,2729.1151967,61.9613985,62.070006,61.7674126,66.9811462,67.1556435,66.7901156,57.1132585,57.1581789,56.9163691,695.011171,696.5820988,693.2216687,368.8202093,365.7876259,366.0016348,326.1909617,330.7944729,327.2200339,479.2198007,481.7464994,478.0720084,277.0131237,274.425006,275.2149825,202.2066769,207.3214935,202.8570259,215.7913703,214.8355993,215.1496603,91.8070856,91.36262,90.7866523,123.9842847,123.4729794,124.363008,5.2423053,5.2443913,5.2446453,5.2381961,5.1841084,5.2138912,5.2469594,5.3127048,5.279477,5.2771909,5.2926996,5.2952395,4.8485451,4.7969354,4.8420514,6.0044044,6.1314972,6.0654191,5.1664586,5.1392066,5.1356117,6.9149914,6.8431254,6.7959699,4.3516657,4.3396554,4.3582954,13257.73924,13282.4203889,13217.7035684,7040.9775505,7055.9409505,7019.7404847,6216.7616894,6226.4794383,6197.9630836,65.3893055,65.5053636,65.1861975,70.6836968,70.8274134,70.4640337,60.275911,60.365204,60.0887403,7059.1404309,2942.420515,4116.719916,20276.8439993,9962.1609997,10314.6829996
2018-09-01,12595.0978402,12601.0812832,12583.3609451,6687.6233444,6696.5902119,6680.8100888,5907.4744959,5904.4910713,5902.5508563,8634.617833,8647.2358182,8599.2088478,5450.1005408,5460.5315195,5431.6061134,3184.5172922,3186.7042987,3167.6027344,3960.4800073,3953.845465,3984.1520973,1237.5228036,1236.0586924,1249.2039754,2722.9572037,2717.7867726,2734.9481219,62.0393411,62.0519136,61.9646528,67.0476324,67.1178368,66.9596775,57.2021995,57.1589069,57.1401244,686.749352,666.1955615,644.8014581,363.2064445,341.2189163,337.1881093,323.5429074,324.9766452,307.6133489,470.9766847,447.6820916,429.0780933,272.1815834,250.9404714,246.0663882,198.7951013,196.7416202,183.0117051,215.7726673,218.5134699,215.7233649,91.0248611,90.2784449,91.1217211,124.7478061,128.235025,124.6016438,5.1705862,5.0213436,4.8744598,5.1512582,4.8483684,4.8046195,5.1924571,5.2167643,4.9533851,5.1723881,4.9223324,4.752597,4.7565216,4.3936217,4.3339306,5.8757536,5.8148298,5.4620342,5.1666574,5.2371685,5.1364229,6.8514562,6.8065986,6.798476,4.3806436,4.505764,4.3573868,13281.8471922,13267.2768447,13228.1624032,7050.8297889,7037.8091282,7017.998198,6231.0174033,6229.4677165,6210.1642052,65.4220443,65.332482,65.1398695,70.6890055,70.5377676,70.3392089,60.3350722,60.3048697,60.1180005,7079.1585959,2959.3648016,4119.7937943,20307.3209991,9977.3629996,10329.9579995
2018-10-01,12623.9742333,12624.7752703,12617.665855,6699.1677632,6696.8944988,6690.754323,5924.8064701,5927.8807714,5926.911532,8661.8912984,8682.1404465,8639.5566805,5460.0916297,5467.600823,5450.083929,3201.7996687,3214.5396235,3189.4727515,3962.0829349,3942.6348238,3978.1091745,1239.0761335,1229.2936759,1240.670394,2723.0068014,2713.3411479,2737.4387805,62.0998802,62.0981576,62.0631882,67.0749372,67.0456519,66.9841798,57.2948099,57.3196507,57.3102787,679.4000045,664.6464436,634.7185867,358.2946023,350.6939685,336.1132998,321.1054021,313.9524751,298.6052869,463.8393484,440.1318786,416.4034496,269.0328072,258.9060133,247.5860106,194.8065412,181.2258652,168.817439,215.5606561,224.514565,218.3151371,89.2617952,91.7879551,88.5272893,126.2988609,132.7266099,129.7878479,5.1069751,5.0013195,4.7894671,5.0768192,4.9760847,4.7832593,5.1410492,5.029812,4.7964739,5.082764,4.8248053,4.5981149,4.69588,4.5211858,4.3453905,5.735329,5.3368192,5.0268866,5.1598623,5.3877254,5.2024085,6.7198108,6.9479397,6.6602049,4.4326189,4.6635084,4.5265989,13303.3742378,13289.4217138,13252.3844417,7057.4623656,7047.5884673,7026.8676228,6245.9118722,6241.8332465,6225.5168188,65.4419861,65.3673896,65.1852124,70.6623362,70.5566085,70.3491627,60.4000038,60.3554146,60.1976429,7077.9695574,2961.6913766,4116.2781808,20330.3539991,9988.5589994,10341.7949997
2018-11-01,12649.2001354,12644.9828276,12697.9786331,6707.9154946,6699.0894911,6719.4871377,5941.2846408,5945.8933366,5978.4914954,8683.8039958,8666.2369322,8696.5076322,5467.3605662,5454.4751365,5474.9658839,3216.4434296,3211.7617957,3221.5417483,3965.3961396,3978.7458954,4001.4710009,1240.5549284,1244.6143546,1244.5212538,2724.8412112,2734.1315409,2756.9497471,62.1404554,62.1271705,62.3875488,67.0717112,66.9924223,67.1964035,57.3775965,57.4281921,57.7430402,674.1308529,680.7644134,634.283292,355.067892,363.8491387,342.2283081,319.0629609,316.9152746,292.0549839,459.3361841,466.5803663,438.7974038,268.3215883,272.2154991,258.7607757,191.0145958,194.3648672,180.0366281,214.7946688,214.1840471,195.4858882,86.7463037,91.6336397,83.4675324,128.0483651,122.5504074,112.0183558,5.0597771,5.1086397,4.757507,5.0271659,5.1515263,4.8462489,5.0965694,5.060274,4.6575683,5.023834,5.1088328,4.8033142,4.6781112,4.7534521,4.5129597,5.6057799,5.7063312,5.2927379,5.1383939,5.1082191,4.6578007,6.5355401,6.8575324,6.2852588,4.4883744,4.2899563,3.9044824,13323.3309883,13325.747241,13332.2619251,7062.9833866,7062.9386298,7061.7154458,6260.3476017,6262.8086112,6270.5464793,65.4521904,65.4718937,65.5039015,70.6219962,70.6309967,70.6187646,60.4589277,60.4891066,60.5638425,7021.1240747,2938.0565542,4083.0675205,20353.3859998,9999.772,10353.6139998
2018-12-01,12673.3759946,12675.1827238,12784.2908142,6716.4346448,6725.8339841,6773.1329984,5956.9413498,5949.3487397,6011.1578158,8701.7884324,8666.380109,8794.8930628,5473.5086304,5442.383346,5509.4400747,3228.279802,3223.996763,3285.4529881,3971.5875622,4008.8026148,3989.3977514,1242.9260144,1283.4506381,1263.6929237,2728.6615478,2725.3519766,2725.7048277,62.1717923,62.2051535,62.7406161,67.0609462,67.1846517,67.6571237,57.4493704,57.3959468,57.9922457,671.4458712,669.2717082,646.0871325,353.8378461,351.4219604,345.5013298,317.6080251,317.8497479,300.5858027,458.3724002,459.0582377,444.0630017,270.0246659,266.949839,257.9163582,188.3477343,192.1083987,186.1466436,213.0734709,210.2134705,202.0241307,83.8131802,84.4721214,87.5849716,129.2602908,125.7413491,114.4391591,5.0315087,5.0153546,4.81064,5.0045857,4.9655115,4.8534777,5.061846,5.07164,4.7623259,5.0039776,5.0305336,4.8064197,4.7013685,4.6756746,4.4720031,5.5126797,5.623609,5.3619848,5.0917737,4.9825236,4.8199426,6.317231,6.1752113,6.4816402,4.522877,4.4102853,4.0293436,13344.8218657,13344.454432,13430.3779467,7070.2724909,7077.2559445,7118.6343282,6274.5493749,6267.1984875,6311.7436185,65.4657049,65.4896939,65.911375,70.5938773,70.6950212,71.1083516,60.5124157,60.4623811,60.8921273,6946.0410519,2892.3336708,4053.7073811,20376.4189986,10010.967999,10365.4509996
2019-01-01,12699.7453913,12715.8906512,12559.6463582,6727.4362222,6741.9081569,6689.6407001,5972.3091691,5973.9824942,5870.0056581,8718.9870629,8728.4048959,8714.02448,5480.6235703,5497.1643318,5486.7251249,3238.3634926,3231.2405641,3227.299355,3980.7583284,3987.4857552,3845.6218782,1246.8126519,1244.7438251,1202.9155752,2733.9456765,2742.7419301,2642.7063031,62.2104908,62.2974679,61.5319986,67.0703419,67.2241718,66.7030083,57.5160007,57.5385441,56.5370889,672.172603,675.7519358,723.6992071,354.6021459,346.3285727,373.7768702,317.5704571,329.4233631,349.9223369,460.418385,459.6285051,501.5161325,272.8549301,271.3213918,294.7816852,187.5634549,188.3071133,206.7344473,211.754218,216.1234307,222.1830746,81.7472158,75.0071809,78.995185,130.0070022,141.1162498,143.1878896,5.0267479,5.0460721,5.4481697,5.0070633,4.8859623,5.2917284,5.0489115,5.226117,5.6258262,5.0157757,5.0024688,5.4420696,4.7424342,4.7035115,5.0987,5.4748235,5.5067843,6.0201634,5.0507712,5.1413778,5.4619894,6.1530698,5.6834343,6.1622999,4.5394256,4.8933145,5.1397462,13371.9179943,13391.642587,13283.3455653,7082.0383681,7088.2367296,7063.4175703,6289.8796262,6303.4058574,6219.927995,65.50317,65.6080999,65.0775331,70.6056095,70.6774451,70.429971,60.5743458,60.7113925,59.9073736,7128.2234341,2965.5764294,4162.6470047,20411.5689994,10028.9939997,10382.5749997
2019-02-01,12728.2503136,12730.2117709,12778.1048924,6741.3256898,6743.7678935,6780.345182,5986.9246238,5986.4438774,5997.7597103,8736.6048236,8736.1396954,8824.271542,5489.2489926,5487.8897757,5546.8164456,3247.3558311,3248.2499198,3277.4550964,3991.64549,3994.0720755,3953.8333504,1252.0766973,1255.8781178,1233.5287365,2739.5687927,2738.1939577,2720.3046139,62.2593438,62.2604164,62.4946502,67.1075823,67.1221378,67.4861992,57.5756076,57.5635766,57.6723857,676.3563807,668.3408875,730.099368,356.6600454,353.3961607,376.958477,319.6963353,314.9447268,353.140891,464.5124208,460.6861201,497.8615183,275.5673201,279.8034174,295.0315834,188.9451007,180.8827026,202.8299349,211.8439599,207.6547675,232.2378497,81.0927253,73.5927433,81.9268936,130.7512346,134.0620242,150.310956,5.045701,4.9881573,5.4048588,5.0248065,4.9793996,5.2667666,5.0692175,4.998021,5.5604852,5.048435,5.0091861,5.3406395,4.7801579,4.8512188,5.0503125,5.4985027,5.2748821,5.8279691,5.0397167,4.9421292,5.5478715,6.0827022,5.5354913,6.2280241,4.5552842,4.6674818,5.2361925,13404.6066943,13398.5526585,13508.2042604,7097.9857353,7097.1640542,7157.303659,6306.620959,6301.3886043,6350.9006013,65.5676936,65.5291116,66.0653913,70.6580106,70.639564,71.2381461,60.6500927,60.5919763,61.0680665,6938.5137385,2889.7063401,4048.8073984,20446.7179988,10047.0099991,10399.7079997
2019-03-01,12757.361726,12748.8962508,12754.0720614,6757.1294969,6758.2831313,6770.6261308,6000.2322292,5990.6131195,5983.4459306,8753.5723483,8772.7293201,8751.3998175,5498.2870947,5514.1490878,5511.5751892,3255.2852537,3258.5802323,3239.8246283,4003.7893777,3976.1669308,4002.672244,1258.8424022,1244.1340435,1259.0509416,2744.9469755,2732.0328872,2743.6213024,62.3148535,62.2447926,62.2700628,67.1678951,67.1461063,67.2687387,57.6260174,57.5090008,57.4401968,683.1796911,683.4246988,730.1578216,359.6378971,361.3647675,380.3891541,323.541794,322.0599314,349.7686675,469.6352376,467.7462044,493.3281331,277.6448943,276.0058798,285.9276554,191.9903433,191.7403247,207.4004777,213.5444535,215.6784944,236.8296885,81.9930027,85.3588877,94.4614987,131.5514507,130.3196067,142.3681898,5.0829775,5.0879122,5.4149019,5.0533884,5.0755989,5.3193727,5.116277,5.1017996,5.5227667,5.0918862,5.0619279,5.3363186,4.806928,4.7668133,4.9319106,5.5693355,5.5571742,6.0164472,5.0634942,5.145192,5.5862621,6.1150684,6.4204093,6.9789901,4.5733191,4.5528846,4.9330807,13440.5414171,13432.3209497,13484.2298831,7116.7673939,7119.6478988,7151.0152849,6323.7740232,6312.6730509,6333.2145982,65.6519261,65.5815229,65.8349614,70.7428037,70.7364024,71.0480492,60.7333013,60.6007285,60.7979243,6997.6381161,2914.0257147,4083.6124015,20481.8679992,10065.0409996,10416.8269996
2019-04-01,12785.863071,12785.6571797,12795.2068253,6772.8583827,6760.1807556,6772.37781,6013.0046883,6025.476424,6022.8290154,8768.3947432,8762.2817029,8729.5411264,5506.3340667,5492.4763598,5473.9715356,3262.0606765,3269.8053431,3255.5695908,4017.4683278,4023.3754768,4065.6656989,1266.524316,1267.7043959,1298.4062744,2750.9440118,2755.6710809,2767.2594245,62.3729714,62.363471,62.4100505,67.2342862,67.098908,67.2199711,57.6757937,57.7878694,57.7624792,691.3940689,704.2017511,712.2751465,363.3864237,371.5397048,369.3762123,328.0076452,332.6620462,342.8989343,475.0849301,485.4203393,489.7896331,279.2557698,283.0098419,280.0381606,195.8291604,202.4104974,209.7514725,216.3091388,218.7814117,222.4855134,84.1306539,88.5298629,89.3380517,132.1784849,130.2515488,133.1474617,5.13008,5.2202307,5.2731897,5.0921238,5.2096785,5.1720657,5.1727962,5.2320667,5.3866414,5.1396763,5.2490915,5.3126376,4.8267468,4.9001908,4.866835,5.6632562,5.829433,6.0528727,5.1091287,5.1573154,5.1883784,6.2288783,6.5276233,6.4376449,4.5845601,4.5133417,4.5906477,13477.2571399,13489.8589307,13507.4819718,7136.2448064,7131.7204604,7141.7540222,6341.0123335,6358.1384703,6365.7279496,65.7457826,65.7982937,65.8842521,70.8416298,70.7866656,70.8862548,60.8219914,60.9782945,61.0510821,6994.3550272,2933.1949773,4061.1600499,20501.836999,10074.9489995,10426.8879995
2019-05-01,12812.8930447,12790.997881,12872.4199525,6786.7521586,6799.4917826,6831.2757095,6026.140886,5991.5060985,6041.144243,8780.911821,8740.849995,8742.7118902,5512.6450998,5516.5262856,5514.5851609,3268.2667212,3224.3237094,3228.1267293,4031.9812237,4050.147886,4129.7080623,1274.1070589,1282.965497,1316.6905486,2757.8741649,2767.1823891,2813.0175137,62.4283265,62.3287999,62.7255586,67.2885801,67.4228217,67.7379867,57.7320141,57.4066323,57.882232,700.0257146,700.758908,690.892408,368.0221082,371.950366,363.0392431,332.0036064,328.808542,327.8531649,480.4381443,484.6877129,477.6688281,280.9319679,287.6826719,282.1966817,199.5061765,197.005041,195.4721464,219.5875703,216.071195,213.2235799,87.0901403,84.2676941,80.8425615,132.49743,131.803501,132.3810185,5.1804183,5.1939782,5.0938325,5.1437277,5.1865491,5.0461961,5.2217059,5.2024078,5.1476417,5.1875606,5.2537611,5.180576,4.8490244,4.9564493,4.8681612,5.75315,5.7581441,5.7095517,5.1648599,5.0646999,4.9096693,6.3980546,6.1633739,5.7846616,4.5840967,4.5465382,4.4945028,13512.9187593,13491.756789,13563.3123605,7154.7742668,7171.4421486,7194.3149526,6358.1444925,6320.3146404,6368.9974079,65.8390655,65.7435031,66.0921837,70.9374072,71.1110302,71.3378337,60.9126959,60.5570573,61.0235033,6958.4976386,2890.537047,4067.9605916,20521.8099991,10084.8519996,10436.9579995
2019-06-01,12836.2013929,12802.5611866,12845.5663567,6796.8032547,6796.4583726,6808.4736624,6039.3981381,6006.102814,6037.0926943,8790.5334024,8761.7664321,8761.1707717,5516.6330964,5519.3755183,5513.3373889,3273.900306,3242.3909138,3247.8333828,4045.6679905,4040.7947545,4084.3955851,1280.1701584,1277.0828543,1295.1362735,2765.4978321,2763.7119002,2789.2593115,62.4662075,62.3245007,62.5338553,67.3070037,67.3266102,67.4456353,57.7887397,57.4910572,57.7876956,707.7072114,711.0438089,689.5427824,373.196745,370.2507842,359.5805966,334.5104664,340.7930247,329.9621858,485.0886494,482.6886035,474.5567213,283.2139576,276.4600362,273.4481897,201.8746917,206.2285673,201.1085316,222.618562,228.3552054,214.9860611,89.9827874,93.790748,86.1324069,132.6357746,134.5644575,128.8536542,5.2252805,5.2616886,5.0944752,5.2049755,5.1662594,5.0164324,5.2481215,5.3694441,5.1823361,5.2297156,5.2213852,5.1382712,4.883128,4.7699772,4.72539,5.8080483,5.9800325,5.8310211,5.2156424,5.3489619,5.0003949,6.5673535,6.8416773,6.235746,4.5765928,4.6429133,4.41565,13543.9086043,13513.6049955,13535.1091391,7169.9999998,7166.7091568,7168.0542589,6373.9086045,6346.8958387,6367.0548802,65.9102003,65.7859526,65.8906375,71.0026756,70.9943632,71.0076879,60.9895451,60.7531644,60.9461289,7006.6698599,2926.7037407,4079.9661192,20541.778999,10094.7579997,10447.0209993
2019-07-01,12854.4318309,12836.5400898,12839.028475,6801.9408761,6802.6234651,6803.0368115,6052.4909548,6033.9166247,6035.9916635,8798.39157,8805.5984237,8831.1954117,5518.3412486,5519.4248363,5523.9300847,3280.0503214,3286.1735874,3307.2653269,4056.0402609,4030.9416662,4007.8330633,1283.5996275,1283.1986288,1279.1067268,2772.4406334,2747.7430373,2728.7263365,62.4767363,62.3963643,62.4084599,67.2752901,67.289369,67.2934577,57.8403027,57.6687017,57.6885337,712.864777,715.2392233,702.0398355,377.9263223,374.7764747,374.0339553,334.9384547,340.4627485,328.0058802,488.1040876,513.5214187,508.4389309,285.899572,291.5635042,292.8795312,202.2045156,221.9579146,215.5593997,224.7606894,201.7178046,193.6009046,92.0267502,83.2129706,81.1544241,132.7339391,118.504834,112.4464805,5.2542876,5.2778252,5.1845233,5.2636952,5.2216189,5.2115127,5.2437128,5.3411121,5.1540856,5.2560633,5.5104069,5.4438848,4.9257014,5.0174512,5.0350544,5.8067122,6.3269554,6.1189363,5.2504354,4.7657461,4.6079721,6.689807,6.0898905,5.9660914,4.56888,4.1344936,3.9577487,13567.2966079,13551.7793131,13541.0683105,7179.8671984,7177.3999399,7177.0707668,6387.4294095,6374.3793732,6363.9975436,65.9414919,65.8730275,65.8209631,71.0132089,70.9965376,70.9932815,61.0411239,60.9226486,60.8234251,7031.5086881,2932.4362321,4099.072456,20572.5769985,10109.5069989,10463.0699996
2019-08-01,12867.5683823,12882.8309765,12823.4032412,6801.7510409,6815.8681028,6780.5752173,6065.8173414,6066.9628737,6042.8280239,8805.2967691,8800.5330988,8729.9059911,5517.5064063,5518.1811098,5481.3850287,3287.7903628,3282.3519889,3248.5209624,4062.2716132,4082.2978777,4093.4972501,1284.2446347,1297.6869929,1299.1901886,2778.0269785,2784.6108848,2794.3070615,62.4586746,62.5277793,62.2393424,67.1878326,67.322083,66.9734861,57.8896302,57.895817,57.6655029,714.547329,715.0970117,712.883217,381.5819214,382.4437448,383.6865738,332.9654076,332.6532669,329.1966432,489.2158821,487.0847151,484.7700051,288.4923307,286.6453793,288.524528,200.7235515,200.4393358,196.2454771,225.3314469,228.0122966,228.1132119,93.0895908,95.7983655,95.1620458,132.2418561,132.2139311,132.9511661,5.2609427,5.2588675,5.2664608,5.3120456,5.3129644,5.3555633,5.2035742,5.1980191,5.1662801,5.2634915,5.2444526,5.260847,4.9688666,4.9380525,5.0005035,5.7538412,5.7551348,5.6969168,5.2554176,5.2899278,5.2784307,6.7586784,6.8747307,6.8248211,4.5439739,4.5328033,4.5418325,13582.1157114,13597.9279882,13536.2864582,7183.3329624,7198.3118475,7164.2617911,6398.782749,6399.6161406,6372.0246671,65.9270594,65.9985559,65.6993742,70.9571064,71.0995782,70.7632571,61.0673132,61.0702608,60.8069609,7067.0855402,2960.0062078,4107.0793324,20603.3719984,10124.267999,10479.1039995
2019-09-01,12877.3801362,12902.3862073,12881.1765738,6797.3509944,6802.7690346,6787.856444,6080.0291418,6099.6171727,6093.3201297,8812.2727816,8833.5243175,8782.4988597,5514.4372181,5527.9134265,5498.2702942,3297.8355635,3305.6108909,3284.2285655,4065.1073546,4068.8618898,4098.6777141,1282.9137762,1274.8556081,1289.5861498,2782.1935783,2794.0062818,2809.0915643,62.4221597,62.5292232,62.4264343,67.0571706,67.095016,66.9479346,57.9444932,58.1183709,58.0583714,713.0462624,712.2381101,690.288659,383.5635166,387.8491064,383.1020057,329.4827458,324.3890037,307.1866533,488.5428936,483.2464525,464.2620066,290.0457528,290.8741396,286.1316209,198.4971408,192.3723129,178.1303857,224.5033688,228.9916576,226.0266524,93.5177638,96.9749668,96.9703848,130.985605,132.0166908,129.0562676,5.2466806,5.2314195,5.0863237,5.3414299,5.3938215,5.3424101,5.1405279,5.0496372,4.7994114,5.2526887,5.1868449,5.0208069,4.9969266,4.9988788,4.9466068,5.6772955,5.4995208,5.1447695,5.2336537,5.328047,5.226407,6.7942183,7.0690192,6.993612,4.4963113,4.5118132,4.3924362,13590.4263986,13614.6243174,13571.4652328,7180.914511,7190.618141,7170.9584498,6409.5118876,6424.0061764,6400.506783,65.8785993,65.9809642,65.771801,70.8410982,70.9203321,70.7264305,61.0845621,61.2092141,60.9853072,7062.7047664,2968.0495498,4094.6552166,20634.1699992,10139.0079996,10495.1619996
2019-10-01,12887.1821166,12853.3330613,12844.5683233,6792.1501931,6769.8232694,6763.2623033,6095.0319235,6083.5097919,6081.3060199,8820.2610802,8811.882331,8767.525715,5511.1197213,5508.2558386,5490.9575048,3309.1413589,3303.6264924,3276.5682102,4066.9210364,4041.4507303,4077.0426083,1281.0304718,1261.5674308,1272.3047985,2785.8905646,2779.8832995,2804.7378097,62.383876,62.2159528,62.1735275,66.9175033,66.6930024,66.628367,58.0046233,57.8913296,57.8703583,709.3796427,719.6599992,686.3439166000001,383.3027279,388.8865294,371.6718717,326.0769149,330.7734698,314.6720449,486.8541857,491.4217632,464.1742089,289.903352,291.7218094,278.0932878,196.9508337,199.6999538,186.0809211,222.525457,228.238236,222.1697077,93.3993759,97.16472,93.5785839,129.1260811,131.073516,128.5911238,5.2173458,5.3021467,5.0724142,5.3418611,5.432355,5.2091843,5.0782026,5.1568267,4.9198425,5.2309891,5.2822283,5.028047,4.9974521,5.0297058,4.820434,5.6173889,5.7002953,5.3739468,5.1877429,5.3455471,5.167684,6.7954997,7.1511313,6.8511401,4.4296859,4.502764,4.3837949,13596.5617593,13572.9930605,13530.9122399,7175.452921,7158.7097988,7134.934175,6421.1088383,6414.2832617,6395.9780649,65.8178192,65.6994331,65.4957429,70.6938717,70.5241231,70.2898973,61.1078013,61.0390053,60.8648111,7128.3117592,3015.7908246,4112.5209346,20659.2239991,10150.7249996,10508.4989995
2019-11-01,12898.4623534,12875.1134932,12933.3571439,6789.2172546,6778.6070987,6805.1640543,6109.2450988,6096.5063946,6128.1930896,8828.6686969,8803.8848882,8837.061301,5508.9888429,5496.5657582,5521.6605938,3319.6798541,3307.31913,3315.4007072,4069.7936564,4071.2286051,4096.2958429,1280.2284117,1282.0413405,1283.5034605,2789.5652447,2789.1872646,2812.7923824,62.3511093,62.2458867,62.5274708,66.7989459,66.7028566,66.9641824,58.055224,57.9411941,58.2423445,705.0862681,702.1806832,654.1221988,380.7381368,374.1341568,351.2937655,324.3481313,328.0465264,302.8284333,484.9656911,487.3653486,457.8702608,288.0390658,287.1694049,271.9933521,196.9266253,200.1959437,185.8769087,220.120577,214.8153346,196.251938,92.699071,86.964752,79.3004135,127.421506,127.8505827,116.9515246,5.1831054,5.1717277,4.8141541,5.3101884,5.2306402,4.908766,5.0414771,5.1061378,4.7088698,5.207051,5.2454227,4.9260208,4.9687369,4.9651202,4.6946772,5.5999051,5.7076289,5.3088309,5.1311184,5.0119723,4.571922,6.7519277,6.3524007,5.8189161,4.368258,4.3828908,3.9918685,13603.5486215,13577.2941764,13587.4793427,7169.9553914,7152.7412555,7156.4578198,6433.5932301,6424.5529209,6431.0215229,65.7594932,65.640642,65.6898831,70.5450194,70.3844119,70.4209837,61.1374548,61.0589482,61.1204258,7096.8006566,3005.93618,4090.8644766,20684.2799993,10162.3939998,10521.8859995
2019-12-01,12909.9208811,12930.2991251,13038.2940374,6789.3676735,6806.4352143,6851.413167,6120.5532076,6123.8639107,6186.8808704,8836.3226172,8816.8688351,8945.1478987,5508.4729049,5477.2663317,5542.4599987,3327.8497123,3339.6025035,3402.6879,4073.5982639,4113.4302899,4093.1461387,1280.8947686,1329.1688827,1308.9531682,2792.7034953,2784.2614073,2784.1929705,62.3173713,62.4370592,62.9585386,66.7088256,66.8995507,67.341633,58.0764114,58.127526,58.7256811,702.0713541,685.7390904,661.1436338,377.1225438,374.5895676,367.8287522,324.9488103,311.1495228,293.3148817,483.6869661,479.1509333,461.8876461,285.1475648,284.7729861,275.2269072,198.5394014,194.3779473,186.6607389,218.384388,206.5881571,199.2559878,91.974979,89.8165815,92.601845,126.409409,116.7715756,106.6541428,5.1577414,5.03626,4.826064,5.2623046,5.2163804,5.095116,5.0414818,4.8352583,4.5263275,5.189769,5.1543665,4.9100234,4.9217509,4.9422257,4.7308649,5.6301048,5.5002553,5.200407,5.0881936,4.7821128,4.6420625,6.6994687,6.3296337,6.6070789,4.3304049,4.0251723,3.6893733,13611.9922352,13616.0382154,13699.4376713,7166.4902172,7181.0247819,7219.2419192,6445.502018,6435.0134336,6480.1957521,65.706334,65.7483153,66.1510296,70.4142373,70.581342,70.9569731,61.1597701,61.0809476,61.5098168,7009.8963276,2954.87008,4055.0262476,20709.3339988,10174.1119992,10535.2219997
2020-01-01,12918.4796597,12929.7052486,12762.102685,6790.1143525,6783.2250843,6723.1255565,6128.3653072,6146.4801644,6038.9771285,8839.6904706,8852.3306802,8824.1399874,5506.9801149,5505.9481795,5488.4124353,3332.7103557,3346.3825007,3335.7275521,4078.7891891,4077.3745684,3937.9626976,1283.1342376,1277.2769047,1234.7131212,2795.6549515,2800.0976637,2703.2495764,62.2707646,62.3362263,61.5281869,66.6253634,66.569677,65.9798682,58.0657998,58.2482296,57.2294576,703.0584303,715.7909007,768.8727504,374.9336686,377.8332774,408.939087,328.1247617,337.9576233,359.9336634,484.6344227,498.4396416,543.6540116,283.1629802,284.5891829,310.363241,201.4714425,213.8504587,233.2907705,218.4240077,217.3512591,225.2187388,91.7706885,93.2440945,98.5758459,126.6533192,124.1071646,126.6428928,5.1613733,5.2456202,5.6823158,5.2328145,5.2762212,5.7338107,5.0820919,5.2118261,5.6249208,5.1975283,5.3304661,5.8034369,4.8904315,4.9147284,5.3522202,5.7006531,6.0066423,6.5365529,5.0829223,5.0608879,5.4097748,6.6746934,6.803551,7.3934345,4.3340164,4.2441338,4.4751839,13621.53809,13645.4961493,13530.9754354,7165.0480211,7161.0583617,7132.0646435,6456.4900689,6484.4377877,6398.9107919,65.6597072,65.7871714,65.2350483,70.3042546,70.277683,69.9931425,61.1747573,61.450946,60.640434,7210.9045639,3057.5973561,4153.3072078,20741.8799993,10189.6619996,10552.2179997
2020-02-01,12922.4842835,12937.0648686,12982.4093795,6788.8510369,6798.8901473,6832.2852738,6133.6332466,6138.1747213,6150.1241057,8836.1291698,8841.5610559,8926.1218231,5502.0234829,5511.3003111,5566.6698387,3334.1056869,3330.2607449,3359.4519844,4086.3551136,4095.5038127,4056.2875564,1286.827554,1287.5898362,1265.6154351,2799.5275597,2807.9139765,2790.6721213,62.2088305,62.2739973,62.4922682,66.5284807,66.6218609,66.9490974,58.0379162,58.0758877,58.1889459,709.0594194,696.2111127,760.4604413,376.0763305,375.8137753,401.9918744,332.9830889,320.3973374,358.4685669,488.668794,470.0567784,507.3634825,284.0452948,281.8568918,296.875449,204.6234992,188.1998866,210.4880334,220.3906254,226.1543343,253.0969588,92.0310357,93.9568835,105.1164253,128.3595897,132.1974508,147.9805335,5.2016076,5.1067045,5.5334908,5.2488506,5.2380388,5.5567663,5.1492631,4.9608077,5.5076202,5.2405296,5.0480678,5.3783248,4.9091241,4.8653417,5.0630708,5.7824006,5.3489269,5.8961224,5.1173354,5.2330454,5.8731579,6.6744361,6.8008474,7.6686352,4.3840347,4.4963415,5.0356592,13631.5437028,13633.2759813,13742.8698208,7164.9273674,7174.7039226,7234.2771481,6466.6163354,6458.5720587,6508.5926726,65.622242,65.6252868,66.1528289,70.2139036,70.3044344,70.8881884,61.1886824,61.1073034,61.5805698,7031.5551783,2970.9168513,4060.638327,20774.4249991,10205.1939994,10569.2309996
2020-03-01,12922.3459571,12925.8253814,12934.8357905,6783.6962115,6800.2686233,6814.1904705,6138.6497456,6125.556758,6120.64532,8826.0601484,8829.0461477,8809.2009192,5492.5412103,5506.8371412,5504.4169598,3333.518938,3322.2090065,3304.7839594,4096.2858087,4096.7792337,4125.6348713,1291.1550012,1293.4314821,1309.7735107,2805.1308076,2803.3477516,2815.8613606,62.1409912,62.1225712,62.165876,66.407509,66.5340144,66.6702261,58.021563,57.8634337,57.8170391,719.6375855,708.3616105,756.9447892,381.1035203,375.0555096,395.0360307,338.5340653,333.3061009,361.9087585,495.6078152,490.9802976,519.3109298,288.4986814,285.1031025,295.7457465,207.1091339,205.8771952,223.5651833,224.0297703,217.3813129,237.6338594,92.6048389,89.9524072,99.2902842,131.4249314,127.4289057,138.3435752,5.2751683,5.1954811,5.5284613,5.3191092,5.2270184,5.4795897,5.2265626,5.1604455,5.5828113,5.3167289,5.268014,5.5669215,4.9904288,4.922411,5.0989216,5.8495027,5.8353788,6.3362546,5.1854955,5.0387859,5.4462348,6.6922624,6.502346,7.0465429,4.4754789,4.3479569,4.6829376,13641.9835427,13634.1869919,13691.7805797,7164.7997318,7175.324133,7209.2265012,6477.1838109,6458.8628589,6482.5540785,65.6015852,65.5270149,65.8038144,70.1382385,70.2035678,70.5352695,61.2213344,61.0119207,61.2357134,7115.1904189,3011.5134979,4103.676921,20806.9709985,10220.739999,10586.2309995
2020-04-01,12259.1601613,12346.6200882,12347.3395008,6488.6874612,6536.102924,6542.0364546,5770.4727001,5810.5171643,5805.3030462,8507.4487524,8600.3595429,8565.5059086,5334.2712773,5381.0358017,5359.6197891,3173.1774751,3219.3237412,3205.8861196,3751.7114089,3746.2605454,3781.8335922,1154.4161839,1155.0671223,1182.4166655,2597.295225,2591.1934231,2599.4169266,58.9060846,59.3179209,59.3213772,63.4706142,63.9255803,63.9836125,54.4989882,54.8691691,54.8199318,885.2589927,830.6775874,841.841387,463.4151623,458.5114591,457.7429947,421.8438304,372.1661283,384.0983923,657.3778961,619.9074577,628.2273152,370.6929338,365.2550873,363.3467458,286.6849623,254.6523704,264.8805694,227.8810965,210.7701297,213.6140718,92.7222285,93.2563718,94.3962488,135.158868,117.5137579,119.2178229,6.7348658,6.3038539,6.3828178,6.6658274,6.5552071,6.5393917,6.8123751,6.019492,6.2057437,7.172835,6.7233135,6.8332124,6.4977258,6.3563626,6.3489231,8.286022,7.3302856,7.6317596,5.726242,5.326472,5.3464365,7.4347985,7.4705293,7.3931151,4.9464278,4.3383707,4.3852093,13144.4191539,13177.2976756,13189.1808878,6952.1026235,6994.6143831,6999.7794492,6192.3165304,6182.6832926,6189.4014385,63.1598132,63.3088161,63.3659077,68.003618,68.4099973,68.4605137,58.4830746,58.383563,58.447003,7625.1361112,3224.7705501,4400.3655611,20814.3169989,10224.5499993,10589.7669996
2020-05-01,12261.2853646,12049.5361882,12126.678684,6481.1641201,6410.5559501,6438.5862074,5780.1212445,5638.9802381,5688.0924767,8497.8093541,8478.1769689,8483.3259561,5322.3540066,5309.631099,5308.8484208,3175.4553474,3168.5458699,3174.4775353,3763.4760105,3571.3592193,3643.352728,1158.8101135,1100.9248512,1129.7377866,2604.6658971,2470.4343681,2513.6149414,58.8894037,57.870194,58.2406855,63.3678378,62.674304,62.9483484,54.5654193,53.2315832,53.6951993,901.7324823,904.742661,893.9868176,476.4014411,483.554353,474.0923257,425.3310412,421.188308,419.8944919,670.627003,672.1860829,665.0953546,384.1029712,386.9424551,381.5529643,286.5240319,285.2436277,283.5423902,231.1054792,232.5565781,228.8914631,92.2984699,96.6118979,92.5393614,138.8070093,135.9446803,136.3521017,6.8504996,6.9841222,6.8659073,6.8472433,7.0140211,6.8583014,6.8541505,6.9501088,6.8745152,7.3145188,7.3460045,7.270056,6.7310237,6.7925473,6.705203,8.2763067,8.2588597,8.1995592,5.7854741,6.11361,5.9110803,7.3773349,8.0675518,7.5710621,5.0595364,5.2158446,5.1454263,13163.0178469,12954.2788492,13020.6655017,6957.5655611,6894.1103031,6912.6785331,6205.4522857,6060.1685461,6107.9869686,63.2203109,62.215393,62.5342276,68.0257247,67.4018866,67.5834232,58.5806234,57.2075717,57.6589743,7800.9964975,3315.6854665,4485.3110309,20821.6619991,10228.3639996,10593.2979995
2020-06-01,12378.6071374,12277.7234823,12321.3282113,6583.5568768,6501.125528,6513.3704635,5795.0502606,5776.5979543,5807.9577478,8497.2451301,8450.176709,8454.8533111,5316.2584357,5291.6245184,5289.0962713,3180.9866945,3158.5521905,3165.7570398,3881.3620073,3827.5467733,3866.4749001,1267.2984412,1209.5010095,1224.2741922,2614.0635661,2618.0457638,2642.2007079,59.4410263,58.9453107,59.1546569,64.3556767,63.5361182,63.6557891,54.695812,54.5124837,54.8084192,915.1961252,985.2440215,957.4946199,488.3126735,517.489293,504.693671,426.8834518,467.7547285,452.8009489,681.9710788,724.6480701,712.0031077,396.7788298,403.157318,399.163167,285.1922491,321.4907522,312.8399407,233.2250464,260.5959514,245.4915122,91.5338437,114.3319751,105.530504,141.6912027,146.2639763,139.9610082,6.8843814,7.4285338,7.210689,6.9050011,7.3730972,7.1913517,6.860945,7.4908442,7.2323655,7.4295132,7.8982224,7.7671458,6.9451469,7.0794164,7.0173165,8.2278571,9.238126,8.9932793,5.6682492,6.3744338,5.9701731,6.7362135,8.636435,7.9357897,5.1416477,5.2911573,5.0306568,13293.8032626,13262.9675038,13278.8228312,7071.8695503,7018.614821,7018.0641344,6221.9337123,6244.3526828,6260.7586967,63.8357208,63.6754641,63.7515854,69.1290375,68.5935903,68.5882083,58.7248948,58.9265822,59.0814021,7550.1851679,3214.1088651,4336.0763028,20829.007999,10232.1729995,10596.8349995
2020-07-01,12408.9333528,12415.6389731,12413.1757957,6593.4069395,6563.6489028,6562.0194222,5815.5264133,5851.9900703,5851.1563735,8508.969056,8509.0847022,8534.4494815,5319.3434672,5314.6109471,5318.4313364,3189.6255887,3194.4737551,3216.0181451,3899.9642969,3906.5542709,3878.7263141,1274.0634723,1249.0379556,1243.5880857,2625.9008246,2657.5163153,2635.1382284,59.5849572,59.6163153,59.6044878,64.4498885,64.1573729,64.1414453,54.8877062,55.2316147,55.2237462,924.7098691,997.9974227,982.2628854,496.9409183,521.5250285,521.6569869,427.7689507,476.4723942,460.6058985,689.7248304,722.9279634,718.1516686,405.7759846,409.6502554,412.2232207,283.9488457,313.277708,305.928448,234.9850387,275.0694592,264.1112168,91.1649337,111.8747731,109.4337662,143.820105,163.1946862,154.6774505,6.9351628,7.4401705,7.3328161,7.0086959,7.3607936,7.3642125,6.8516533,7.5290388,7.29758,7.4980735,7.8306648,7.7616192,7.0876422,7.1563865,7.1933008,8.1745433,8.9310121,8.6863455,5.6829001,6.5780538,6.3751285,6.6776324,8.2205692,8.0881004,5.1925847,5.7855869,5.5443609,13333.6432219,13413.6363957,13395.4386811,7090.3478579,7085.1739313,7083.676409,6243.295364,6328.4624645,6311.762272,64.0252097,64.4084109,64.3210307,69.3074359,69.2550977,69.2404599,58.9250461,59.7286045,59.5709866,7430.4693183,3146.8685907,4283.6007276,20825.9079994,10230.5449998,10595.3629996
2020-08-01,12547.9348077,12551.9528483,12499.6801063,6615.2647263,6611.9368444,6579.3865953,5932.6700814,5940.0160039,5920.293511,8533.2558695,8542.4968183,8475.745027,5332.5874798,5331.9713097,5297.4860935,3200.6683897,3210.5255087,3178.2589335,4014.6789383,4009.45603,4023.9350793,1282.6772465,1279.9655347,1281.9005018,2732.0016917,2729.4904952,2742.0345775,60.2555418,60.2798425,60.0288064,64.6670715,64.6396568,64.3214389,55.99606,56.0702277,55.8840591,928.843155,915.2904435,914.6506642,500.2748869,492.3914306,495.3515815,428.5682681,422.8990129,419.2990827,691.8684806,678.676866,678.121371,408.8950715,401.6320379,405.4510595,282.9734091,277.0448281,272.6703114,236.9746744,236.6135775,236.5292933,91.3798154,90.7593927,89.900522,145.5948589,145.8541848,146.6287713,6.8921752,6.7964202,6.8184592,7.0307371,6.9308654,7.0016949,6.737183,6.6463093,6.6139752,7.4998282,7.3599835,7.4080322,7.1217681,7.0048801,7.109513,8.1229192,7.9437775,7.9013591,5.573706,5.5725318,5.5517256,6.6503654,6.6212696,6.5534666,5.0595994,5.0725809,5.0760076,13476.7779627,13467.2432918,13414.3307706,7115.5396133,7104.328275,7074.7381768,6361.2383495,6362.9150168,6339.5925937,64.7158732,64.6754584,64.4213499,69.5574747,69.4533769,69.164098,60.0411415,60.0621436,59.8419937,7408.4722285,3154.1788225,4254.293406,20822.802999,10228.9169993,10593.8859997
2020-09-01,12605.0865865,12519.2591499,12497.6805057,6646.6872512,6586.8485179,6573.9997853,5958.3993353,5932.410632,5923.6807204,8568.2402599,8508.9028778,8459.637887,5354.0100419,5296.3280024,5268.4170145,3214.230218,3212.5748753,3191.2208725,4036.8463266,4010.3562721,4038.0426186,1292.6772093,1290.5205154,1305.5827708,2744.1691173,2719.8357567,2732.4598478,60.5346313,60.1317855,60.0281402,64.9797411,64.4045756,64.2789439,56.2427435,56.0062723,55.9238556,926.1569923,932.6376239,900.834959,497.415707,509.2852853,500.5160364,428.7412853,423.3523386,400.3189226,687.2578101,697.377975,668.5102388,405.4189472,418.2507586,410.4253155,281.838863,279.1272164,258.0849233,238.8991821,235.2596489,232.3247202,91.9967598,91.0345267,90.0907209,146.9024223,144.2251222,142.2339993,6.8445815,6.933131,6.7233938,6.9626055,7.1769403,7.0749158,6.71257,6.6609208,6.3301541,7.4254006,7.5750239,7.323613,7.0392212,7.3190129,7.2272708,8.0615931,7.9940158,7.482228,5.5873106,5.5412372,5.4403919,6.6439293,6.5892798,6.4549998,5.0812448,5.0356863,4.9477964,13531.2435788,13451.8967738,13398.5154647,7144.1029582,7096.1338032,7074.5158218,6387.1406206,6355.7629707,6323.999643,64.9824049,64.6113769,64.3549789,69.8426062,69.3842412,69.1728659,60.2897341,60.0030264,59.7031575,7421.1875337,3152.783177,4268.4043567,20819.7029985,10227.2989988,10592.4039997
2020-10-01,12665.1672118,12657.5589164,12651.0744428,6682.0558252,6684.842179,6679.1389337,5983.1113866,5972.7167374,5971.9355091,8609.9515918,8590.3660653,8547.374199,5378.9863666,5380.5581934,5363.7310976,3230.9652252,3209.8078719,3183.6431014,4055.21562,4067.1928511,4103.7002438,1303.0694586,1304.2839856,1315.4078362,2752.1461614,2762.9088655,2788.2924076,60.8259739,60.7914981,60.7603546,65.3290562,65.3584709,65.3027096,56.4781298,56.3820273,56.3746526,917.0414467,945.2948748,902.5405101,489.5028822,496.8104498,474.1345268,427.5385646,448.484425,428.4059832,676.6718734,669.8012807,633.3605707,396.5134488,391.2006782,372.3518509,280.1584246,278.6006025,261.0087199,240.3695733,275.4935941,269.1799393,92.9894333,105.6097716,101.7826759,147.38014,169.8838225,167.3972634,6.7517844,6.9492394,6.659039,6.8256135,6.9177733,6.6282175,6.6691922,6.9844319,6.6934863,7.2865221,7.2331445,6.8988004,6.8654396,6.7778417,6.4913959,7.9791671,7.9864673,7.5772163,5.5957352,6.3438518,6.1556669,6.6608532,7.4906191,7.1820038,5.0829041,5.7925616,5.6635602,13582.2086585,13602.8537912,13553.6149529,7171.5587073,7181.6526288,7153.2734606,6410.6499512,6421.2011624,6400.3414923,65.2301747,65.3315435,65.09506,70.1148231,70.2158438,69.9383774,60.5139194,60.6156889,60.418775,7267.6500459,3074.6925386,4192.9575073,20821.2649988,10227.9659992,10593.2989996
2020-11-01,12738.5571251,12743.5859604,12802.8917322,6715.4618771,6721.3514046,6753.182817,6023.095248,6022.2345558,6049.7089152,8670.0589623,8662.0787408,8695.592737,5402.8485915,5406.3454484,5434.5710793,3267.2103708,3255.7332924,3261.0216577,4068.4981628,4081.5072196,4107.2989952,1312.6132856,1315.0059562,1318.6117377,2755.8848772,2766.5012634,2788.6872575,61.1769088,61.2000731,61.4848844,65.6541183,65.7111277,66.0223267,56.854022,56.8446748,57.1040089,903.5277373,931.252904,865.6893288,478.8286382,470.1152211,440.8967772,424.6990991,461.1376829,424.7925516,662.1590704,663.846601,621.61159,384.3875065,378.1931973,356.7022195,277.7715639,285.6534037,264.9093706,241.3686669,267.406303,244.0777388,94.4411317,91.9220238,84.1945577,146.9275352,175.4842793,159.8831811,6.6230913,6.8099735,6.333425,6.6556756,6.5371258,6.1286058,6.5867346,7.1126208,6.5610079,7.0954093,7.118292,6.6716535,6.6419876,6.538001,6.1593056,7.8356271,8.0661455,7.5131751,5.6003741,6.1488071,5.6092072,6.7119744,6.5335273,6.0018663,5.061558,5.9648247,5.4223965,13642.0848624,13674.8388644,13668.581061,7194.2905153,7191.4666257,7194.0795942,6447.7943471,6483.3722387,6474.5014668,65.5160999,65.6723422,65.6422896,70.3354154,70.3071976,70.3327433,60.8628997,61.1974148,61.1136824,7154.2469377,3034.5554051,4119.6915326,20822.8279987,10228.6349993,10594.1929994
2020-12-01,12788.600018,12804.5235969,12908.7668774,6744.0603641,6742.6380876,6786.0870989,6044.5396539,6061.8855093,6122.6797784,8710.5797754,8711.4001561,8833.881776,5423.2762711,5418.1595628,5480.792116,3287.3035043,3293.2405933,3353.0896599,4078.0202426,4093.1234408,4074.8851014,1320.784093,1324.4785249,1305.2949829,2757.2361497,2768.6449159,2769.5901185,61.4083359,61.4881089,61.9886915,65.923491,65.9149833,66.3397341,57.0487209,57.2140741,57.7878705,880.2316944,898.1741386,859.8137029,466.995959,477.5062805,465.416204,413.2357353,420.6678581,394.3974989,638.8194176,646.426619,618.0377451,371.0904067,377.8098643,363.1522072,267.7290109,268.6167546,254.8855379,241.4122768,251.7475196,241.7759578,95.9055523,99.6964161,102.2639969,145.5067245,152.0511035,139.511961,6.4396996,6.5547249,6.2447519,6.4761103,6.6135282,6.418203,6.3990416,6.4892309,6.0517542,6.8327323,6.9078712,6.5387538,6.4043307,6.5184931,6.2141627,7.5309863,7.5414799,7.0645036,5.5889813,5.7941311,5.6009947,6.7696939,7.0002928,7.2653436,5.0127321,5.2059887,4.7957052,13668.8317124,13702.6977355,13768.5805803,7211.0563231,7220.1443681,7251.5033029,6457.7753893,6482.5533674,6517.0772773,65.635035,65.8011963,66.1175697,70.4883974,70.5830105,70.8895706,60.9488641,61.1844761,61.5103241,7055.809419,2977.7916967,4078.0177224,20824.3899993,10229.2949996,10595.0949997
2021-01-01,12832.5443791,12842.8925649,12647.5668713,6767.0199175,6784.4713955,6690.0406773,6065.5244616,6058.4211694,5957.526194,8746.9908539,8770.8661267,8704.6379764,5440.0938413,5456.0721257,5406.6709898,3306.8970125,3314.794001,3297.9669867,4085.5535252,4072.0264382,3942.9288948,1326.9260762,1328.3992698,1283.3696875,2758.627449,2743.6271684,2659.5592073,61.6031849,61.6536833,60.7160013,66.1289546,66.3009364,65.3781166,57.233156,57.1664902,56.2144581,860.4010445,859.1052478,923.5091528,454.6353505,456.9030633,494.7895177,405.7656941,402.2021845,428.7196351,619.9906209,602.2649562,656.5416666,357.4236827,344.5032065,375.5861668,262.5669382,257.7617496,280.9554998,240.4104236,256.8402916,266.9674862,97.2116678,112.3998568,119.2033509,143.1987559,144.4404348,147.7641353,6.2835352,6.2699269,6.8049811,6.2954452,6.309618,6.8865861,6.2702442,6.2254393,6.7131715,6.6188945,6.4254405,7.0134501,6.165116,5.9391213,6.495494,7.3559207,7.2150518,7.8502818,5.5573839,5.9331993,6.3414265,6.8260018,7.8012163,8.4989051,4.9347806,5.001283,5.2635239,13692.9454236,13701.9978128,13571.0760241,7221.655268,7241.3744589,7184.830195,6471.2901556,6460.6233539,6386.2458291,65.7335773,65.7779101,65.1494061,70.5717612,70.7660007,70.2134245,61.0618853,60.9616188,60.2598019,7259.6219749,3048.0138045,4211.6081704,20830.697999,10232.8439995,10597.8539995
2021-02-01,12872.7503036,12891.2196225,12949.5536054,6784.7137584,6770.321864,6812.6752083,6088.0365451,6120.8977586,6136.8783971,8779.2213873,8826.5473386,8920.2838368,5453.6350236,5449.0768384,5512.4997355,3325.5863637,3377.4705002,3407.7841012,4093.5289163,4064.6722839,4029.2697686,1331.0787348,1321.2450255,1300.1754727,2762.4501814,2743.4272584,2729.0942959,61.7745939,61.8669537,62.1469075,66.2760101,66.1396961,66.5534485,57.4277616,57.741012,57.8917641,803.1706385,799.7638058,870.8068673,442.1548383,438.3442517,467.8186788,361.0158001,361.4195541,402.9881886,564.8460634,569.5212539,612.3826533,343.855139,342.1802469,359.9370883,220.9909245,227.341007,252.445565,238.324575,230.2425519,258.424214,98.2996994,96.1640049,107.8815905,140.0248756,134.0785471,150.5426236,5.8728816,5.8415366,6.3008984,6.1182078,6.0807956,6.4256448,5.5979667,5.5754684,6.1620246,6.0449699,6.0612718,6.4240436,5.9311034,5.908566,6.1292628,6.2311041,6.306599,6.896987,5.5016767,5.3608176,6.0271142,6.8770941,6.7844922,7.6617343,4.8243266,4.6595405,5.2278335,13675.920942,13690.9834283,13820.3604727,7226.8685968,7208.6661157,7280.493887,6449.0523452,6482.3173126,6539.8665857,65.6289016,65.7051437,66.3260442,70.5951693,70.4219084,71.1235983,60.8331829,61.1504352,61.6933218,7016.6435257,2955.903112,4060.7404137,20837.0039984,10236.3969991,10600.6069994
2021-03-01,12910.3327401,12954.4216112,12970.5502503,6798.3529256,6789.977496,6805.9011772,6111.9798144,6164.4441153,6164.649073,8807.2575792,8796.6762672,8779.3518954,5464.9595634,5449.3820899,5447.4581827,3342.2980158,3347.2941774,3331.8937127,4103.0751608,4157.745344,4191.1983549,1333.3933622,1340.5954061,1358.4429945,2769.6817986,2817.1499379,2832.7553603,61.9315664,62.1514547,62.2288351,66.380671,66.3087625,66.4642681,57.6347749,58.1366391,58.1385721,769.4287403,778.0057319,828.4662451,419.1651656,425.9768545,446.8480192,350.2635746,352.0288774,381.6182259,533.6702701,538.7682519,568.3616475,320.1150185,322.7983261,333.2009525,213.5552516,215.9699258,235.1606951,235.7584702,239.2374799,260.1045976,99.0501471,103.1785284,113.6470668,136.7083231,136.0589516,146.4575308,5.6245772,5.665464,6.0038065,5.8076081,5.9032643,6.1610847,5.4201545,5.4021382,5.8295546,5.7132469,5.7712115,6.0802211,5.533464,5.5923118,5.764065,6.0057386,6.0610137,6.5925738,5.4336831,5.4409464,5.8433362,6.9147681,7.1464463,7.7201164,4.7037155,4.6071564,4.9159807,13679.7614803,13732.4273431,13799.0164954,7217.5180913,7215.9543505,7252.7491964,6462.2433891,6516.4729927,6546.2672989,65.6225578,65.8840944,66.2035693,70.4734954,70.4687171,70.8280439,60.937692,61.4566102,61.7375991,7044.2955033,2987.190803,4057.1047003,20843.3119987,10239.9399994,10603.3719993
2021-04-01,12945.1181955,12946.6713012,12947.465638,6808.4116091,6805.4531957,6813.7348491,6136.7065863,6141.2181055,6133.7307889,8831.4108184,8820.6747237,8785.4438805,5474.3768912,5474.0655449,5451.6957898,3357.0339272,3346.6091788,3333.7480906,4113.7073771,4125.9965776,4162.0217575,1334.034718,1331.3876509,1362.0390593,2779.6726591,2794.6089267,2799.9826983,62.0755832,62.0848837,62.0886929,66.4504216,66.4236844,66.5045163,57.8499124,57.894205,57.8236209,744.4377907,749.8508523,762.1959336,405.1239095,407.8346109,410.0602648,339.3138811,342.0162414,352.1356688,511.556785,513.1331245,522.5384208,306.0830881,307.1347934,307.6807075,205.4736969,205.9983312,214.8577134,232.8810057,236.7177278,239.6575128,99.0408214,100.6998176,102.3795573,133.8401842,136.0179102,137.2779554,5.4379981,5.4747537,5.5595532,5.616163,5.6539351,5.6765213,5.2395431,5.2753953,5.4292772,5.4753137,5.4975754,5.6138742,5.2951338,5.3126475,5.3422572,5.7676704,5.7985108,6.0547078,5.3577883,5.4259278,5.4446837,6.9110678,7.0316807,6.9911401,4.5937736,4.6412566,4.6736729,13689.5559861,13696.5221535,13709.6615716,7213.5355187,7213.2878067,7223.7951139,6476.0204675,6483.2343469,6485.8664577,65.6453776,65.6807425,65.7437517,70.4044502,70.4042977,70.5068528,61.048579,61.1184445,61.1432578,7143.5164278,3021.7268858,4121.789542,20853.1779994,10245.5219997,10607.6559997
2021-05-01,12977.1086404,13033.6540061,13123.7623817,6815.7432992,6831.1234699,6865.1641878,6161.3653411,6202.5305362,6258.5981939,8853.5292887,8897.8866364,8905.1643311,5482.64305,5490.7213636,5490.7166768,3370.8862387,3407.1652727,3414.4476543,4123.5793517,4135.7673697,4218.5980506,1333.1002493,1340.4021063,1374.447511,2790.4791024,2795.3652635,2844.1505396,62.2077082,62.4724316,62.9043357,66.4951871,66.6379296,66.9699984,58.0657667,58.4485741,58.9769189,718.9737206,701.3296625,692.7251367,389.7001967,387.8711776,379.9316113,329.2735239,313.4584849,312.7935254,489.403303,486.8010091,481.9556684,291.8838217,293.5329828,289.7239743,197.5194814,193.2680263,192.2316941,229.5704175,214.5286533,210.7694683,97.816375,94.3381947,90.207637,131.7540425,120.1904586,120.5618313,5.2494845,5.1061558,5.0137572,5.4084137,5.3729251,5.2439833,5.0730526,4.8106049,4.7599282,5.2382194,5.1871839,5.1342229,5.0546794,5.0746901,5.0121434,5.5352305,5.3679102,5.3298804,5.2736623,4.9313576,4.7584552,6.8359241,6.5752802,6.1589677,4.5086766,4.1223859,4.0665608,13696.0823609,13734.9836685,13816.4875184,7205.4434959,7218.9946475,7245.095799,6490.638865,6515.9890211,6571.3917194,65.6542161,65.8340191,66.2246804,70.2971477,70.4216312,70.6762491,61.168897,61.402401,61.9244796,7046.5614806,3006.0082002,4040.5532803,20863.048999,10251.1039993,10611.9449997
2021-06-01,13005.2288881,13057.7436426,13103.8215936,6821.5068572,6863.6149122,6876.9226325,6183.7220309,6194.1287304,6226.8989611,8875.3865961,8935.6149206,8942.8042797,5490.7888749,5539.8767079,5538.3607552,3384.5977211,3395.7382127,3404.4435244,4129.842292,4122.128722,4161.0173139,1330.7179822,1323.7382043,1338.5618773,2799.1243098,2798.3905177,2822.4554366,62.3208876,62.5583137,62.7790684,66.5246138,66.918355,67.0481016,58.2592552,58.345924,58.6546049,695.356192,691.3137051,670.3145486,374.515215,377.1891293,366.7824478,320.840977,314.1245759,303.5321008,469.278178,466.3702572,458.2717727,278.9429594,277.6620624,274.5721502,190.3352185,188.7081948,183.6996225,226.078014,224.9434479,212.0427759,95.5722555,99.5270669,92.2102975,130.5057585,125.416381,119.8324783,5.0753759,5.0280807,4.8664725,5.2044756,5.2092161,5.0634647,4.9325524,4.8265573,4.6479642,5.0218835,4.9603381,4.8746736,4.8345914,4.7728442,4.7234701,5.3241619,5.2646399,5.1196292,5.190132,5.1745966,4.848842,6.7007579,6.9928684,6.4447925,4.4546839,4.2894892,4.0727652,13700.58508,13749.0573477,13774.1361422,7196.0220721,7240.8040414,7243.7050803,6504.5630079,6508.2533063,6530.4310619,65.6530255,65.8703269,65.9904769,70.1769564,70.5958451,70.6241294,61.282023,61.304837,61.5137416,7098.7788569,3012.9949191,4085.7839378,20872.9149991,10256.6999994,10616.2149997
2021-07-01,13029.6031536,13084.1398545,13079.5664018,6827.991229,6886.0845489,6882.5967457,6201.6119246,6198.0553056,6196.969656,8898.3419812,8944.4255376,8974.2977118,5500.1416684,5552.5466901,5557.4237194,3398.2003128,3391.8788475,3416.8739923,4131.2611724,4139.7143169,4105.26869,1327.8495606,1333.5378588,1325.1730263,2803.4116118,2806.1764581,2780.0956637,62.4135688,62.6645705,62.6426666,66.5587695,67.1142443,67.0802509,58.4080031,58.3653892,58.3551659,666.8413955,649.2226598,638.347492,352.5963948,337.6740741,337.8016301,314.2450007,311.5485857,300.5458619,444.4100734,443.1786302,441.355319,259.7903067,261.1084542,262.8921366,184.6197666,182.0701759,178.4631823,222.4313222,206.0440297,196.992173,92.8060881,76.5656199,74.9094935,129.6252341,129.4784098,122.0826796,4.868719,4.7273394,4.6533861,4.9104114,4.6744928,4.6784348,4.8227732,4.7859838,4.6255505,4.7567362,4.7208917,4.6874637,4.5103016,4.4912959,4.5168019,5.1529176,5.0943697,4.9637398,5.1090269,4.7412675,4.5788059,6.5326237,5.4297873,5.3503627,4.4194888,4.410546,4.2065878,13696.4445491,13733.3625143,13717.9138938,7180.5876239,7223.758623,7220.3983758,6515.8569252,6509.6038913,6497.5155179,65.6078296,65.7739273,65.6999384,69.9958539,70.4053366,70.3725865,61.3676245,61.2991569,61.185324,7161.7311051,3039.8446237,4121.8864814,20879.6449989,10260.2429995,10619.4019993
2021-08-01,13052.9828292,12951.9077665,12895.7664606,6837.4678463,6815.9302926,6781.8246465,6215.5149829,6135.9774739,6113.9418141,8923.6017124,8903.9125831,8831.8891854,5511.8433511,5513.8747054,5477.0868852,3411.7583613,3390.0378777,3354.8023002,4129.3811168,4047.9951834,4063.8772752,1325.6244952,1302.0555872,1304.7377613,2803.7566216,2745.9395962,2759.1395139,62.4957545,62.0112736,61.7424797,66.6162444,66.4075708,66.0752797,58.5137304,57.7634729,57.5560314,649.9522418,621.1060785,620.7742991,340.4218656,335.8080479,337.3318358,309.5303762,285.2980305,283.4424633,431.5211867,411.9585071,412.3482556,250.5324835,244.3709185,247.0833692,180.9887031,167.5875886,165.2648864,218.4310552,209.1475713,208.4260435,89.8893821,91.4371294,90.2484666,128.5416731,117.7104419,118.1775769,4.7431608,4.5760366,4.592701,4.7426455,4.6954745,4.738368,4.7437276,4.4430118,4.4305993,4.6126726,4.4221147,4.4605978,4.347729,4.2438433,4.3164923,5.0376133,4.7106586,4.6949356,5.0239303,4.9128625,4.8785404,6.3503003,6.5617228,6.469488,4.3836493,4.1105037,4.1072142,13702.9350711,13573.013845,13516.5407598,7177.889712,7151.7383405,7119.1564823,6525.0453591,6421.2755045,6397.3842775,65.6076298,64.9850115,64.7146291,69.9329146,69.6793467,69.3619019,61.4276928,60.4492398,60.2243302,7369.8352509,3144.628524,4225.2067268,20886.3760106,10263.7850063,10622.5910043
2021-09-01,13080.738728,12826.6580534,12798.4796288,6851.1551007,6767.2213213,6752.0171065,6229.5836274,6059.4367321,6046.4625223,8953.2164853,8934.1993529,8881.0546478,5526.9375437,5517.3617955,5487.2188942,3426.2789415,3416.8375574,3393.8357535,4127.5222428,3892.4587005,3917.424981,1324.2175569,1249.8595258,1264.7982122,2803.3046858,2642.5991747,2652.6267688,62.5900277,61.3918201,61.2569506,66.7054112,65.9102413,65.7621579,58.6127074,57.0258225,56.9037212,637.4544411,634.0060556,612.1168244,330.7161254,324.0813646,316.7680312,306.7383156,309.924691,295.3487932,422.5103074,424.3998334,404.6185558,243.164346,241.2063469,235.4455693,179.3459614,183.1934864,169.1729866,214.9441336,209.6062222,207.4982686,87.5517794,82.8750176,81.3224619,127.3923542,126.7312046,126.1758066,4.6467813,4.7100652,4.5644265,4.6048741,4.5701245,4.4812231,4.6928275,4.8658676,4.6571678,4.5064273,4.5348649,4.3574499,4.2142123,4.1886514,4.1142648,4.9740604,5.0886641,4.7480374,4.9498169,5.1097734,5.0303547,6.201564,6.218419,6.041246,4.3468278,4.57624,4.5406539,13718.1931691,13460.664109,13410.5964532,7181.8712261,7091.3026859,7068.7851377,6536.321943,6369.3614231,6341.8113155,65.6401835,64.4263429,64.1867057,69.9253872,69.0666744,68.8473618,61.4987371,59.9425475,59.6832713,7482.5095434,3198.5438602,4283.9656832,20893.1059966,10267.3289979,10625.7769987
2021-10-01,13117.8658003,12777.578033,12767.1303123,6869.977946,6754.1254887,6747.210952,6247.8878543,6023.4525443,6019.9193603,8989.1653153,8898.7500219,8852.3077705,5546.2050931,5498.428429,5480.6103719,3442.9602221,3400.3215929,3371.6973986,4128.700485,3878.8280111,3914.8225418,1323.7728529,1255.6970597,1266.6005802,2804.9276322,2623.1309514,2648.2219616,62.7155217,61.0927823,61.0428292,66.8302563,65.7093952,65.6421252,58.7386645,56.6313288,56.5981105,635.0716407,706.068359,676.8826827,329.494395,364.4455643,348.4705611,305.5772457,341.6227947,328.4121216,422.4604446,454.5060403,429.6021741,243.5354657,255.4697684,242.7682218,178.9249789,199.0362719,186.8339524,212.6111961,251.5623187,247.2805085,85.9589293,108.9757959,105.7023393,126.6522668,142.5865228,141.5781692,4.6177163,5.2364794,5.0348262,4.5766464,5.119645,4.9110231,4.6628347,5.3671446,5.1732037,4.4887085,4.8593349,4.6283812,4.2063278,4.4399424,4.2416943,4.9401063,5.5297717,5.2503107,4.8973953,6.0905217,5.9412395,6.0975379,7.9854886,7.7025515,4.3202734,5.1554985,5.0748499,13752.9374411,13483.646392,13444.012995,7199.472341,7118.571053,7095.6815131,6553.4651001,6365.075339,6348.3314819,65.751751,64.468671,64.2791738,70.0355352,69.2550056,69.0323183,61.6115072,59.8431999,59.6857774,7471.0240107,3183.1004906,4287.9235201,20915.0370057,10278.7820037,10636.255002
2021-11-01,13164.6865884,13145.9807482,13206.2220014,6892.6056397,6888.1234756,6924.7471121,6272.0809487,6257.8572726,6281.4748892,9032.658409,9022.9176862,9056.6140822,5569.6258493,5564.0141913,5595.2541486,3463.0325597,3458.9034949,3461.3599336,4132.0281794,4123.063062,4149.6079192,1322.9797904,1324.1092844,1329.4929636,2809.048389,2798.9537777,2820.1149556,62.8698199,62.7883721,63.0760988,66.9738604,66.9385898,67.2944973,58.9031673,58.7771378,58.9989671,628.4549922,638.5117133,591.5212548,322.7787516,332.6670506,310.6603646,305.6762406,305.8446628,280.8608902,417.4863649,420.515694,392.6501775,238.0957071,242.5184126,227.7654501,179.3906578,177.9972814,164.8847274,210.9686273,217.9960193,198.8710773,84.6830445,90.1486379,82.8949145,126.2855828,127.8473814,115.9761628,4.5562861,4.6321017,4.287087,4.4734796,4.6070724,4.2936126,4.6471196,4.6596367,4.2798921,4.4177775,4.4529958,4.1553519,4.0996405,4.1766477,3.9114663,4.9250361,4.8942023,4.546983,4.857674,5.0217243,4.573348,6.0158614,6.3742714,5.8691324,4.302256,4.3681608,3.9500192,13793.1415806,13784.4924615,13797.7432562,7215.3843913,7220.7905262,7235.4074768,6577.7571893,6563.7019353,6562.3357794,65.8710955,65.8380579,65.9013469,70.1102272,70.1714388,70.3134859,61.7738731,61.6497942,61.6369625,7139.2237615,3054.8055342,4084.4182273,20936.9670177,10290.213011,10646.7540067
2021-12-01,13218.8023045,13227.3558245,13353.3861529,6917.2066304,6942.810527,7005.1165757,6301.5956741,6284.5452975,6348.2695771,9083.3336395,9085.3218266,9225.5146516,5596.229427,5598.0138737,5678.4504289,3487.1042125,3487.307953,3547.0642227,4135.468665,4142.0339979,4127.8715012,1320.9772034,1344.7966533,1326.6661468,2814.4914616,2797.2373446,2801.2053544,63.0390089,63.1109318,63.7122532,67.1161151,67.3950134,67.9998285,59.0982693,58.969782,59.5677261,594.1830818,581.0598871,556.562766,316.6998603,308.4281228,300.9470158,277.4832214,272.6317642,255.6157502,384.460683,381.5109287,365.4258419,233.2898051,228.8800871,220.0200499,151.1708778,152.6308416,145.405792,209.7223988,199.5489584,191.1369241,83.4100552,79.5480358,80.9269659,126.3123436,120.0009226,110.2099582,4.3016268,4.2080127,4.0011848,4.3779922,4.2534543,4.1191404,4.2176606,4.1577612,3.8706873,4.0607207,4.0299743,3.8101148,4.0018704,3.9279947,3.7301204,4.1550151,4.1932255,3.9379004,4.8265403,4.5962259,4.4254816,5.9392489,5.5848866,5.7493153,4.2951639,4.1135112,3.7854427,13812.9853863,13808.4157115,13909.9489188,7233.9064907,7251.2386498,7306.0635915,6579.0788956,6557.1770617,6603.8853273,65.8726024,65.8833099,66.3677495,70.1889832,70.3889763,70.9211711,61.7005908,61.527968,61.9662457,7048.9490771,2995.6044059,4053.3446713,20958.897996,10301.6679974,10657.2299986
2022-01-01,13276.8104952,13300.7272467,13081.1863007,6942.1911366,6937.5315866,6842.254128,6334.6193586,6363.1956601,6238.9321727,9139.4104233,9134.4483453,9040.7388843,5625.2051933,5621.2039139,5571.2365326,3514.20523,3513.2444314,3469.5023518,4137.4000719,4166.2789014,4040.4474164,1316.9859432,1316.3276727,1271.0175954,2820.4141287,2849.9512287,2769.4298209,63.2099682,63.3276773,62.2823947,67.2451406,67.203201,66.2802574,59.3096611,59.5815549,58.4180182,564.6160944,577.1280943,621.7461565,310.9631369,310.0808632,337.0408357,253.6529575,267.0472312,284.7053208,381.1916867,393.0944484,429.9371577,229.2268573,228.1538294,250.1470315,151.9648293,164.940619,179.7901262,183.4244078,184.0336459,191.8089989,81.7362795,81.9270338,86.8938042,101.6881282,102.1066122,104.9151946,4.0791756,4.158626,4.5373219,4.2872814,4.2783864,4.694623,3.8500679,4.0277142,4.3642112,4.0038611,4.1258744,4.539667,3.9154414,3.9004937,4.2970374,4.1450567,4.4842937,4.9267119,4.2451252,4.2303546,4.5320741,5.8436392,5.8592353,6.3990776,3.4799647,3.4588283,3.6500557,13841.4265896,13877.855341,13702.9324572,7253.1542734,7247.6124498,7179.2949637,6588.2723162,6630.2428913,6523.6374935,65.898066,66.0755106,65.2426644,70.2572674,70.2069244,69.5451395,61.6845585,62.0820421,61.0838462,7300.091525,3143.921025,4156.1705001,21003.0239823,10323.2159887,10679.8079936
2022-02-01,13346.9095407,13360.0462536,13441.2640219,6978.6982535,6975.2041129,7018.6660555,6368.2112872,6384.8421406,6422.5979664,9209.0704578,9215.4008517,9328.8909813,5666.4304652,5669.819963,5732.7503123,3542.6399926,3545.5808887,3596.140669,4137.8390829,4144.6454018,4112.3730406,1312.2677883,1305.3841499,1285.9157432,2825.5712946,2839.2612519,2826.4572974,63.4276935,63.4767415,63.8626263,67.4750537,67.4274788,67.8476141,59.5155532,59.6580295,60.0108085,558.6801051,560.5128248,612.3525741,304.7702605,304.0552777,326.1355771,253.9098446,256.4575471,286.216997,377.8358897,372.544716,400.4659911,225.4285552,220.3415052,231.7191227,152.4073345,152.2032108,168.7468684,180.8442154,187.9681088,211.8865831,79.3417053,83.7137725,94.4164545,101.5025101,104.2543363,117.4701286,4.0176657,4.0265109,4.3572597,4.184411,4.1770084,4.4403592,3.8342676,3.8615566,4.2662825,3.941166,3.8855531,4.1160582,3.8261023,3.7408398,3.8849914,4.1246382,4.1160654,4.4821224,4.187485,4.3384463,4.8999505,5.7014346,6.0264846,6.8401255,3.4677127,3.5418306,3.9902522,13905.5896458,13920.5590784,14053.6165961,7283.468514,7279.2593906,7344.8016326,6622.1211317,6641.2996878,6708.8149634,66.0826744,66.1398705,66.7720583,70.4217909,70.3667019,71.0002816,61.8885248,62.0542911,62.6851334,6993.5353957,2999.9483627,3993.587033,21047.1519918,10344.7499953,10702.4019964
2022-03-01,13406.6373101,13391.6825682,13412.7876666,7005.8061419,6993.1006805,7009.3604118,6400.8311682,6398.5818878,6403.4272548,9268.5803574,9239.9753236,9224.4840083,5697.3032913,5673.5249759,5672.0504815,3571.2770661,3566.4503477,3552.4335268,4138.0569527,4151.7072446,4188.3036584,1308.5028506,1319.5757045,1337.3099303,2829.554102,2832.13154,2850.9937281,63.5924234,63.4939361,63.5940016,67.6105078,67.4600074,67.6168594,59.7085758,59.6605095,59.7056878,550.5089559,554.0999491,589.8819731,297.6462091,307.3444399,323.145196,252.8627468,246.7555092,266.7367771,373.3938108,385.4339939,407.1300482,221.1226265,231.247339,239.28205,152.2711843,154.1866549,167.8479982,177.1151452,168.6659552,182.7519249,76.5235826,76.0971009,83.863146,100.5915626,92.5688543,98.8887789,3.9442802,3.9732439,4.2126394,4.075418,4.2099411,4.4070228,3.8003363,3.7132127,3.9989538,3.8725867,4.0043387,4.2270179,3.7361729,3.9162787,4.047853,4.0894108,4.1440929,4.5117015,4.1044747,3.9039673,4.1809563,5.525063,5.4523597,5.9009805,3.4329885,3.1650714,3.3522955,13957.146266,13945.7825174,14002.6696397,7303.452351,7300.4451204,7332.5056078,6653.693915,6645.337397,6670.1640319,66.2036821,66.1210881,66.3908068,70.482984,70.4248522,70.7341286,62.0673436,61.9612629,62.192747,7088.6083645,3033.7853949,4054.8229696,21091.2780042,10366.2910027,10724.9870015
2022-04-01,13466.0188874,13446.1148962,13444.6954615,7034.9329318,7027.5830584,7033.0819815,6431.0859556,6418.5318378,6411.61348,9326.07132,9339.7253667,9303.5035857,5726.8618333,5736.5028008,5712.8291146,3599.2094866,3603.222566,3590.6744711,4139.9475674,4106.3895295,4141.1918758,1308.0710985,1291.0802576,1320.2528669,2831.8764689,2815.3092718,2820.9390089,63.7556689,63.6503836,63.6436644,67.765482,67.6832638,67.7362244,59.8797789,59.7522344,59.6878291,539.9626189,540.2876001,549.3392761,289.9076085,290.0233857,292.2106413,250.0550103,250.2642143,257.1286348,367.2495145,375.2353986,383.0083369,215.9383918,222.1219874,223.1685477,151.3111227,153.1134112,159.8397891,172.7131043,165.0522015,166.3309393,73.9692167,67.9013983,69.0420936,98.7438876,97.1508032,97.2888457,3.8552287,3.862949,3.9255246,3.9578692,3.9633641,3.9890644,3.7426992,3.7527646,3.8557292,3.7886863,3.8624489,3.9540377,3.6336135,3.7277391,3.7595794,4.0344032,4.0761373,4.2618099,4.0047923,3.8640865,3.8614059,5.352175,4.9964912,4.9695778,3.3693852,3.3356956,3.3338331,14005.9815062,13986.4024963,13994.0347376,7324.8405404,7317.6064441,7325.2926228,6681.1409659,6668.7960522,6668.7421148,66.312154,66.2079635,66.2440925,70.5580785,70.4765042,70.5505305,62.2080386,62.0820267,62.0815245,7130.9202666,3057.7513799,4073.1688867,21124.9550043,10383.0440027,10741.9110016
2022-05-01,13522.3849116,13480.4172236,13572.3459726,7065.5024196,7062.6961461,7096.2571468,6456.882492,6417.7210775,6476.0888259,9379.0229442,9382.6005051,9395.2509378,5753.8593776,5754.7202388,5755.9029251,3625.1635665,3627.8802663,3639.3480127,4143.3619674,4097.8167185,4177.0950348,1311.643042,1307.9759073,1340.3542216,2831.7189255,2789.8408112,2836.7408132,63.9046931,63.7112007,64.1456747,67.933836,67.9118328,68.2345409,60.0100246,59.6507452,60.1932555,527.6650773,552.1831405,545.7830427,281.5357221,296.896448,291.1572172,246.1293551,255.2866925,254.6258255,359.1646552,362.9561679,359.997735,209.3087187,213.5035508,211.4624703,149.8559365,149.452617,148.5352647,168.500422,189.2269727,185.7853077,72.2270034,83.3928972,79.6947469,96.2734186,105.8340755,106.0905608,3.75561,3.9350023,3.8658312,3.8319622,4.0341424,3.9412601,3.6719218,3.8256616,3.7830429,3.6882084,3.7243246,3.6902979,3.5100255,3.5773382,3.5436488,3.9696732,3.9565646,3.9213263,3.9078339,4.4139269,4.2583177,5.2192042,5.9935868,5.6121126,3.2880352,3.6549019,3.6050506,14050.0499889,14032.6003642,14118.1290154,7347.0381418,7359.5925941,7387.414364,6703.0118471,6673.0077701,6730.7146514,66.3983564,66.3209308,66.7251566,70.6407633,70.7666607,71.0341828,62.2975416,62.0235566,62.5599243,7040.5009892,3012.3876388,4028.1133504,21158.6300045,10399.8020028,10758.8280018
2022-06-01,13573.566091,13582.3848708,13625.2084271,7095.4067967,7096.9397912,7109.4997893,6478.1592943,6485.4450796,6515.7086378,9425.457653,9433.1518079,9441.6083691,5776.7363343,5783.8490384,5782.6219649,3648.7213186,3649.3027694,3658.9864043,4148.1084381,4149.2330629,4183.600058,1318.6704624,1313.0907527,1326.8778244,2829.4379757,2836.1423102,2856.7222335,64.0254153,64.0911104,64.2931816,68.0908549,68.1313589,68.2519362,60.0954731,60.1855395,60.4663882,515.0230939,508.8338678,493.6489883,272.8156779,270.2091329,263.4693525,242.207416,238.6247349,230.1796358,349.7648961,349.1684491,342.7880585,201.4515444,201.0857969,199.0466169,148.3133517,148.0826522,143.7414416,165.2581978,159.6654187,150.8609298,71.3641335,69.123336,64.4227356,93.8940643,90.5420827,86.4381942,3.6556045,3.6109997,3.4963806,3.7025983,3.6677572,3.5734498,3.6040803,3.5488141,3.4121472,3.578076,3.5693827,3.5034155,3.3697761,3.3598661,3.3276103,3.906031,3.899595,3.7799561,3.8313042,3.7054811,3.4805003,5.1339825,5.0009139,4.6303967,3.211885,3.0936743,2.9369175,14088.5891849,14091.2187386,14118.8574154,7368.2224746,7367.1489241,7372.9691418,6720.3667103,6724.0698146,6745.8882736,66.4547377,66.4921414,66.6225598,70.7089223,70.7253946,70.7812693,62.3423412,62.3999995,62.6024768,7073.4495892,3043.584861,4029.8647282,21192.3070046,10416.5540028,10775.7530018
2022-07-01,13618.731994,13592.7314264,13588.0594873,7122.6308501,7099.0108262,7095.431212,6496.1011439,6493.7206002,6492.6282753,9466.2988366,9386.7631226,9423.1297591,5795.9475459,5761.5115236,5768.6992142,3670.3512907,3625.2515991,3654.430545,4152.4331573,4205.9683038,4164.9297281,1326.6833041,1337.4993027,1326.7319978,2825.7498532,2868.4690011,2838.1977303,64.1104833,63.9924549,63.9704602,68.2135475,67.9918121,67.9575278,60.143897,60.1261073,60.1159933,503.8077532,485.9913194,476.7258296,264.5968762,255.5858778,254.6136338,239.210877,230.4054417,222.1121958,340.1886315,321.3521113,319.1831238,193.6423615,184.1952167,184.8853128,146.5462701,137.1568946,134.2978109,163.6191217,164.6392082,157.5427058,70.9545147,71.3906611,69.7283209,92.6646069,93.2485471,87.8143848,3.5674019,3.451956,3.3894995,3.5818156,3.4751855,3.4641099,3.5515931,3.4265485,3.3078299,3.4690161,3.310139,3.2762561,3.232982,3.0979533,3.1054453,3.839408,3.6454546,3.5446672,3.7909439,3.7669639,3.6447359,5.0767455,5.0671566,4.9932189,3.1751695,3.1484619,3.0011627,14122.5397472,14078.7227459,14064.7853168,7387.2277262,7354.596704,7350.0448458,6735.3120209,6724.1260419,6714.7404711,66.4821694,66.2804261,66.2148109,70.7475959,70.4397232,70.3961271,62.3586215,62.2594578,62.1725557,7176.3616875,3090.9341567,4085.4275307,21241.1470043,10440.9790025,10800.1680018
2022-08-01,13656.7252337,13664.8447673,13599.8011581,7145.461386,7140.2628259,7103.2937124,6511.2638477,6524.5819414,6496.5074457,9502.227951,9497.9955773,9417.5037152,5811.8886991,5805.2337541,5765.4503188,3690.3392518,3692.7618232,3652.0533964,4154.4972827,4166.84919,4182.2974429,1333.5726869,1335.0290718,1337.8433936,2820.9245959,2831.8201182,2844.4540493,64.1527309,64.1843795,63.8788668,68.2838039,68.2269372,67.8736884,60.1587245,60.2759192,60.0165591,496.7301394,500.0049476,498.8369801,258.8060638,263.1930757,264.1738884,237.9240757,236.8118719,234.6630917,332.4279084,334.8087302,334.6531613,187.9310288,191.1879246,193.5721203,144.4968796,143.6208056,141.081041,164.3022311,165.1962174,164.1838188,70.875035,72.0051511,70.6017681,93.4271961,93.1910663,93.5820507,3.5096033,3.5298994,3.5381927,3.4953635,3.5550029,3.585681,3.5252252,3.5024121,3.4862152,3.3801682,3.4050177,3.431581,3.1322779,3.1883669,3.2483872,3.7680066,3.7436518,3.7193789,3.8043496,3.8133538,3.7773962,5.0464701,5.1175124,5.0127453,3.2057625,3.1860072,3.1851906,14153.4553731,14164.8497149,14098.6381381,7404.2674497,7403.4559016,7367.4676008,6749.1879234,6761.3938132,6731.1705373,66.4861304,66.5329248,66.2219261,70.7570189,70.7418107,70.3979338,62.3569473,62.4636537,62.1844426,7191.3468662,3097.9924018,4093.3544644,21289.9850044,10465.4600026,10824.5250018
2022-09-01,13687.0631972,13673.160389,13641.3017862,7164.2405779,7159.5092123,7142.7523661,6522.8226193,6513.6511768,6498.5494201,9534.2631784,9526.3187363,9466.8207005,5825.9781685,5815.360057,5782.2176939,3708.2850099,3710.9586793,3684.6030066,4152.8000188,4146.8416527,4174.4810857,1338.2624094,1344.1491552,1360.5346722,2814.5376094,2802.6924975,2813.9464135,64.1510769,64.0764446,63.9271459,68.3061469,68.2515315,68.0917886,60.133453,60.0395336,59.9003333,494.4184636,511.5448794,492.3129929,256.3181261,270.6363806,262.481303,238.1003375,240.9084989,229.8316899,327.8316455,341.5271977,323.9306793,185.3802222,192.1817535,185.8115893,142.4514233,149.3454442,138.1190899,166.5868181,170.0176818,168.3823136,70.9379039,78.4546271,76.6697137,95.6489142,91.5630547,91.7125999,3.4863668,3.6063131,3.4832773,3.4541621,3.6424102,3.5445378,3.5217135,3.5666055,3.4158542,3.3241583,3.4610106,3.3085375,3.0838325,3.1990082,3.1134497,3.6993294,3.8687481,3.6131083,3.8567238,3.9384578,3.8772187,5.033912,5.5148614,5.3346423,3.2866936,3.1636133,3.1563442,14181.4816608,14184.7052685,14133.6147791,7420.5587039,7430.1455928,7405.2336691,6760.9229568,6754.5596757,6728.38111,66.4684095,66.4736941,66.2342691,70.7499654,70.8315055,70.5940203,62.3284836,62.260106,62.0188052,7205.2102257,3084.6543338,4120.5558919,21338.8250048,10489.8880029,10848.9370019
2022-10-01,13712.967053,13712.639362,13701.0902574,7180.1047761,7182.2428356,7176.2049861,6532.8622769,6530.3965264,6524.8852713,9564.2037537,9571.8153953,9521.8629568,5839.7376823,5846.3290707,5827.9185139,3724.4660714,3725.4863246,3693.9444429,4148.7632992,4140.8239667,4179.2273006,1340.3670938,1335.9137649,1348.2864722,2808.3962054,2804.9102019,2830.9408284,64.1211466,64.1135797,64.0595818,68.291893,68.3056504,68.2482284,60.0878638,60.059658,60.0089713,496.2883041,487.9974905,467.97766,257.3245865,243.294125,232.9807203,238.9637176,244.7033655,234.9969397,326.6571018,322.3014362,304.3529255,186.1057186,175.6318462,167.0465864,140.5513832,146.66959,137.3063391,169.6312023,165.6960543,163.6247345,71.2188679,67.6622788,65.9341339,98.4123344,98.0337755,97.6906006,3.4927116,3.4364479,3.3028119,3.4598592,3.2764516,3.1444848,3.5287929,3.6118045,3.4763467,3.3026155,3.2575059,3.0973564,3.0884593,2.9165225,2.786448,3.6365006,3.7878018,3.5838515,3.9281081,3.8475626,3.7676792,5.0453086,4.8207063,4.6622241,3.3855802,3.3770468,3.3357083,14209.255357,14200.6368525,14169.0679174,7437.4293626,7425.5369606,7409.1857064,6771.8259945,6775.099892,6759.882211,66.4417658,66.3952168,66.2476159,70.7393758,70.619463,70.4639568,62.2858007,62.3101799,62.1702238,7218.9740868,3105.6732962,4113.3007905,21388.0420042,10514.8590027,10873.1830015
2022-11-01,13738.9205223,13783.9518318,13844.6205364,7194.4392023,7196.3632297,7237.3700189,6544.48132,6587.5886021,6607.2505175,9594.0451652,9594.3587008,9628.5209526,5853.8883018,5852.3774876,5886.2126639,3740.1568635,3741.9812132,3742.3082887,4144.8753571,4189.593131,4216.0995838,1340.5509005,1343.9857421,1351.157355,2804.3244566,2845.6073889,2864.9422288,64.0838195,64.2990434,64.5820493,68.2541308,68.2778117,68.6668768,60.0503673,60.4508402,60.6312673,500.6732936,502.1130369,465.3282058,261.1678578,260.6819286,243.3373822,239.5054358,241.4311084,221.9908237,327.9852866,326.2044667,304.859491,189.1029656,188.6947888,176.9502959,138.882321,137.5096779,127.9091951,172.688007,175.9085702,160.4687148,72.0648922,71.9871397,66.3870863,100.6231147,103.9214304,94.0816286,3.5160644,3.514705,3.2517811,3.5029724,3.4957805,3.2528659,3.5304526,3.5353699,3.2505927,3.3056267,3.2881648,3.0690407,3.129294,3.1235314,2.9184486,3.5803279,3.544529,3.3049614,3.9996635,4.0295156,3.666542,5.1015211,5.0839349,4.6832455,3.463853,3.5233231,3.1794819,14239.5938159,14286.0648687,14309.9487422,7455.6070601,7457.0451583,7480.7074011,6783.9867558,6829.0197104,6829.2413412,66.41916,66.6412881,66.752701,70.731848,70.7511153,70.9756185,62.2480035,62.6663267,62.6683605,7127.3092618,3059.1196015,4068.1896602,21437.258004,10539.8270026,10897.4310014
2022-12-01,13769.4440068,13765.351742,13907.7892435,7209.2125563,7202.9635221,7269.7160458,6560.2314504,6562.38822,6638.0731976,9624.7513707,9633.1154604,9783.3572958,5867.6719756,5870.9704401,5954.7622681,3757.0793952,3762.1450202,3828.5950277,4144.692636,4132.2362816,4124.4319477,1341.5405808,1331.9930819,1314.9537777,2803.1520553,2800.2431997,2809.4781699,64.060062,64.0651933,64.7281103,68.2116003,68.1789753,68.8108151,60.044098,60.0858422,60.778821,506.0181053,503.2883183,480.680119,266.527435,262.7946049,254.8522337,239.4906703,240.4937135,225.8278853,331.1536552,328.3514034,313.671956,193.2315973,194.6655745,186.3161064,137.9220579,133.6858288,127.3558496,174.8644501,174.936915,167.008163,73.2958377,68.1290303,68.5361273,101.5686124,106.8078846,98.4720357,3.5446706,3.527234,3.3407314,3.5652315,3.5199989,3.386935,3.5220655,3.535174,3.2900807,3.3262034,3.2962154,3.1065767,3.1881648,3.2093184,3.0339314,3.5410015,3.4315101,3.2193486,4.0482032,4.061525,3.8916578,5.1805168,4.8659349,4.9538581,3.496674,3.6740973,3.3863041,14275.4621121,14268.6400604,14388.4693624,7475.7399913,7465.7581269,7524.5682795,6799.7221208,6802.8819334,6863.9010829,66.4142276,66.4075427,66.9652391,70.7334101,70.666433,71.223095,62.2360941,62.2878252,62.8465223,7098.0056419,3040.2187231,4057.7869187,21486.4750043,10564.7870027,10921.6880016
2023-01-01,13807.2312149,13796.7527052,13578.6709888,7225.9401882,7221.1724529,7123.1929345,6581.2910268,6575.5802523,6455.4780543,9658.6640883,9629.4466912,9531.7126882,5881.4071805,5858.2709596,5807.9040212,3777.2569078,3771.1757317,3723.808667,4148.5671267,4167.306014,4046.9583006,1344.5330077,1362.9014933,1315.2889133,2804.034119,2804.4045207,2731.6693873,64.0645085,64.0228416,63.010849,68.1811724,68.1436186,67.219021,60.0815538,60.0359111,58.9393623,510.3475563,523.6662568,565.8319738,271.7124361,282.8767624,308.6942275,238.6351202,240.7894943,257.1377463,334.8239174,342.4565141,376.1528992,197.0558815,203.8561164,224.3012531,137.7680359,138.6003977,151.8516462,175.5236389,181.2097427,189.6790745,74.6565547,79.020646,84.3929744,100.8670842,102.1890967,105.2861001,3.5644823,3.6567803,4.0003666,3.6239667,3.7696549,4.1536452,3.4990866,3.5325181,3.8306638,3.350421,3.4342142,3.7965079,3.2418702,3.362782,3.7183956,3.5189568,3.5449702,3.9180845,4.0592034,4.1671631,4.4771138,5.2605062,5.4802297,6.0294396,3.4723069,3.5157683,3.7112355,14317.5787712,14320.418962,14144.5029626,7497.6526243,7504.0492153,7431.887162,6819.9261469,6816.3697467,6712.6158005,66.4324826,66.4528773,65.6365517,70.7449457,70.8130253,70.1320579,62.2600882,62.2343508,61.2870637,7405.2320414,3165.1028406,4240.1292007,21549.7350039,10596.9900026,10952.7450013
2023-02-01,13850.9503681,13834.366248,13922.0298102,7244.8757419,7249.2820729,7292.34817,6606.0746262,6585.0841752,6629.6816402,9695.7070346,9687.3451783,9803.6438392,5895.0663384,5905.5426506,5967.9337568,3800.6406962,3781.8025277,3835.7100823,4155.2433335,4147.0210697,4118.385971,1349.8094035,1343.7394223,1324.4144132,2805.43393,2803.2816474,2793.9715578,64.0951571,64.0094795,64.4150853,68.1700041,68.201648,68.6068163,60.1519026,59.9526573,60.3586866,513.6101857,517.043179,565.4335043,276.009215,279.2041073,299.9740727,237.6009706,237.8390717,265.4594316,338.1647825,343.7531594,369.4611643,199.7953272,199.9612584,210.0740974,138.3694553,143.791901,159.3870669,175.4454032,173.2900196,195.97234,76.2138879,79.2428489,89.8999753,99.2315153,94.0471707,106.0723648,3.5755371,3.6027345,3.9029159,3.6699034,3.7086354,3.9510187,3.4718327,3.4858823,3.8499492,3.3702322,3.4268746,3.6317443,3.2780945,3.2750984,3.4003534,3.5127976,3.6629332,3.9895667,4.0512125,4.0110542,4.5423288,5.3445051,5.5687868,6.356435,3.4162804,3.2459958,3.6576124,14364.5605537,14351.409427,14487.4633144,7520.884957,7528.4861802,7592.3222426,6843.6755968,6822.9232469,6895.1410718,66.471884,66.4017586,67.0312589,70.7670878,70.8284158,71.428989,62.3153886,62.1180183,62.7755119,7125.5326897,3036.8667602,4088.6659294,21612.9960041,10629.1890029,10983.8070012
2023-03-01,13897.4762895,13935.1629078,13960.2132958,7265.8892289,7275.8648769,7292.2298052,6631.5870606,6659.2980309,6667.9834905,9734.0111689,9781.2394131,9766.3796263,5909.7141982,5951.3791916,5949.2612033,3824.2969707,3829.8602215,3817.118423,4163.4651206,4153.9234947,4193.8336695,1356.1750307,1324.4856853,1342.968602,2807.2900899,2829.4378094,2850.8650675,64.1424366,64.2876837,64.4032498,68.1822364,68.2449931,68.3984903,60.2324068,60.4573676,60.5362198,516.494335,517.5809711,551.4066631,279.1770569,279.0527374,294.6514412,237.3172781,238.5282338,256.755222,340.9361478,340.0919102,359.9222962,201.3639775,201.706507,209.4727238,139.5721704,138.3854032,150.4495724,175.5581872,177.4890609,191.484367,77.8130795,77.3462304,85.1787174,97.7451077,100.1428306,106.3056496,3.5832898,3.5811952,3.7997595,3.7001273,3.6936569,3.8836965,3.454951,3.4580203,3.7077965,3.3839993,3.36015,3.5543311,3.2950647,3.2781358,3.4012303,3.5211094,3.4873195,3.7919847,4.0460301,4.0977177,4.3664876,5.4263406,5.517511,5.9642809,3.3646789,3.4183333,3.5948432,14413.9706245,14452.743879,14511.6199589,7545.0662858,7554.9176143,7586.8812464,6868.9043387,6897.8262647,6924.7387125,66.5262655,66.6754622,66.9470777,70.8020006,70.8624074,71.1622147,62.3878774,62.6228795,62.8672079,7164.6360453,3074.5087561,4090.1272891,21676.2560042,10661.3900025,11014.8660016
2023-04-01,13942.8190938,13921.1242449,13921.9549019,7288.3060675,7267.6481477,7273.9041802,6654.5130263,6653.4760972,6648.0507218,9769.1878633,9752.7148532,9716.5632669,5925.3100925,5900.289011,5875.8214386,3843.8777708,3852.4258422,3840.7418283,4173.6312305,4168.4093917,4205.391635,1362.9959749,1367.3591367,1398.0827416,2810.6352555,2801.0502551,2807.3088935,64.1905155,64.0834834,64.0873072,68.2142859,68.0134711,68.0720175,60.2952524,60.278902,60.2297494,519.2511144,537.8259411,546.4855192,280.752456,304.5855949,307.5411456,238.4986584,233.2403462,238.9443736,342.4945495,366.2796017,374.2843275,201.6614057,227.4610103,229.4031323,140.8331438,138.8185915,144.8811952,176.7565648,171.5463394,172.2011917,79.0910502,77.1245847,78.1380133,97.6655146,94.4217547,94.0631784,3.5904342,3.7196749,3.7770866,3.7092124,4.0224009,4.0564976,3.4600066,3.386815,3.4695011,3.3871174,3.6197233,3.7091466,3.2913717,3.7119825,3.7574888,3.5343378,3.4780779,3.6350953,4.0630071,3.9527209,3.9336959,5.4844853,5.3392491,5.2931117,3.3581642,3.2610142,3.242024,14462.0702082,14458.950186,14468.4404212,7569.0585234,7572.2337427,7581.4453258,6893.0116847,6886.7164434,6886.9950954,66.5810649,66.5592719,66.6029586,70.8419648,70.8639013,70.9501068,62.4562425,62.3920037,62.3945283,7254.9795829,3104.155677,4150.823906,21723.4200041,10685.6010027,11037.8190014
2023-05-01,13984.6546778,14007.1214494,14102.0781499,7310.2432717,7317.3772963,7353.2091892,6674.4114061,6689.7441532,6748.8689608,9796.2900751,9808.7692749,9826.1194551,5939.6270474,5935.8329055,5938.4165982,3856.6630277,3872.9363695,3887.7028569,4188.3646027,4198.3521745,4275.9586949,1370.6162243,1381.5443908,1414.792591,2817.7483784,2816.8077837,2861.1661039,64.2282486,64.3396502,64.7758198,68.2480013,68.3239606,68.6585308,60.3359646,60.4817547,61.0163001,522.1806367,520.5276037,515.3382684,281.2329248,276.1492721,271.3735174,240.9477119,244.3783316,243.9647509,343.1181658,347.4294282,345.4117505,201.527357,201.2556562,199.7478387,141.5908088,146.173772,145.6639118,179.062471,173.0981755,169.9265179,79.7055679,74.8936159,71.6256787,99.3569031,98.2045596,98.3008391,3.5995489,3.5830133,3.5255086,3.7045881,3.6366406,3.5591917,3.48424,3.5242863,3.4887824,3.3840058,3.4208609,3.3958678,3.2815875,3.2793344,3.254195,3.5413161,3.6369686,3.611472,4.0999533,3.9597425,3.8221076,5.4957161,5.1422454,4.8186759,3.4060102,3.3689243,3.3215725,14506.8353146,14527.6490531,14617.4164183,7591.4761966,7593.5265683,7624.5827066,6915.359118,6934.1224848,6992.8337117,66.6265022,66.7306171,67.1429503,70.8735754,70.902427,71.192405,62.5141061,62.6911711,63.2219773,7153.1735859,3085.243296,4067.9302899,21770.5900042,10709.8260026,11060.7640016
2023-06-01,14021.823832,14029.6344845,14070.260646,7330.1062274,7331.342645,7344.4033845,6691.7176045,6698.2918396,6725.8572616,9812.5959619,9834.3393399,9844.713676,5950.0941263,5960.4395415,5960.0011003,3862.5018356,3873.8997984,3884.7125758,4209.2278701,4195.2951446,4225.54697,1380.0121011,1370.9031034,1384.4022842,2829.2157689,2824.3920412,2841.1446858,64.2479802,64.3037523,64.4899592,68.2662159,68.2998742,68.42155,60.3561176,60.4336947,60.682397,525.8709255,512.5534292,495.7649397,281.8992785,274.9552354,266.7243273,243.971647,237.5981938,229.0406124,343.9368514,328.3828683,321.7535701,202.0648817,189.9643363,187.4000244,141.8719697,138.418532,134.3535457,181.9340741,184.1705609,174.0113695,79.8343968,84.9908991,79.3243028,102.0996772,99.1796618,94.6870667,3.6148059,3.5245964,3.4035704,3.703351,3.6148365,3.5043996,3.5176266,3.4256338,3.2932275,3.3863609,3.2312491,3.1648513,3.2844548,3.0886482,3.0484431,3.5429252,3.4498392,3.3429046,4.1431875,4.2053203,3.9552009,5.4686843,5.837712,5.4193388,3.4830669,3.3924142,3.2252212,14547.6947574,14542.1879138,14566.0255857,7612.0055059,7606.2978804,7611.1277117,6935.6892515,6935.8900334,6954.897874,66.6575202,66.6530015,66.7622597,70.8915799,70.8613979,70.9063933,62.5566261,62.5773661,62.7488597,7251.7284184,3122.9222907,4128.8061277,21817.754004,10734.0500024,11083.7040017
2023-07-01,14055.7403191,14027.3525976,14024.0295491,7346.7444272,7343.5086973,7339.1517586,6708.9958918,6683.8439002,6684.8777906,9818.717211,9804.6702945,9846.560305,5955.2388998,5954.9489667,5963.6608115,3863.4783112,3849.7213278,3882.8994935,4237.0231081,4222.6823031,4177.4692441,1391.5055274,1388.5597306,1375.4909471,2845.5175807,2834.1225725,2801.978297,64.2544559,64.1308716,64.1156791,68.2568683,68.2336558,68.1931725,60.3768818,60.1567451,60.1660504,530.9290438,541.9898416,530.4355853,283.4086726,286.9546901,284.3708949,247.5203712,255.0351514,246.0646904,346.2574995,347.40525,344.0060433,203.7885486,202.622252,201.749399,142.468951,144.7829981,142.2566443,184.6715443,194.5845915,186.429542,79.6201241,84.3324381,82.6214959,105.0514202,110.2521534,103.8080461,3.6398237,3.7200707,3.644487,3.7143248,3.7606457,3.7301771,3.5581081,3.6754517,3.5502342,3.4063784,3.4220121,3.3757304,3.3087781,3.2906197,3.2722786,3.556436,3.6245548,3.5341895,4.1764879,4.4050902,4.2720868,5.4121906,5.7256356,5.6663323,3.5603784,3.7445014,3.5724597,14586.6693629,14569.3424391,14554.4651344,7630.1530999,7630.4633875,7623.5226535,6956.516263,6938.8790517,6930.9424809,66.6815466,66.6087647,66.540748,70.8899514,70.8999518,70.8354606,62.6044146,62.4521435,62.3807118,7318.5458702,3138.7743493,4179.7715209,21873.0110046,10762.2970027,11110.7140019
2023-08-01,14086.4302156,14099.9696916,14025.5514927,7358.6591447,7378.7794772,7337.5028533,6727.771071,6721.1902145,6688.0486394,9816.063429,9828.2438945,9741.5618382,5954.0907249,5984.2808164,5941.1251828,3861.9727041,3843.9630781,3800.4366553,4270.3667866,4271.7257972,4283.9896546,1404.5684198,1394.4986608,1396.3776705,2865.7983668,2877.2271364,2887.6119841,64.2478319,64.3004082,63.9610372,68.2067671,68.3819424,67.9994163,60.4115489,60.3461082,60.048547,538.1175153,539.1529316,538.5436727,286.6697165,291.5960732,292.5828014,251.4477988,247.5568584,245.9608714,350.9297432,351.8364695,352.5629732,206.9349749,213.4836507,216.3176117,143.9947683,138.3528188,136.2453615,187.187772,187.3164621,185.9806995,79.7347416,78.1124225,76.2651896,107.4530304,109.2040396,109.7155099,3.6795498,3.6829593,3.6977489,3.7496061,3.801588,3.8345939,3.6028072,3.5523869,3.5471666,3.4516571,3.4561266,3.4927542,3.3587747,3.4445267,3.5131079,3.5945067,3.4741799,3.4609186,4.1993378,4.2008228,4.1606696,5.3718636,5.3043484,5.1787974,3.6139907,3.6566736,3.6604445,14624.5477309,14639.1226232,14564.0951655,7645.3288612,7670.3755504,7630.0856547,6979.2188697,6968.7470728,6934.0095108,66.7021716,66.7591194,66.41697,70.8638836,71.0842735,70.7108918,62.6694068,62.5687938,62.2569031,7364.1788394,3160.4523485,4203.7264909,21928.2740049,10790.5380032,11137.7360017
2023-09-01,14114.5953982,14094.6904007,14061.3558334,7366.3309282,7349.8377744,7332.9345659,6748.26447,6744.8526263,6728.4212675,9808.6243932,9783.3531658,9719.197796,5948.0027866,5925.7219457,5890.231498,3860.6216066,3857.6312201,3828.966298,4305.971005,4311.3372349,4342.1580374,1418.3281417,1424.1158287,1442.7030679,2887.6428634,2887.2214062,2899.4549695,64.2333133,64.1147703,63.963136,68.1231402,67.9358828,67.7796433,60.4635341,60.4120616,60.2648898,547.0661278,521.3994856,502.4918247,291.6962685,267.3516039,258.5391607,255.3698593,254.0478817,243.952664,357.6873844,337.6331653,320.1004555,211.2615265,193.9969314,187.2509835,146.4258579,143.6362338,132.849472,189.3787434,183.7663203,182.3913692,80.434742,73.3546725,71.2881772,108.9440014,110.4116479,111.103192,3.7312697,3.567298,3.4502683,3.8090263,3.5098458,3.4056518,3.6462478,3.6298256,3.4988465,3.5183594,3.335971,3.1884744,3.4299799,3.1700301,3.0810617,3.6542082,3.5897684,3.3532471,4.21277,4.0881443,4.0311499,5.3667423,4.8985721,4.7086255,3.635603,3.6832943,3.6904516,14661.661526,14616.0898863,14563.8476582,7658.0271968,7617.1893782,7591.4737266,7003.6343292,6998.900508,6972.3739316,66.7229256,66.4865434,66.2489008,70.82072,70.4070621,70.1693677,62.7516134,62.6875088,62.4499165,7419.6833465,3227.3122762,4192.3710703,21983.5310047,10818.7860028,11164.7450018
2023-10-01,14140.7696827,14151.5052257,14139.8930985,7371.9964759,7366.6356258,7362.924137,6768.7732068,6784.8695999,6776.9689616,9800.965233,9797.168256,9746.4049746,5940.0067516,5922.2431811,5904.0111631,3860.9584814,3874.9250749,3842.3938115,4339.8044497,4354.3369697,4393.488124,1431.9897243,1444.3924447,1458.9129739,2907.8147254,2909.944525,2934.5751501,64.2134624,64.2534133,64.2006897,68.0270895,67.9666712,67.9324279,60.517493,60.6554508,60.5848206,556.7399827,555.7632027,532.6954156,297.6135999,301.2403935,287.6952329,259.1263828,254.5228092,245.0001827,365.3874011,371.6180433,350.7931943,215.9192101,222.0862007,210.4696524,149.468191,149.5318425,140.3235419,191.3525816,184.1451594,181.9022212,81.6943898,79.1541928,77.2255805,109.6581918,104.9909666,104.6766408,3.7879885,3.7788336,3.6305483,3.8804267,3.9286028,3.7604175,3.6871099,3.6156929,3.4890524,3.5940855,3.6544975,3.4741637,3.5075017,3.6144905,3.4421508,3.7269897,3.7155782,3.5233116,4.2230402,4.0574173,3.9756656,5.3970567,5.1953902,5.0272536,3.6341069,3.482362,3.4441582,14697.5096653,14707.2684283,14672.5885141,7669.6100758,7667.8760193,7650.6193698,7027.8995895,7039.392409,7021.9691443,66.7416276,66.7767974,66.6193369,70.7733994,70.7460006,70.5867858,62.8342612,62.9308366,62.7750759,7351.9304902,3187.980633,4163.9498572,22024.5190044,10838.6000028,11185.9190015
2023-11-01,14164.2468307,14203.6483022,14268.3884298,7377.9266894,7399.0065028,7444.1777851,6786.3201413,6804.6417994,6824.2106447,9796.3608662,9842.7080525,9879.303547,5933.6461046,5956.4628409,5993.3256508,3862.7147615,3886.2452116,3885.9778962,4367.8859645,4360.9402497,4389.0848828,1444.2805847,1442.5436619,1450.8521343,2923.6053798,2918.3965878,2938.2327485,64.1837725,64.370372,64.6637717,67.9379093,68.1407788,68.5567814,60.5457739,60.7172725,60.8918837,565.8284812,580.9825691,537.8573292,303.4874461,313.5257758,291.9197669,262.341035,267.4567934,245.9375623,372.2907494,385.5746773,359.2350641,219.9166463,228.0697227,212.886976,152.3741031,157.5049546,146.348088,193.5377318,195.4078918,178.6222651,83.5707998,85.4560531,79.0327909,109.9669319,109.9518387,99.5894742,3.8413142,3.9296387,3.6326381,3.950932,4.065147,3.7734758,3.7218562,3.7818589,3.4785348,3.6611614,3.7696912,3.5086557,3.5738101,3.6877439,3.4302237,3.7950369,3.8950219,3.6293714,4.2429238,4.2886954,3.9105455,5.4698252,5.5926747,5.1659304,3.6249979,3.6307526,3.278318,14730.0753118,14784.6308713,14806.245759,7681.4141355,7712.5322786,7736.0975521,7048.6611763,7072.0985927,7070.1482069,66.7477638,67.003362,67.1013198,70.7325024,71.0281787,71.2452019,62.886312,63.103768,63.0863648,7259.2602452,3122.3144507,4136.9457945,22065.5060042,10858.4120027,11207.0940014
2023-12-01,14185.1533849,14134.8875675,14279.4911638,7385.8602675,7373.3753271,7438.8254397,6799.2931174,6761.5122404,6840.6657241,9796.0643089,9735.7198009,9882.8900355,5931.7966867,5925.0194896,6008.2463152,3864.2676222,3810.7003113,3874.6437203,4389.089076,4399.1677666,4396.6011282,1454.0635808,1448.3558375,1430.5791244,2935.0254952,2950.8119291,2966.0220038,64.1432156,63.9399787,64.5941014,67.8691442,67.7810768,68.3827387,60.5330422,60.2186306,60.9235786,573.7930308,586.905382,560.7018051,308.8435346,308.9173357,299.4166856,264.9494962,277.9880463,261.2851195,377.2201486,380.7706591,363.6026209,222.7346963,221.7555356,212.26142,154.4854523,159.0151235,151.3412009,196.5728822,206.1347229,197.0991843,86.1088383,87.1618001,87.1552656,110.4640439,118.9729228,109.9439186,3.8877642,3.9866434,3.7782649,4.0137157,4.0211607,3.8693114,3.7505719,3.9489741,3.6790612,3.7079485,3.7638612,3.5485569,3.6190358,3.6076729,3.4122845,3.8441141,4.0057059,3.75911,4.286685,4.47603,4.2906409,5.590857,5.676379,5.7424584,3.6271359,3.8756111,3.5742892,14758.9464156,14721.7929495,14840.1929689,7694.7038021,7682.2926628,7738.2421253,7064.2426136,7039.5002868,7101.9508436,66.7378248,66.5948791,67.1304684,70.7071273,70.6208548,71.1351803,62.8918461,62.6944169,63.2506071,7266.3010352,3139.9788774,4126.3221578,22106.4940041,10878.2210027,11228.2730014
2024-01-01,14202.9589681,14128.0072066,13906.036351,7396.493754,7364.0505167,7261.3786784,6806.4652141,6763.95669,6644.6576726,9799.4030406,9734.2845052,9632.2626545,5935.3068611,5908.5346049,5856.6202896,3864.0961795,3825.7499003,3775.6423649,4403.5559275,4393.7227014,4273.7736965,1461.1868929,1455.5159118,1404.7583889,2942.3690346,2938.2067897,2869.0153077,64.0905924,63.7631917,62.7613823,67.8274659,67.5419407,66.6002504,60.4702565,60.1023425,59.0422898,580.1408425,602.3640158,653.6501595,312.9198415,323.1533436,355.0389525,267.221001,279.2106723,298.611207,379.9592228,398.8389306,439.6594768,224.2846981,227.8209996,252.8730249,155.6745247,171.017931,186.7864519,200.1816197,203.5250853,213.9906827,88.6351434,95.332344,102.1659276,111.5464763,108.1927413,111.8247551,3.9243518,4.0892657,4.4894522,4.0589318,4.2037827,4.6614953,3.7776768,3.9642771,4.3007294,3.7326427,3.935992,4.3651993,3.6412268,3.7126434,4.1390179,3.8727215,4.2789058,4.7139384,4.3482414,4.4271071,4.7683137,5.719053,6.1471097,6.779765,3.6525724,3.5514955,3.751451,14783.0998106,14730.3712225,14559.6865105,7709.4135955,7687.2038602,7616.4176309,7073.6862151,7043.1673623,6943.2688796,66.7084674,66.4818096,65.7114672,70.6970093,70.5058535,69.8566131,62.8443115,62.5833187,61.6956529,7597.3084936,3286.5123717,4310.7961219,22156.9950041,10902.9300026,11254.0650015
2024-02-01,14221.4861119,14248.6563087,14335.8363326,7410.3953371,7431.5106214,7471.6737005,6811.0907748,6817.1456873,6864.1626322,9807.5018055,9824.563035,9939.7972591,5944.2437606,5953.6100443,6014.2790869,3863.2580448,3870.9529908,3925.5181722,4413.9843065,4424.0932737,4396.0390735,1466.1515765,1477.9005771,1457.3946136,2947.83273,2946.1926965,2938.6444599,64.0468963,64.161469,64.5540392,67.8212182,68.0066278,68.3741648,60.390513,60.4363852,60.8532069,584.9578661,552.0521047,604.1468369,315.5005581,291.6470604,314.054282,269.457308,260.4050443,290.0925549,381.4880406,354.872626,380.6896541,225.0498533,205.6898551,215.9023739,156.4381873,149.1827709,164.7872802,203.4698255,197.1794787,223.4571827,90.4507048,85.9572053,98.1519081,113.0191207,111.2222734,125.3052747,3.9506979,3.7299033,4.0438254,4.083676,3.7762671,4.0337176,3.8055996,3.6793102,4.0548254,3.7441203,3.4861719,3.6886792,3.6479031,3.3395006,3.4654267,3.8917913,3.7108889,4.028728,4.406537,4.2667786,4.837263,5.8107781,5.4964848,6.3098022,3.6924074,3.637788,4.0896648,14806.443978,14800.7084134,14939.9831695,7725.8958952,7723.1576819,7785.7279825,7080.5480829,7077.5507316,7154.2551871,66.6812718,66.6473507,67.2745027,70.7087338,70.6755243,71.2481125,62.7796553,62.7449672,63.4249791,7267.5138349,3141.8990203,4125.6148146,22207.4970044,10927.6270028,11279.8700017
2024-03-01,14242.9831143,14237.5587466,14267.9335441,7426.2319093,7436.5414513,7454.0328455,6816.751205,6801.0172953,6813.9006986,9821.2868421,9849.1725279,9834.9248761,5957.0121867,5970.0030161,5966.5783656,3864.2746555,3879.1695118,3868.3465105,4421.6962721,4388.3862187,4433.008668,1469.2197227,1466.5384352,1487.4544799,2952.4765495,2921.8477835,2945.5541881,64.0268474,63.9660348,64.1025017,67.842742,67.899123,68.0588277,60.3301964,60.1558626,60.2698179,589.1231902,574.5898964,613.601968,317.6024886,303.5266545,322.3797212,271.5207017,271.0632418,291.2222468,383.3409111,372.1817601,395.4739748,225.9264131,217.0395614,227.0433963,157.4144981,155.1421987,168.4305785,205.7822791,202.4081363,218.1279932,91.6760755,86.4870931,95.3363249,114.1062036,115.9210432,122.7916683,3.9719456,3.8791799,4.1232436,4.1013595,3.9214985,4.1456098,3.8305627,3.8328642,4.0987644,3.7565399,3.6412177,3.865675,3.6540297,3.5079694,3.6657614,3.9141389,3.845568,4.1724023,4.4469634,4.4090003,4.6897782,5.8732989,5.5689421,6.0233055,3.7209563,3.8159929,4.0018849,14832.1063045,14812.1486429,14881.535512,7743.8343979,7740.0681058,7776.4125667,7088.2719066,7072.0805371,7105.1229453,66.675148,66.5475333,66.8592724,70.7442167,70.6704642,71.0023062,62.7332322,62.5534514,62.8457157,7376.4624921,3175.9254359,4200.5370562,22257.9980042,10952.3380026,11305.6600016
2024-04-01,14268.4555849,14254.0879629,14259.8973345,7443.2939873,7431.5561058,7439.9978287,6825.1615976,6822.5318572,6819.8995058,9841.02018,9823.5664458,9787.1629315,5971.9447469,5956.7293298,5932.2642558,3869.0754331,3866.8371159,3854.8986757,4427.4354049,4430.5215172,4472.734403,1471.3492404,1474.8267759,1507.7335728,2956.0861645,2955.6947412,2965.0008301,64.0371661,63.964122,63.9901911,67.8879849,67.7720664,67.8490507,60.3065797,60.2750939,60.2518379,594.0393462,610.4062196,619.0584582,320.1169157,332.9665053,336.4511432,273.9224305,277.4397142,282.607315,386.9633801,387.4026055,396.5716152,227.6639872,234.6711998,237.457737,159.2993929,152.7314057,159.1138782,207.0759661,223.0036141,222.486843,92.4529285,98.2953055,98.9934063,114.6230375,124.7083086,123.4934368,3.9969019,4.1064715,4.1606311,4.1234055,4.2883062,4.3265396,3.8585602,3.9076173,3.9789798,3.783379,3.7939847,3.8941669,3.6722315,3.7902765,3.8487591,3.9544332,3.7996965,3.9639607,4.4681294,4.7921438,4.7385806,5.9120604,6.248422,6.161184,3.7327871,4.0484413,3.9984998,14862.494931,14864.4941825,14878.9557927,7763.410903,7764.5226111,7776.4489719,7099.084028,7099.9715714,7102.5068208,66.7032287,66.7032729,66.7681682,70.8076724,70.808554,70.9173164,62.7269363,62.7261935,62.7485917,7405.5492117,3189.0660309,4216.4831808,22284.5050044,10965.5150028,11318.9900017
2024-05-01,14297.2657269,14285.0012381,14384.9326476,7460.6081762,7466.0016182,7504.2062731,6836.6575507,6818.9996199,6880.7263745,9864.9208606,9848.0992576,9870.3184735,5987.5328042,5995.1789452,5999.2806058,3877.3880564,3852.9203123,3871.0378677,4432.3448664,4436.9019805,4514.6141741,1473.075372,1470.822673,1504.9256673,2959.2694943,2966.0793075,3009.6885068,64.0733373,64.0266959,64.4745977,67.9466725,68.0045905,68.3525802,60.3208865,60.1729442,60.71764,600.4913647,594.9760372,589.3755749,323.3432368,323.1425717,317.7944712,277.1481279,271.8334654,271.5811038,392.802781,395.7454205,394.3212414,230.3667289,227.9731187,226.7679845,162.4360521,167.7723018,167.5532569,207.6885837,199.2306167,195.0543335,92.9765079,95.169453,91.0264867,114.7120758,104.0611637,104.0278468,4.0307501,3.998501,3.9359119,4.153973,4.1486274,4.0628284,3.8959193,3.83359,3.7971117,3.8293367,3.8632509,3.8415498,3.7048963,3.6633063,3.6422457,4.0208694,4.1727214,4.1488047,4.4760148,4.2973451,4.1415725,5.9370005,6.0772626,5.7035849,3.7317099,3.3894594,3.3409545,14897.7570916,14879.9772752,14974.3082225,7783.951413,7789.1441899,7822.0007442,7113.8056786,7090.8330853,7152.3074783,66.7644453,66.6934334,67.1162335,70.8914857,70.9479569,71.2472331,62.7662073,62.5716861,63.114155,7336.6997816,3156.6722586,4180.0275231,22311.0080041,10978.6730028,11332.3350013
2024-06-01,14328.6929755,14323.6942657,14364.6226573,7478.2999682,7480.0003565,7494.9982097,6850.3930073,6843.6939093,6869.6244476,9890.9602166,9891.0519262,9904.4756589,6002.8440322,6006.1734478,6007.2248177,3888.1161843,3884.8784784,3897.2508412,4437.7327589,4432.6423395,4460.1469984,1475.455936,1473.8269087,1487.773392,2962.2768229,2958.8154309,2972.3736064,64.1272724,64.123938,64.3071651,68.0152882,68.0504472,68.1868924,60.3605628,60.3198798,60.5484299,606.8969598,603.1325652,583.863249,326.2522369,315.9833013,307.1896566,280.6447229,287.1492639,276.6735923,399.1077203,399.3174317,391.1281598,233.1403822,229.8363204,226.8025735,165.9673381,169.4811113,164.3255864,207.7892395,203.8151335,192.7350891,93.1118547,86.1469809,80.3870832,114.6773848,117.6681526,112.348006,4.0634281,4.0405946,3.9058354,4.1802813,4.053155,3.9372246,3.9355383,4.0268627,3.8715653,3.8785723,3.8804966,3.7989822,3.73863,3.6856312,3.6381389,4.0938312,4.180219,4.0458573,4.4728932,4.3959237,4.1422732,5.9361065,5.5223348,5.1262026,3.7269773,3.8247613,3.6420793,14935.5899353,14926.8268309,14948.4859063,7804.5522052,7795.9836577,7802.1878663,7131.0377302,7130.8431731,7146.29804,66.8434062,66.824026,66.9209888,70.9825588,70.9251536,70.9815973,62.8333951,62.8507951,62.9870133,7389.029098,3189.6581366,4199.3709614,22337.5150043,10991.8460029,11345.6690014
2024-07-01,14361.0447132,14375.2063649,14367.8016429,7496.5138851,7485.0856482,7480.2430468,6864.530828,6890.1207167,6887.5585962,9916.9737256,9939.5781506,9984.7675678,6016.7848324,6026.5476948,6036.9862491,3900.1888932,3913.0304558,3947.7813187,4444.0709876,4435.6282143,4383.0340751,1479.7290528,1458.5379534,1443.2567976,2964.3419348,2977.0902609,2939.7772775,64.1864427,64.2560829,64.2229843,68.0904028,67.9933529,67.9493634,60.4043173,60.6354494,60.6129018,611.3275099,630.8592816,617.66529,327.9616534,350.1697192,346.7326822,283.3658565,280.6895623,270.9326078,404.1765846,424.5236525,418.9613071,235.1387099,252.9684481,250.9092921,169.0378747,171.5552044,168.052015,207.1509253,206.3356291,198.7039829,92.8229435,97.2012711,95.8233901,114.3279818,109.134358,102.8805928,4.0830371,4.2040285,4.1217621,4.1914842,4.4691552,4.4299701,3.964325,3.9143354,3.7847725,3.9160033,4.0960969,4.0270302,3.7610618,4.0284704,3.990354,4.1540539,4.2000638,4.0830617,4.4536883,4.4450072,4.3368691,5.9026947,6.2479154,6.2260167,3.7135511,3.5361768,3.3812738,14972.3722231,15006.0656465,14985.4669329,7824.4755386,7835.2553674,7826.975729,7147.8966845,7170.8102791,7158.491204,66.9187605,67.075976,66.9839013,71.0692595,71.1742401,71.0990291,62.8977901,63.1056148,62.9972027,7386.2770718,3181.5792738,4204.697798,22371.7440047,11008.5550028,11363.1890019
2024-08-01,14394.4040962,14407.8874349,14331.1582936,7515.8977439,7512.3640123,7470.7467387,6878.5063523,6895.5234225,6860.4115549,9942.740106,9945.0592197,9858.5637807,6029.5133926,5995.1338438,5952.3597299,3913.2267134,3949.9253759,3906.2040508,4451.6639903,4462.8282151,4472.594513,1486.3843513,1517.2301685,1518.3870088,2965.279639,2945.5980466,2954.2075042,64.2479813,64.3037764,63.961327,68.1748224,68.1376812,67.7602096,60.4438281,60.5896088,60.2810877,612.6799435,620.873321,619.1578694,327.7739421,335.3139486,336.0311716,284.9060014,285.5593724,283.1266978,407.1920603,416.1952457,416.6266122,235.8090434,242.1256073,245.4531934,171.3830169,174.0696384,171.1734188,205.4878832,204.6780753,202.5312572,91.9648987,93.1883413,90.5779782,113.5229845,111.489734,111.9532791,4.0826049,4.1312343,4.1414366,4.178833,4.2727792,4.3043516,3.9772386,3.9765503,3.9633958,3.9342486,4.0168422,4.0546851,3.7637176,3.881923,3.9603195,4.1958235,4.2208984,4.1981254,4.412308,4.3851698,4.3321029,5.8266508,5.7865915,5.6295804,3.6872446,3.6469262,3.6512527,15007.0840398,15028.7607559,14950.3161631,7843.671686,7847.6779609,7806.7779103,7163.4123538,7181.0827949,7143.5382528,66.9826169,67.0747933,66.7246876,71.1479776,71.1790028,70.8080364,62.9473962,63.0987628,62.7688663,7455.6578415,3218.4930926,4237.164749,22405.9740046,11025.2710028,11380.7030017
2024-09-01,14427.6618271,14445.832588,14414.9948748,7534.9796924,7547.6404829,7531.0574639,6892.6821347,6898.192105,6883.9374109,9966.3155686,9977.9980812,9911.2394916,6039.8710966,6046.8203814,6009.5798856,3926.444472,3931.1776998,3901.659606,4461.3462586,4467.8345068,4503.7553832,1495.1085958,1500.8201015,1521.4775784,2966.2376627,2967.0144052,2982.2778048,64.3060259,64.3747857,64.2373639,68.2542689,68.3540372,68.2038556,60.4813938,60.5199013,60.3948406,611.6584053,606.0612233,583.621633,326.2244292,318.2470194,306.1221718,285.433976,287.8142039,277.4994612,408.5230668,400.7369119,379.8234307,235.6885566,232.6751037,223.3382519,172.8345102,168.0618082,156.4851788,203.1353384,205.3243114,203.7982023,90.5358726,85.5719157,82.7839198,112.5994658,119.7523957,121.0142825,4.0670615,4.0264782,3.8911698,4.1498023,4.0459137,3.9060247,3.9764469,4.0052039,3.8749132,3.937633,3.8611344,3.6908086,3.755658,3.7053152,3.5832053,4.2162173,4.099829,3.8560768,4.3549392,4.3936943,4.3291743,5.7097208,5.3941217,5.160251,3.6572076,3.8795414,3.8995454,15039.3202324,15051.8938113,14998.6165078,7861.2041216,7865.8875024,7837.1796357,7178.1161107,7186.0063089,7161.4368721,67.0322696,67.0755688,66.8381498,71.2093146,71.236192,70.9762037,62.9859986,63.0449814,62.8294264,7441.5864962,3204.8023667,4236.7841295,22440.203004,11041.9820024,11398.2210016
2024-10-01,14457.621415,14444.5598215,14431.5849719,7550.8923256,7544.496157,7541.8581604,6906.7290894,6900.0636645,6889.7268115,9985.0680298,9965.7000923,9914.7264946,6046.4749443,6044.4087326,6025.572149,3938.5930855,3921.2913596,3889.1543456,4472.5533852,4478.8597293,4516.8584772,1504.4173813,1500.0874244,1516.2860114,2968.1360039,2978.7723049,3000.5724659,64.3451759,64.2818128,64.2240716,68.3012245,68.2373505,68.2134907,60.5133134,60.4503939,60.3598343,609.8917898,616.1999651,590.7161532,324.7822431,326.1093043,311.2143326,285.1095468,290.0906608,279.5018206,409.2038094,409.8646833,387.1998907,235.62457,233.028174,220.5830978,173.5792393,176.8365093,166.616793,200.6879805,206.3352818,203.5162625,89.157673,93.0811303,90.6312348,111.5303074,113.2541515,112.8850277,4.0477269,4.0914268,3.9322614,4.1238657,4.1433827,3.9629627,3.9643485,4.034554,3.8986317,3.9368204,3.9502879,3.7585193,3.7507297,3.7121548,3.531502,4.2211081,4.3150559,4.1081409,4.2944065,4.4039849,4.3114429,5.5948211,5.8425162,5.6400686,3.6215062,3.6627808,3.6257128,15067.5132049,15060.7597866,15022.3011251,7875.6745687,7870.6054613,7853.0724929,7191.8386362,7190.1543253,7169.2286321,67.0595639,67.0240529,66.8529025,71.2390262,71.186896,71.0283164,63.011301,62.9918334,62.8085067,7448.3778793,3203.1835097,4245.1943696,22470.6790044,11056.2560027,11414.4230017
2024-11-01,14484.6293199,14467.3917002,14536.1939714,7563.1698649,7546.3775909,7594.7111343,6921.459455,6921.0141093,6941.4828372,9998.6771666,10021.7435053,10061.0189332,6049.8118676,6071.7201544,6111.0252378,3948.8652991,3950.0233509,3949.9936954,4485.9521533,4445.6481948,4475.1750382,1513.3579973,1474.6574365,1483.6858965,2972.5941559,2970.9907584,2991.4891418,64.365592,64.2962124,64.6019845,68.3094865,68.1660729,68.6026675,60.5458435,60.5482321,60.727302,608.4641792,592.3666251,548.6732148,324.1659659,319.2851692,297.8425076,284.2982134,273.0814558,250.8307072,410.488055,396.1328987,368.9798696,236.2839105,232.5003435,217.2751021,174.2041445,163.6325552,151.7047675,197.9761242,196.2337264,179.6933452,87.8820554,86.7848258,80.5674055,110.0940689,109.4489007,99.1259397,4.031408,3.9334404,3.6372426,4.1099552,4.0592278,3.7737153,3.9454312,3.7959109,3.4874829,3.9435252,3.8024342,3.5376789,3.7588341,3.688011,3.433388,4.2251082,3.9777891,3.6985841,4.2267113,4.2274605,3.8603314,5.4883748,5.5579913,5.1505345,3.5713657,3.5530286,3.2073208,15093.0934991,15059.7583253,15084.8671862,7887.3358308,7865.6627601,7892.5536419,7205.7576683,7194.0955652,7192.3135443,67.0694346,66.9288176,67.0404068,71.2373079,71.0501608,71.2930648,63.0327576,62.937275,62.921685,7416.2898184,3178.0233612,4238.2664572,22501.1570046,11070.5770031,11430.5800015
2024-12-01,14509.0153359,14521.5664459,14643.324326,7570.9222046,7600.2924705,7646.8077086,6938.0931312,6921.2739754,6996.5166174,10009.617078,10004.3019513,10123.976682,6051.128311,6047.2312585,6112.6680818,3958.488767,3957.0706928,4011.3086002,4499.3982579,4517.2644946,4519.347644,1519.7938936,1553.0612121,1534.1396268,2979.6043642,2964.2032825,2985.2080172,64.3673902,64.4496848,64.9900712,68.2691139,68.5646477,68.9842764,60.5887716,60.4648276,61.1221536,607.6501345,603.7021497,576.5446819,324.0630222,324.4884066,313.8225796,283.5871123,279.2137431,262.7221023,412.6112944,414.2367946,394.9501747,237.4845047,235.66081,225.3951661,175.1267897,178.5759846,169.5550086,195.0388401,189.4653551,181.5945072,86.5785175,88.8275966,88.4274134,108.4603226,100.6377585,93.1670937,4.0197366,3.9913483,3.7881054,4.1046691,4.0946041,3.9421826,3.9268855,3.877706,3.6191412,3.9589546,3.9759587,3.7546622,3.7764212,3.7508333,3.5562152,4.2366492,4.31797,4.055502,4.15468,4.0254138,3.8629386,5.3896915,5.410086,5.4498465,3.5122426,3.2836208,3.0265023,15116.6654703,15125.2685956,15219.8690078,7894.9852268,7924.7808771,7960.6302882,7221.6802435,7200.4877185,7259.2387197,67.0631523,67.1290385,67.5488945,71.1912805,71.4919605,71.8153694,63.0652726,62.9040621,63.4173158,7311.7639968,3124.2257146,4187.5382822,22531.6330046,11084.8560028,11446.7770019
2025-01-01,14530.660676,14552.9210494,14356.8133149,7574.4172933,7578.0879976,7502.7795674,6956.2433827,6974.8330518,6854.0337474,10018.9426255,10027.6449218,9980.161545,6050.9063117,6048.4379284,6026.4262755,3968.0363138,3979.2069934,3953.7352695,4511.7180505,4525.2761276,4376.6517699,1523.5109816,1529.6500692,1476.3532919,2988.2070689,2995.6260584,2900.298478,64.3520872,64.4590445,63.5904273,68.1845101,68.2268692,67.5488541,60.6407796,60.8103414,59.7571482,608.6619038,624.6435723,680.4154389,325.067709,324.2206421,358.3406932,283.5941949,300.4229302,322.0747457,415.6837002,424.6866423,470.0369345,239.3834491,246.0183114,274.0641409,176.3002511,178.6683309,195.9727936,192.9782036,199.95693,210.3785045,85.6842598,78.2023307,84.2765524,107.2939438,121.7545993,126.1019521,4.0204038,4.1155718,4.5248726,4.1150494,4.1028598,4.5583922,3.9171348,4.1293795,4.4881532,3.9836951,4.0630805,4.4978757,3.8056029,3.9084919,4.3498858,4.2540042,4.2971065,4.7225682,4.1018207,4.231684,4.5863771,5.3246652,4.8637755,5.4001628,3.4661253,3.9056699,4.1667306,15139.3225799,15177.5646217,15037.2287538,7899.4850023,7902.3086396,7861.1202607,7239.8375776,7275.2559821,7176.1084931,67.0476744,67.2257693,66.6041816,71.1107527,71.1458851,70.7750588,63.1130009,63.4295899,62.5651688,7539.7752509,3246.069742,4293.7055089,22577.0040047,11107.1900027,11469.814002
2025-02-01,14548.4163954,14485.0193669,14541.4138633,7575.1151704,7551.425454,7578.8775922,6973.301225,6933.5939128,6962.5362711,10027.3823672,9997.4328674,10079.0683364,6050.6362633,6021.9345853,6069.4115471,3976.7461039,3975.4982821,4009.6567893,4521.0340282,4487.5864995,4462.3455269,1524.4789071,1529.4908687,1509.4660451,2996.5551211,2958.0956307,2952.8794818,64.3193501,64.029628,64.2789145,68.0739055,67.8504999,68.0971607,60.6835529,60.3295568,60.5813857,612.3440096,612.27467,667.6187881,327.3887973,331.7735127,356.2331026,284.9552124,280.5011573,311.3856855,419.4731175,414.386457,442.7189999,241.8165015,245.0465473,256.6633811,177.656616,169.3399096,186.0556188,192.8708921,197.888213,224.8997883,85.5722958,86.7269654,99.5697215,107.2985963,111.1612476,125.3300668,4.0390059,4.0555259,4.3896203,4.1428489,4.2086152,4.4893274,3.9259458,3.8882376,4.28085,4.0153051,3.979962,4.2076406,3.8429609,3.910121,4.0572295,4.2763456,4.0855614,4.4344226,4.0915312,4.22344,4.7981228,5.3148804,5.3660443,6.1881609,3.4569476,3.6217642,4.0715249,15160.760405,15097.2940369,15209.0326514,7902.5039676,7883.1989668,7935.1106948,7258.2564374,7214.0950701,7273.9219566,67.0265567,66.736129,67.2300588,71.0159906,70.8315263,71.2979596,63.1633102,62.7702118,63.2907686,7413.3373527,3194.3953077,4218.942045,22622.3700042,11129.5060025,11492.8640017
2025-03-01,14561.4763702,14508.911654,14540.3321905,7574.5717053,7569.3565971,7586.7162618,6986.904665,6939.5550569,6953.6159287,10035.264363,9981.9356809,9968.0174562,6051.0717545,6050.8715153,6046.3565569,3984.1926085,3931.0641656,3921.6608993,4526.2120072,4526.9759731,4572.3147344,1523.4999507,1518.4850818,1540.359705,3002.7120564,3008.4908913,3031.9550294,64.2711153,64.0068706,64.145484,67.957144,67.8753992,68.0310655,60.7016348,60.2606401,60.3827398,618.0786073,613.6145585,654.1462507,330.345298,329.3330377,348.500731,287.7333093,284.2815208,305.6455198,423.4010146,421.4043857,447.1388877,244.4597672,240.4806928,250.7549746,178.9412474,180.9236929,196.3839131,194.6775927,192.2101728,207.0073631,85.8855308,88.8523449,97.7457564,108.7920619,103.3578279,109.2616067,4.0717834,4.0576194,4.3051576,4.178985,4.1694642,4.3918236,3.9552939,3.935326,4.2104217,4.0483274,4.0506643,4.2931558,3.883068,3.8224007,3.9820634,4.2982343,4.3999082,4.7688629,4.123748,4.0729517,4.3313122,5.3365419,5.5279211,5.9670002,3.496446,3.3214284,3.4783213,15179.5549775,15122.5262125,15194.4784413,7904.9170033,7898.6896348,7935.2169928,7274.6379742,7223.8365777,7259.2614485,66.9991767,66.7138654,67.0312866,70.9209186,70.8285711,71.1561167,63.2014374,62.7292402,63.0368573,7473.2625633,3216.6240101,4256.6385532,22667.7410046,11151.8410029,11515.9000016
2025-04-01,14570.8717161,14588.98416,14598.3712362,7573.6972369,7584.0728345,7592.7068426,6997.1744792,7004.9113256,7005.6643936,10042.4771985,10040.1836926,10004.029784,6052.6258461,6061.8745402,6036.6659528,3989.8513524,3978.3091525,3967.3638311,4528.3945176,4548.8004674,4594.3414522,1521.0713908,1522.1982943,1556.0408898,3007.3231268,3026.6021731,3038.3005624,64.2146742,64.285721,64.3270847,67.8453701,67.9286687,68.0060014,60.6987006,60.7579314,60.7644632,625.2053079,621.033774,630.771355,333.7201489,326.209009,330.4726438,291.485159,294.824765,300.2987112,427.3029509,430.9805681,442.1085194,247.044882,243.4314135,247.4798863,180.2580688,187.5491547,194.6286331,197.902357,190.0532059,188.6628356,86.6752669,82.7775955,82.9927575,111.2270901,107.2756104,105.6700781,4.1142547,4.0830575,4.1418704,4.2203432,4.1238608,4.17096,3.99916,4.0388414,4.1103234,4.0812982,4.1158801,4.2322675,3.9215523,3.8607391,3.9381627,4.322622,4.5020531,4.6763331,4.1872604,4.0105312,3.9444421,5.3911023,5.1575601,5.0635176,3.5666282,3.4230949,3.361039,15196.077024,15210.0179341,15229.1425912,7907.4173858,7910.2818435,7923.1794864,7288.6596382,7299.7360906,7305.9631048,66.9699902,67.0222791,67.1065511,70.8348436,70.8504423,70.9659633,63.2272599,63.3151291,63.3691398,7464.8304131,3241.5805164,4223.2498967,22693.9730043,11164.7600028,11529.2130015
2025-05-01,14577.203569,14583.0389631,14684.7450096,7573.2015504,7563.7154829,7602.4232551,7004.0020186,7019.3234802,7082.3217545,10049.1080311,10077.5552207,10104.2477369,6055.2581854,6058.5045012,6063.9058039,3993.8498457,4019.0507195,4040.3419331,4528.0955379,4505.4837424,4580.4972727,1517.943365,1505.2109817,1538.5174512,3010.1521729,3000.2727607,3041.9798215,64.1518197,64.1853318,64.6329776,67.7440795,67.6681114,68.0144071,60.6730516,60.8126468,61.358439,633.4316021,622.819493,618.1483033,337.837281,338.2413294,333.3675865,295.5943211,284.5781636,284.7807168,431.3857463,417.2436924,416.5514696,249.7459267,249.1811661,248.2216521,181.6398196,168.0625264,168.3298175,202.0458557,205.5758005,201.5968337,88.0913543,89.0601633,85.1459344,113.9545014,116.5156372,116.4508993,4.1643994,4.095918,4.0394211,4.2704541,4.2804756,4.2008111,4.0494612,3.8962486,3.8655729,4.1160823,3.9757188,3.9593139,3.9610748,3.9504373,3.9324563,4.3501442,4.0138042,3.9995948,4.2714549,4.363685,4.2156601,5.4850218,5.586262,5.2440632,3.6475868,3.7383236,3.686986,15210.6351711,15205.8584561,15302.8933129,7911.0388314,7901.9568123,7935.7908415,7299.5963397,7303.9016438,7367.1024713,66.9394456,66.92659,67.3536762,70.7661139,70.6941575,70.9968507,63.2336747,63.2781197,63.8256667,7417.3116912,3241.875161,4175.4365302,22720.2050041,11177.6660026,11542.5390015
2025-06-01,14583.1652404,14578.0087487,14620.7305535,7574.5286566,7577.0967702,7595.0224967,7008.6365838,7000.9119785,7025.7080569,10055.7850851,10034.5654549,10051.4616965,6059.096534,6043.1664437,6046.5352775,3996.6885511,3991.3990112,4004.926419,4527.3801553,4543.4432939,4569.268857,1515.4321227,1533.9303265,1548.4872192,3011.9480326,3009.5129673,3020.7816378,64.091038,64.0891967,64.2770142,67.6626861,67.7095681,67.8697539,60.6322913,60.583261,60.7978369,642.1841279,658.8386952,638.4743387,342.7344866,360.0254634,350.817463,299.4496413,298.8132318,287.6568757,435.8109698,439.9455372,431.6358803,252.6870562,267.601911,264.6988611,183.1239136,172.3436261,166.9370192,206.3731581,218.893158,206.8384584,90.0474304,92.4235524,86.1186018,116.3257277,126.4696056,120.7198565,4.2178614,4.323983,4.1841914,4.3289516,4.5359697,4.4151086,4.0975111,4.093486,3.933304,4.1539053,4.2001535,4.117446,4.0034176,4.2404014,4.1940903,4.3811514,4.1391517,4.0014977,4.3596095,4.5963396,4.3306912,5.608756,5.6828685,5.2684629,3.7185277,4.0328542,3.8427439,15225.3493683,15236.8474439,15259.2048922,7917.2631432,7937.1222336,7945.8399596,7308.0862251,7299.7252103,7313.3649326,66.9133503,66.9856446,67.0839345,70.7243071,70.9267856,71.0046879,63.2228548,63.1690784,63.2871114,7487.2321125,3244.7450431,4242.4870694,22746.4370047,11190.5850027,11555.852002
2025-07-01,14590.230688,14613.239683,14605.2136992,7577.5001042,7569.5382034,7563.758696,7012.7305837,7043.7014797,7041.4550033,10060.861509,10104.4887025,10152.7355835,6063.5521601,6066.0723082,6077.7351363,3997.3093489,4038.4163943,4075.0004472,4529.369179,4508.7509806,4452.4781157,1513.9479441,1503.4658952,1486.0235596,3015.4212348,3005.2850853,2966.454556,64.0356275,64.1427968,64.1075679,67.5964972,67.5321859,67.4806236,60.5874245,60.8602366,60.8408262,650.5511417,648.9837109,636.101465,348.1992921,347.2510818,344.8803844,302.3518496,301.7326291,291.2210806,440.0749275,439.3050066,434.0138276,255.6187981,255.7741888,254.2050892,184.4561294,183.5308177,179.8087384,210.4762142,209.6787043,202.0876373,92.5804939,91.476893,90.6752952,117.8957202,118.2018114,111.4123421,4.2684893,4.2522226,4.173534,4.3932942,4.3862615,4.3608057,4.1332665,4.1077576,3.9715525,4.190816,4.1664795,4.0995948,4.0451319,4.0458779,4.0146476,4.410963,4.3470657,4.2260118,4.4405713,4.4438239,4.3417076,5.7627672,5.7354341,5.7509584,3.762649,3.7842903,3.6197908,15240.7818297,15262.2233939,15241.3151642,7925.6993963,7916.7892852,7908.6390804,7315.0824333,7345.4341088,7332.6760838,66.8908566,66.9914212,66.8996474,70.7026736,70.6302117,70.5574991,63.1996338,63.4673203,63.3570862,7541.0398403,3300.1469221,4240.8929182,22782.3550045,11208.7860025,11573.569002
2025-08-01,14600.7227474,14599.5695177,14516.9250034,7583.3376464,7575.9577836,7533.3625353,7017.385101,7023.611734,6983.5624681,10066.3342225,10057.0484216,9967.3286216,6070.7079709,6058.3597957,6014.7763466,3995.6262517,3998.6886259,3952.552275,4534.3885249,4542.5210961,4549.5963817,1512.6296756,1517.5979879,1518.5861887,3021.7588493,3024.9231081,3031.010193,63.9942103,63.9819243,63.6197386,67.555176,67.480022,67.1006207,60.5460151,60.5937806,60.2482694,656.728719,648.273253,645.6513021,353.3926022,345.989686,346.3546665,303.3361168,302.283567,299.2966356,442.8260936,441.8851847,441.9291491,257.9725978,255.4469974,258.7558375,184.8534958,186.4381873,183.1733116,213.9026254,206.3880683,203.722153,95.4200044,90.5426886,87.598829,118.482621,115.8453797,116.123324,4.3043147,4.2515736,4.25819,4.4526221,4.3674827,4.3955215,4.1435278,4.1262338,4.1096035,4.2137153,4.2088578,4.2455395,4.0762461,4.0458475,4.1245638,4.4218249,4.4547799,4.429049,4.5048338,4.34601,4.2858931,5.9338965,5.6302717,5.4538442,3.7730417,3.6884406,3.6898124,15257.4514664,15247.8427707,15162.5763055,7936.7302486,7921.9474697,7879.7172017,7320.7212178,7325.895301,7282.8591037,66.8726182,66.8229512,66.449275,70.703328,70.5617963,70.1856459,63.1631998,63.2016275,62.8303476,7655.6956992,3347.2468011,4308.4488981,22818.2720047,11226.9640029,11591.3080018
2025-09-01,14614.5052732,14610.7220639,14580.0036049,7591.4664146,7585.3382662,7568.9745714,7023.0388586,7025.3837978,7011.0290335,10072.955472,10061.5708445,9992.0116357,6080.6693505,6080.1997553,6042.1341066,3992.2861215,3981.3710892,3949.8775291,4541.5498012,4549.1512195,4587.9919692,1510.7970641,1505.1385109,1526.8404647,3030.7527371,3044.0127086,3061.1515045,63.9663104,63.930168,63.7957574,67.5339528,67.4542373,67.3087197,60.5115117,60.5165548,60.3929031,660.0853264,681.3297807,654.560879,357.602188,370.56004,355.3853019,302.4831384,310.7697407,299.175577,443.4173431,451.6706823,426.7263399,259.2786725,260.130808,248.6490916,184.1386706,191.5398743,178.0772483,216.6679834,229.6590984,227.8345391,98.3235155,110.429232,106.7362104,118.3444679,119.2298663,121.0983287,4.32146,4.4554504,4.2965513,4.4986678,4.6576769,4.4847194,4.1291684,4.2361401,4.0925746,4.2164475,4.2962076,4.0957584,4.0896025,4.1027957,3.9525936,4.4090024,4.5900781,4.3139341,4.5535533,4.8057797,4.730954,6.1103883,6.8353204,6.5338966,3.7580443,3.7692293,3.8054312,15274.5905996,15292.0518446,15234.5644839,7949.0686026,7955.8983062,7924.3598733,7325.521997,7336.1535384,7310.2046106,66.8554415,66.9113709,66.6598312,70.7151945,70.7495215,70.4690592,63.1177499,63.1935209,62.9699972,7619.6255203,3320.8021293,4298.823391,22854.1900042,11245.1620026,11609.0280016
2025-10-01,14632.1026935,14644.8820413,14632.3046648,7601.4126189,7615.0368687,7613.7960588,7030.6900746,7029.8451726,7018.508606,10082.1756614,10109.3727538,10059.0288287,6092.5294537,6102.8822145,6084.5097853,3989.6462077,4006.4905393,3974.5190434,4549.9270321,4535.5092875,4573.2758361,1508.8831653,1512.1546542,1529.2862735,3041.0438668,3023.3546333,3043.9895625,63.9517307,64.0023528,63.947386,67.5263819,67.6405575,67.629536,60.4899953,60.4785808,60.381051,660.704115,663.0306977,635.6704081,360.3522385,365.048777,348.2896474,300.3518765,297.9819207,287.3807607,442.0425693,439.4090949,415.1190146,259.6765407,261.7125667,247.7608136,182.3660286,177.6965282,167.3582011,218.6615457,223.6216028,220.5513935,100.6756978,103.3362103,100.5288339,117.9858479,120.2853925,120.0225596,4.3203587,4.3312939,4.1634231,4.5260347,4.574497,4.3743519,4.0969876,4.0664431,3.9335493,4.2002414,4.1654961,3.9632724,4.0879742,4.1120067,3.9126694,4.3711767,4.2468591,4.0406364,4.5854563,4.6987908,4.6007372,6.2548628,6.3965828,6.1681128,3.7348762,3.8263094,3.793366,15292.8068085,15307.912739,15267.9750729,7961.7648574,7980.0856457,7962.0857063,7331.0419511,7327.8270932,7305.8893667,66.8394341,66.8999879,66.7254488,70.7275346,70.8831029,70.7232184,63.0741348,63.0421542,62.8534213,7613.8119313,3296.0072962,4317.8046351,22881.7870042,11258.0930025,11623.6940018
2025-11-01,14653.1457162,14610.2346217,14682.3807552,7612.5027541,7571.2196526,7621.0879325,7040.6429621,7039.0149691,7061.2928227,10094.5041097,10040.5843035,10080.6409548,6104.3140813,6053.6897428,6093.9048302,3990.1900284,3986.8945607,3986.7361246,4558.6416065,4569.6503182,4601.7398004,1508.1886728,1517.5299098,1527.1831023,3050.4529336,3052.1204083,3074.5566981,63.9472844,63.7740205,64.0889401,67.524814,67.1741593,67.6166059,60.4828819,60.481195,60.6726125,659.6396304,659.3753273,611.4559202,361.9697249,362.6364414,338.7460272,297.6699055,296.7388859,272.709893,439.3647914,443.40885,413.4137884,259.8523847,259.8485114,243.0462041,179.5124067,183.5603387,170.3675843,220.274839,215.9664773,198.0421317,102.1173402,102.78793,95.6998231,118.1574988,113.1785472,102.3423087,4.3077704,4.3182198,3.9980545,4.5391056,4.5707464,4.2556921,4.0563807,4.0451042,3.7184319,4.1709727,4.229389,3.9395048,4.0830545,4.1157351,3.8353808,4.3051611,4.4014464,4.0982279,4.6093051,4.5128243,4.1260652,6.3414866,6.3436893,5.8969025,3.7290005,3.5756037,3.221453,15312.7853466,15269.609949,15293.8366754,7974.472479,7933.856094,7959.8339596,7338.3128676,7335.7538549,7334.0027158,66.8259948,66.6522095,66.7579597,70.7355765,70.3915799,70.6220635,63.0400253,63.0308589,63.0158126,7615.5463284,3311.1960426,4304.3502858,22909.3830038,11271.0300022,11638.3530016
2025-12-01,14676.9901963,14674.5591764,14797.8670577,7624.1576774,7620.4401993,7667.2761436,7052.8325188,7054.1189771,7130.5909141,10109.6204894,10095.2959793,10212.0858606,6114.4407116,6116.8652973,6182.3862727,3995.1797778,3978.430682,4029.6995878,4567.3697068,4579.2631971,4585.7811972,1509.7169658,1503.574902,1484.8898709,3057.652741,3075.6882951,3100.8913263,63.9487348,63.9777302,64.5153244,67.5222093,67.5333495,67.9484158,60.4888167,60.5347164,61.1909581,658.0012961,628.9962282,599.5849114,363.01232,347.6162405,335.0859119,294.9889762,281.3799877,264.4989995,436.4502127,421.4093481,401.3539523,260.2933615,259.4939661,247.6251447,176.1568512,161.915382,153.7288076,221.5510834,207.5868801,198.2309591,102.7189584,88.1222744,87.4607672,118.832125,119.4646057,110.7701919,4.2908488,4.1101313,3.8940528,4.544943,4.3626227,4.1873376,4.0146454,3.835867,3.576684,4.1385102,4.0070472,3.7815634,4.0832034,4.0696259,3.8510841,4.2230313,3.9106727,3.6747087,4.6263259,4.3366071,4.1436132,6.3704211,5.5363719,5.5624213,3.7409945,3.7389324,3.4489996,15334.9914924,15303.5554046,15397.4519692,7987.1699974,7968.0564398,8002.3620555,7347.821495,7335.4989648,7395.0899136,66.8156952,66.7200102,67.1293778,70.7371735,70.6139706,70.9179915,63.0187979,62.9493706,63.4607485,7539.5280355,3281.6039474,4257.9240881,22936.9800046,11283.9660029,11653.0140017
2026-01-01,14703.5067004,14700.1617369,14505.9762999,7636.4170241,7636.7956936,7561.3928397,7067.0896763,7063.3660433,6944.5834602,10126.2724932,10149.5527618,10099.3296194,6122.2968435,6140.1494848,6117.0867948,4003.9756497,4009.403277,3982.2428246,4577.2342072,4550.6089751,4406.6466805,1514.1201806,1496.6462088,1444.3060449,3063.1140265,3053.9627663,2962.3406356,63.9555264,63.952054,63.1072634,67.5185358,67.5330831,66.8662868,60.5067648,60.4844123,59.4672635,656.6580129,624.1987744,679.531762,363.8320537,337.4169151,372.6446407,292.8259592,286.7818593,306.8871213,434.540249,402.3851272,444.8679222,261.2535914,235.2674917,262.1366213,173.2866576,167.1176355,182.731301,222.1177639,221.8136472,234.6638397,102.5784623,102.1494234,110.5080194,119.5393016,119.6642238,124.1558203,4.2750714,4.0732452,4.4748701,4.5477591,4.2313509,4.6967845,3.9786592,3.9017155,4.2320674,4.1146478,3.8133766,4.219078,4.0926064,3.6902291,4.1092247,4.1483308,4.00136,4.3873334,4.6280782,4.6478207,5.0559823,6.344934,6.3891483,7.1074749,3.7559636,3.7705825,4.0225486,15360.1647133,15324.3605112,15185.5080619,8000.2490778,7974.2126087,7934.0374803,7359.9156355,7350.1479026,7251.4705815,66.8117776,66.6675883,66.0635201,70.7354119,70.5169006,70.1616272,63.013872,62.9401582,62.095173,7800.7149422,3374.1915221,4426.5234202,22986.2230041,11308.2290024,11677.9940017
2026-02-01,14732.0191147,14749.8148511,14806.3722516,7648.708821,7660.2545684,7688.3360011,7083.3102937,7089.5602827,7118.0362505,10143.6873693,10121.8576116,10202.3190639,6128.031496,6108.6264504,6155.2997088,4015.6558733,4013.2311612,4047.0193551,4588.3317454,4627.9572396,4604.0531877,1520.677325,1551.628118,1533.0362923,3067.6544204,3076.3291215,3071.0168955,63.9667436,64.0308997,64.2764229,67.5109106,67.5955591,67.843355,60.5376443,60.5790924,60.8224147,655.7913475,659.9858125,719.6358169,364.4846939,365.6982589,393.570579,291.3066537,294.2875536,326.065238,433.9626823,434.170802,462.5904041,262.5440527,262.9711361,275.4736899,171.4186295,171.1996659,187.1167142,221.8286653,225.8150105,257.0454128,101.9406411,102.7271228,118.0968891,119.8880241,123.0878877,138.9485237,4.2617587,4.2828965,4.6350344,4.5485572,4.5564467,4.8697739,3.9501259,3.9855582,4.3801826,4.1026379,4.1130128,4.3374996,4.1083006,4.1272402,4.283679,4.0939952,4.0913489,4.4192419,4.6116688,4.6523611,5.287805,6.2824795,6.209496,7.1524751,3.7611428,3.8471974,4.3286611,15387.8104622,15409.8006636,15526.0080685,8013.1935149,8025.9528274,8081.90658,7374.6169473,7383.8478363,7444.1014885,66.8142037,66.8959855,67.4004572,70.7280148,70.8225508,71.3162975,63.0273021,63.0937297,63.608587,7509.4559361,3250.5754227,4258.8805134,23035.4640046,11332.4820028,11702.9820018
2026-03-01,14762.7710497,14767.6930508,14799.4551701,7661.7165107,7670.3258578,7687.3459978,7101.054539,7097.367193,7112.1091723,10161.1706341,10174.3844854,10162.1682051,6132.611682,6137.4693074,6133.383601,4028.5589521,4036.9151779,4028.7846041,4601.6004156,4593.3085654,4637.2869649,1529.1048287,1532.8565503,1553.9623968,3072.4955869,3060.452015,3083.3245682,63.9840534,63.9717587,64.1093481,67.5060875,67.5398026,67.6896707,60.5780072,60.5166491,60.6423486,655.6437314,656.3305253,697.2954321,365.2798852,366.1991641,386.4512409,290.3638462,290.1313612,310.8441912,434.6518465,438.7992772,463.5922401,264.0652891,266.2803002,276.6739585,170.5865574,172.518977,186.9182816,220.9918849,217.5312481,233.703192,101.2145961,99.9188639,109.7772824,119.7772888,117.6123842,123.9259096,4.252342,4.2552485,4.4996235,4.5506422,4.5566854,4.7864868,3.9283914,3.9273288,4.187608,4.1021058,4.1344736,4.3629088,4.1281636,4.1581935,4.3162476,4.0624112,4.0983888,4.433858,4.5824293,4.5216897,4.797858,6.2082678,6.1195718,6.5982247,3.7521006,3.7007552,3.8639299,15418.4147811,15424.0235761,15496.7506022,8026.9963959,8036.5250219,8073.7972387,7391.4183852,7387.4985542,7422.9533635,66.8257112,66.8148986,67.1299428,70.7245068,70.7643096,71.092504,63.0550566,62.9904929,63.2928031,7587.9564025,3282.9517642,4305.0046383,23084.7070047,11356.7490029,11727.9580018
